sample,datetime,id,branch,SUBWS,ec,ph,turb,tn,nh4n,no3n,tp,po4,doc,time_round,date_group,tn_avg,nh4n_avg,no3n_avg,tp_avg,po4_avg,doc_avg,volume_cf,rainfall_mm,mean_Q_cfs,sd_Q_cfs,min_Q_cfs,max_Q_cfs,volume_liters,rain_ft,runoff_ft,runoff_ratio,vol_shift,rain_liters,tn_avg_grams,nh4n_avg_grams,no3n_avg_grams,tp_avg_grams,po4_avg_grams,doc_avg_grams,tn_avg_kg,nh4n_avg_kg,no3n_avg_kg,tp_avg_kg,po4_avg_kg,doc_avg_kg,tn_avg_ha,nh4n_avg_ha,no3n_avg_ha,tp_avg_ha,po4_avg_ha,doc_avg_ha
11,2016-05-26T16:13:00Z,UQL,SF,UQL,186,6.89,5.22,0.23,0.02,0,0.012,0.003,1.32,2016-05-26T16:10:00Z,2,NA,NA,NA,NA,NA,NA,3397.9157999999998,2.3019000000000003,8.769267575100651e-4,0.0015602664043243898,0,0.0504,96218.2618274826,6.041743823707022e-12,0.0025254161038285377,417994568.7069901,NA,287737.50000000006,NA,NA,NA,NA,NA,NA,NA,NA,NA,NA,NA,NA,NA,NA,NA,NA,NA,NA
62,2016-10-27T16:28:00Z,UQL,SF,UQL,137,7.56,13.7,0.17,0.01,0.01,0.012,0.007,5.07,2016-10-27T16:30:00Z,3,0.2,0.015,0.005,0.012,0.005,3.1950000000000003,72660.942,4.4295,0.06162929770992367,0.08399911190440469,0.0065,0.408,2057528.7774898738,1.162600645862559e-11,0.05400343147000622,4645054315.2709055,96218.2618274826,553687.5,19.24365236549652,1.4432739274122388,0.48109130913741294,1.154619141929791,0.48109130913741294,307.4173465388069,0.019243652365496522,0.001443273927412239,4.8109130913741294e-4,0.001154619141929791,4.8109130913741294e-4,0.3074173465388069,0.0015394921892397217,1.1546191419297911e-4,3.8487304730993036e-5,9.236953135438329e-5,3.8487304730993036e-5,0.024593387723104553
71,2016-11-10T07:00:00Z,2  uq  02,SF,UQL,130,8.03,22.7,0.29,0.01,0,0.065,0.002,6.03,2016-11-10T07:00:00Z,4,0.22999999999999998,0.01,0.005,0.0385,0.0045000000000000005,5.550000000000001,472103.01,9.4566,0.17586909924005364,0.38878367548105885,0.00267,2.47,13368468.70240947,2.4820519850240153e-11,0.3508787781380355,14136640983.151709,2057528.7774898738,1182075,473.23161882267095,20.575287774898737,10.287643887449368,79.21485793336014,9.258879498704433,11419.284715068801,0.47323161882267095,0.020575287774898737,0.010287643887449368,0.07921485793336014,0.009258879498704433,11.4192847150688,0.03785852950581368,0.001646023021991899,8.230115109959495e-4,0.006337188634668811,7.407103598963547e-4,0.913542777205504
100,2016-12-11T08:40:00Z,D 5 UQ 07,SF,UQL,99,7.3,29.9,0.28,0,0.02,0.042,0.004,3.13,2016-12-11T08:40:00Z,5,0.28500000000000003,0.005,0.01,0.053500000000000006,0.003,4.58,24642,0.01,0.555,0.09118669693891832,0.424,0.735,697783.743774,2.6246769293657504e-14,0.018314551417237247,697783076169.4138,13368468.70240947,1250,3810.0135801866995,66.84234351204736,133.68468702409473,715.2130755789067,40.10540610722841,61227.586657035376,3.8100135801866997,0.06684234351204736,0.13368468702409472,0.7152130755789067,0.04010540610722841,61.227586657035374,0.304801086414936,0.005347387480963789,0.010694774961927578,0.05721704604631253,0.0032084324885782727,4.89820693256283
101,2016-12-11T21:00:00Z,D 5 UQ 09,SF,UQL,93,7.31,25.1,0.3,0.06,0.02,0.039,0.003,2.57,2016-12-11T21:00:00Z,6,0.29000000000000004,0.03,0.02,0.0405,0.0035,2.8499999999999996,118027.44,2.9,0.35127214285714287,0.6273114792472715,0.0929,3.08,3342164.96028168,7.611563095160676e-12,0.0877209487267626,11524695733.328985,697783.743774,362500,202.35728569446002,20.93351231322,13.95567487548,28.260241622846998,2.442243103209,1988.6836697558995,0.20235728569446002,0.02093351231322,0.013955674875479999,0.028260241622846998,0.0024422431032089997,1.9886836697558996,0.016188582855556802,0.0016746809850576,0.0011164539900384,0.00226081932982776,0.00019537944825671996,0.15909469358047196
110,2016-12-15T18:20:00Z,D 6 UQ 05,SF,UQL,90,7.48,31.2,0.35,0.03,0.02,0.049,0.003,4.47,2016-12-15T18:20:00Z,7,0.32499999999999996,0.045,0.02,0.044,0.003,3.5199999999999996,153983.4,0.29,1.745843537414966,0.8191521903579474,0.653,2.97,4360324.3783398,7.611563095160676e-13,0.11444431850909056,150355869193.08682,3342164.96028168,36250,1086.2036120915457,150.3974232126756,66.8432992056336,147.0552582523939,10.02649488084504,11764.420660191512,1.0862036120915457,0.15039742321267557,0.06684329920563359,0.14705525825239393,0.01002649488084504,11.764420660191512,0.08689628896732365,0.012031793857014045,0.005347463936450687,0.011764420660191515,8.021195904676032e-4,0.9411536528153209
119,2016-12-16T18:50:00Z,D 6 UQ 09,SF,UQL,96,7.38,23.5,0.22,0.04,0.02,0.033,0.003,2.81,2016-12-16T18:50:00Z,8,0.285,0.035,0.02,0.041,0.003,3.6399999999999997,134243.34,1.75,0.09025369100443727,0.09611466997075063,0.0172,0.643,3801348.1195489797,4.5931846263900636e-12,0.09977301164076217,21721968472.05271,4360324.3783398,218750,1242.692447826843,152.61135324189303,87.206487566796,178.7732995119318,13.0809731350194,15871.580737156872,1.242692447826843,0.15261135324189304,0.087206487566796,0.1787732995119318,0.0130809731350194,15.871580737156872,0.09941539582614745,0.012208908259351442,0.00697651900534368,0.014301863960954543,0.001046477850801552,1.2697264589725499
129,2017-01-03T00:00:00Z,11 DU 23,SF,UQL,92,7.45,31.9,0.07,0,0,0.027,0.001,5.13,2017-01-03T00:00:00Z,9,0.14500000000000002,0.02,0.01,0.03,0.002,3.9699999999999998,4972.32,1.1400000000000001,0.04962395209580838,0.06298478034709008,0.019,0.277,140800.42467503998,2.9921316994769555e-012,0.003695552727171378,1235090262.8441741,3801348.1195489797,142500.00000000003,551.1954773346022,76.02696239097959,38.013481195489796,114.04044358646938,7.60269623909796,15091.352034609448,0.5511954773346022,0.07602696239097959,0.03801348119548979,0.11404044358646938,0.00760269623909796,15.091352034609448,0.04409563818676818,0.006082156991278367,0.0030410784956391834,0.00912323548691755,6.082156991278368e-4,1.2073081627687559
120,2017-01-04T03:50:00Z,7 UQ 01,SF,UQL,94,7.63,44.7,0.09,0,0,0.03,0.001,6.04,2017-01-04T03:50:00Z,10,0.08,0,0,0.028499999999999998,0.001,5.585,11192.4,0.07,0.3806938775510204,0.06669058031987246,0.279,0.498,316933.4783628,1.8372738505560255e-13,0.008318471929319298,45276167876.67133,140800.42467503998,8750.000000000002,11.264033974003198,0,0,4.012812103238639,0.14080042467503998,786.3703718100983,0.011264033974003197,0,0,0.004012812103238639,1.4080042467504e-4,0.7863703718100983,9.011227179202558e-4,0,0,3.210249682590911e-4,1.1264033974003199e-5,0.06290962974480786
121,2017-01-04T12:00:00Z,7 UQ 02,SF,UQL,100,7.56,41.4,0.09,0,0,0.044,0,4.76,2017-01-04T12:00:00Z,11,0.09,0,0,0.037,5e-4,5.4,14832.6,0,0.5045102040816326,0.016781838458310126,0.469,0.525,420012.4648122,0,0.011023959717202873,Inf,316933.4783628,0,28.524013052652,0,0,11.726538699423598,0.15846673918139997,1711.44078315912,0.028524013052651998,0,0,0.011726538699423597,1.584667391814e-4,1.71144078315912,0.0022819210442121597,0,0,9.381230959538878e-4,1.2677339134512e-5,0.1369152626527296
122,2017-01-04T20:10:00Z,7 UQ 03,SF,UQL,101,7.54,37.9,0.09,0.01,0,0.044,0.001,3.85,2017-01-04T20:10:00Z,12,0.09,0.005,0,0.044,5e-4,4.305,19359,0,0.38410714285714287,0.0450528519234596,0.311,0.466,548185.841073,0,0.01438809353487119,Inf,420012.4648122,0,37.801121833097994,2.1000623240609997,0,18.480548451736798,0.2100062324061,1808.1536610165208,0.037801121833098,0.0021000623240609996,0,0.0184805484517368,2.100062324061e-4,1.8081536610165208,0.00302408974664784,1.6800498592487996e-4,0,0.001478443876138944,1.6800498592488e-5,0.14465229288132167
123,2017-01-05T10:10:00Z,7 UQ 05,SF,UQL,106,7.51,30.4,0.13,0.1,0,0.03,0.004,3.31,2017-01-05T10:10:00Z,13,0.11,0.055,0,0.037,0.0025,3.58,738,0,0.3075,0.0017320508075688787,0.306,0.309,20897.833086,0,5.485000789676604e-4,Inf,548185.841073,0,60.30044251803,30.150221259015,0,20.282876119700997,1.3704646026825,1962.50531104134,0.060300442518030004,0.030150221259015002,0,0.020282876119700997,0.0013704646026825,1.96250531104134,0.0048240354014424,0.0024120177007212,0,0.0016226300895760797,1.0963716821460001e-4,0.1570004248833072
124,2017-01-05T10:50:00Z,7 UQ 07,SF,UQL,94,7.47,36,0.08,0,0,0.033,0.001,5.33,2017-01-05T10:50:00Z,14,0.10500000000000001,0.05,0,0.0315,0.0025,4.32,181876.2,2.7800000000000002,0.5217332185886403,0.7071824737072893,0.106,3.03,5150160.5283414,7.296601863636786e-12,0.13517494588392684,18525739571.67408,20897.833086,347500.00000000006,2.19427247403,1.0448916543,0,0.6582817422089999,0.052244582715,90.27863893152,0.00219427247403,0.0010448916543,0,6.582817422089999e-4,5.2244582715e-5,0.09027863893152001,1.7554179792239998e-4,8.359133234400001e-5,0,5.2662539376719997e-5,4.1795666172e-6,0.007222291114521601
125,2017-01-09T11:40:00Z,7 UQ 11,SF,UQL,89,7.48,28,0.13,0.09,0,0.035,0.003,4.19,2017-01-09T11:40:00Z,15,0.10500000000000001,0.045,0,0.034,0.002,4.76,591244.14,5.99,0.6357463870967742,1.0475653689779731,0.0557,6.44,16742169.85202658,1.5721814806900847e-11,0.4394274491587622,27950173345.50222,5150160.5283414,748750,540.7668554758471,231.757223775363,0,175.10545796360762,10.300321056682801,24514.764114905065,0.5407668554758471,0.231757223775363,0,0.17510545796360763,0.0103003210566828,24.514764114905066,0.04326134843806777,0.01854057790202904,0,0.01400843663708861,8.24025684534624e-4,1.9611811291924053
127,2017-01-20T06:00:00Z,11 DU 16,SF,UQL,97,7.47,26.3,0.14,0.04,0,0.047,0.006,3.78,2017-01-20T06:00:00Z,16,0.135,0.065,0,0.041,0.0045000000000000005,3.9850000000000003,14247,0.77,0.6595833333333333,0.11879138376642835,0.561,1.01,403430.11920899997,2.021001235611628e-12,0.010588727134217152,5239347184.769345,16742169.85202658,96250,2260.1929300235884,1088.2410403817278,0,686.4289639330898,75.33976433411962,66717.54686032592,2.2601929300235883,1.0882410403817278,0,0.6864289639330897,0.07533976433411962,66.71754686032592,0.18081543440188708,0.08705928323053821,0,0.05491431711464718,0.00602718114672957,5.337403748826074
128,2017-01-20T12:00:00Z,11 DU 19,SF,UQL,97,7.44,28,0.14,0.04,0.01,0.05,0.012,4.9,2017-01-20T12:00:00Z,17,0.14,0.04,0.005,0.0485,0.009000000000000001,4.34,79890,0.6,1.5851190476190475,0.27391184074495,1.08,2.05,2262232.9068299998,1.5748061576194502e-12,0.05937624838580812,37703845707.31168,403430.11920899997,75000,56.48021668926,16.13720476836,2.017150596045,19.5663607816365,3.6308710728810003,1750.8867173670599,0.05648021668926,0.01613720476836,0.002017150596045,0.0195663607816365,0.003630871072881,1.7508867173670597,0.0045184173351408,0.0012909763814688,1.613720476836e-4,0.00156530886253092,2.9046968583048004e-4,0.14007093738936477
130,2017-01-21T02:00:00Z,11 DU 24,SF,UQL,85,7.5,26.8,0.13,0.01,0.01,0.024,0,4.31,2017-01-21T02:00:00Z,18,0.135,0.025,0.01,0.037000000000000005,0.006,4.605,229396.8,1.84,0.9879276485788113,0.2326620332042071,0.624,1.51,6495794.0878896,4.829405550032981e-12,0.1704934456841851,35303194962.16688,2262232.9068299998,230000,305.40144242204997,56.55582267075,22.622329068299997,83.70261755271,13.57339744098,10417.58253595215,0.30540144242205,0.05655582267075,0.022622329068299998,0.08370261755271,0.01357339744098,10.41758253595215,0.024432115393763998,0.004524465813660001,0.0018097863254639998,0.0066962094042168,0.0010858717952784,0.833406602876172
126,2017-01-23T18:30:00Z,11 DU 19 MAN-UAC,SF,UQL,90,7.4,23.9,0.06,0.02,0,0.03,0.001,3.36,2017-01-23T18:30:00Z,19,0.095,0.015,0.005,0.027,5e-4,3.835,376709.28,5.35,0.2917513011152416,0.5470468488171044,0.0345,4.44,10667219.04524016,1.4042021572106762e-11,0.2799797694144316,19938708110.98786,6495794.0878896,668749.9999999999,617.1004383495119,97.43691131834399,32.478970439448,175.3864403730192,3.2478970439448,24911.37032705661,0.6171004383495119,0.09743691131834399,0.032478970439448,0.1753864403730192,0.0032478970439447996,24.911370327056613,0.049368035067960954,0.0077949529054675195,0.00259831763515584,0.014030915229841536,2.5983176351558395e-4,1.992909626164529
187,2017-02-07T17:10:00Z,DU,SF,UQL,81,7.67,38.5,0.1,0,0,0.048,0.002,4.36,2017-02-07T17:10:00Z,20,0.08,0.01,0,0.039,0.0015,3.8600000000000003,113474.4,0.5700000000000001,1.2361045751633988,0.5633131568464371,0.712,2.83,3213237.2232167996,1.4960658497384778e-12,0.08433701539404861,56372528928.98483,10667219.04524016,71250.00000000001,853.3775236192128,106.6721904524016,0,416.02154276436625,16.00082856786024,41175.46551462702,0.8533775236192128,0.1066721904524016,0,0.41602154276436626,0.01600082856786024,41.17546551462702,0.06827020188953703,0.008533775236192129,0,0.0332817234211493,0.001280066285428819,3.2940372411701615
186,2017-02-08T18:40:00Z,DU,SF,UQL,87,7.57,30.4,0.13,0,0,0.039,0.002,3.11,2017-02-08T18:40:00Z,21,0.115,0,0,0.0435,0.002,3.7350000000000003,115546.2,1.94,1.37555,1.087642909323386,0.729,5.4,3271904.0668313997,5.091873242969555e-12,0.08587682903037003,16865468744.521826,3213237.2232167996,242500,369.52228066993194,0,0,139.77581920993077,6.426474446433599,12001.441028714748,0.369522280669932,0,0,0.1397758192099308,0.006426474446433599,12.001441028714748,0.02956178245359456,0,0,0.011182065536794463,5.14117955714688e-4,0.9601152822971798
188,2017-02-09T18:00:00Z,DU manual,SF,UQL,74,7.57,45.1,0.17,0.03,0,0.057,0.004,5.52,2017-02-09T18:00:00Z,22,0.15000000000000002,0.015,0,0.048,0.003,4.3149999999999995,50418,0.05,4.668333333333333,0.4728791662595773,3.91,5.38,1427678.792046,1.3123384646828754e-13,0.03747192002898578,285535485222.8675,3271904.0668313997,6250,490.78561002471,49.078561002471,0,157.05139520790718,9.815712200494199,14118.266048377487,0.49078561002471,0.049078561002470995,0,0.1570513952079072,0.0098157122004942,14.118266048377487,0.0392628488019768,0.00392628488019768,0,0.012564111616632576,7.85256976039536e-4,1.129461283870199
189,2017-02-09T21:00:00Z,DU01,SF,UQL,74,7.54,40.8,0.25,0.18,0,0.051,0.002,4.48,2017-02-09T21:00:00Z,23,0.21000000000000002,0.105,0,0.054,0.003,5,83634,0.21,2.323166666666667,0.7078027391258982,1.45,3.83,2368251.181998,5.511821551668075e-13,0.062158882932766,112773757913.0342,1427678.792046,26249.999999999996,299.81254632966005,149.90627316483,0,77.094654770484,4.283036376138001,7138.393960230001,0.29981254632966003,0.14990627316483,0,0.07709465477048401,0.004283036376138001,7.13839396023,0.023985003706372802,0.0119925018531864,0,0.00616757238163872,3.4264291009104006e-4,0.5710715168184
190,2017-02-10T07:00:00Z,DU05,SF,UQL,79,7.49,38.4,0.26,0.16,0,0.048,0.002,3.51,2017-02-10T07:00:00Z,24,0.255,0.16999999999999998,0,0.0495,0.002,3.995,70669.2,0.14,0.8179305555555556,0.25698024883363757,0.487,1.43,2001128.9240124,3.674547701112051e-13,0.05252311894387722,142937643530.8809,2368251.181998,17500.000000000004,603.9040514094901,402.60270093965994,0,117.22843350890102,4.736502363996,9461.16347208201,0.6039040514094901,0.40260270093965994,0,0.11722843350890101,0.004736502363996,9.46116347208201,0.04831232411275921,0.032208216075172796,0,0.009378274680712081,3.7892018911968e-4,0.7568930777665608
191,2017-02-11T07:00:00Z,DU17,SF,UQL,87,7.49,27.1,0.22,0.13,0,0.039,0.004,2.58,2017-02-11T07:00:00Z,25,0.24,0.14500000000000002,0,0.0435,0.003,3.045,350845.32,4.26,0.42744312865497075,0.32826875958420676,0.0803,1.46,9934833.24710604,1.1181123719098096e-11,0.2607570267282305,23321182492.850903,2001128.9240124,532500,480.270941762976,290.163693981798,0,87.0491081945394,6.0033867720372,6093.437573617758,0.480270941762976,0.29016369398179803,0,0.0870491081945394,0.0060033867720372,6.093437573617758,0.03842167534103808,0.023213095518543843,0,0.006963928655563152,4.80270941762976e-4,0.48747500588942067
212,2017-02-20T19:00:00Z,DU13,SF,UQL,91,7.39,24.4,0.33,0.16,0,0.027,0,3.24,2017-02-20T19:00:00Z,26,0.275,0.14500000000000002,0,0.033,0.002,2.91,22000.8,0.6,0.7639166666666667,0.1872922205712902,0.58,1.23,622993.2874775999,1.5748061576194502e-12,0.01635154544356599,10383211523.813028,9934833.24710604,75000,2732.0791429541614,1440.5508208303759,0,327.8494971544993,19.86966649421208,28910.36474907858,2.7320791429541615,1.4405508208303759,0,0.32784949715449935,0.019869666494212082,28.91036474907858,0.21856633143633292,0.11524406566643007,0,0.02622795977235995,0.0015895733195369665,2.312829179926286
213,2017-02-21T03:00:00Z,DU17,SF,UQL,108,7.39,23.6,0.33,0.01,0,0.033,0.009,2.12,2017-02-21T03:00:00Z,27,0.33,0.085,0,0.03,0.0045,2.68,22872,0.47000000000000003,1.5883333333333334,0.226785987349243,1.25,1.95,647662.924584,1.2335981568019028e-12,0.016999043097761964,13780049041.117167,622993.2874775999,58750,205.58778486760798,52.95442943559599,0,18.689798624327995,2.8034697936491995,1669.6220104399679,0.20558778486760798,0.052954429435595994,0,0.018689798624327996,0.002803469793649199,1.669622010439968,0.016447022789408638,0.004236354354847679,0,0.0014951838899462397,2.2427758349193594e-4,0.13356976083519745
214,2017-02-21T07:00:00Z,DU19,SF,UQL,86,7.53,28.6,0.37,0.18,0,0.033,0,3.73,2017-02-21T07:00:00Z,28,0.35,0.095,0,0.033,0.0045,2.925,64026,0.26,1.7785,0.18487581723040514,1.44,2.04,1813014.446022,6.824160016350951e-13,0.047585726363121174,69731258131.55603,647662.924584,32500.000000000004,226.6820236044,61.52797783548,0,21.372876511272004,2.914483160628,1894.4140544082,0.22668202360439998,0.06152797783548,0,0.021372876511272003,0.002914483160628,1.8944140544081998,0.018134561888352,0.0049222382268384,0,0.0017098301209017602,2.3315865285023998e-4,0.15155312435265597
215,2017-02-21T17:00:00Z,DU 24,SF,UQL,84,7.47,28.9,0.35,0.19,0,0.03,0,3.1,2017-02-21T17:00:00Z,29,0.36,0.185,0,0.0315,0,3.415,80430.6,0.09,0.83781875,0.2806462862946993,0.466,1.42,2277540.9943182003,2.362209236429175e-13,0.059778035842027524,253059868364.54324,1813014.446022,11250,652.68520056792,335.40767251407,0,57.10995504969299,0,6191.44433316513,0.65268520056792,0.33540767251407,0,0.057109955049693,0,6.19144433316513,0.0522148160454336,0.0268326138011256,0,0.00456879640397544,0,0.49531554665321037
216,2017-02-22T19:40:00Z,Manual,SF,UQL,89,7.41,27.1,0.14,0.01,0,0.027,0.001,2.54,2017-02-22T19:40:00Z,30,0.245,0.1,0,0.028499999999999998,5e-4,2.8200000000000003,243858.54,4.23,0.10140491516966067,0.14668939544324805,0.02,0.981,6905304.96682338,1.1102383411217125e-11,0.18124177296333113,16324582411.756403,2277540.9943182003,528750.0000000001,557.9975436079591,227.75409943182004,0,64.9099183380687,1.1387704971591002,6422.665603977325,0.5579975436079591,0.22775409943182004,0,0.06490991833806871,0.0011387704971591002,6.422665603977325,0.04463980348863673,0.018220327954545604,0,0.005192793467045497,9.110163977272802e-5,0.513813248318186
255,2017-03-22T16:40:00Z,NA,SF,UQL,110,7.57,42.6,0.65,0,0,0.052,0,2.11,2017-03-22T16:40:00Z,31,0.395,0.005,0,0.0395,5e-4,2.325,32486.4,0.79,0.20824615384615386,0.06212225604060675,0.136,0.357,919912.4183808,2.073494774198943e-12,0.024144705915142284,11644449851.32415,6905304.96682338,98750,2727.5954618952355,34.526524834116906,0,272.7595461895235,3.4526524834116903,16054.83404786436,2.7275954618952354,0.0345265248341169,0,0.2727595461895235,0.0034526524834116905,16.05483404786436,0.21820763695161882,0.002762121986729352,0,0.021820763695161883,2.762121986729352e-4,1.2843867238291489
228,2017-03-24T12:00:00Z,NA,SF,UQL,121,8.09,31.1,0.37,0.14,0.02,0.041,0,2.06,2017-03-24T12:00:00Z,32,0.51,0.07,0.01,0.0465,0,2.085,1751.3999999999999,0.33999999999999997,0.24325,0.03929405460464378,0.19,0.306,49594.1258358,8.923901559843551e-13,0.0013016843337452038,1458649364.3123784,919912.4183808,42499.99999999999,469.155333374208,64.39386928665601,9.199124183808001,42.77592745470721,0,1918.017392323968,0.469155333374208,0.06439386928665601,0.009199124183808001,0.04277592745470721,0,1.918017392323968,0.03753242666993664,0.0051515095429324805,7.359299347046402e-4,0.0034220741963765767,0,0.15344139138591745
229,2017-03-24T14:00:00Z,NA,SF,UQL,109,8.03,31.9,0.31,0.15,0.01,0.041,0,2.83,2017-03-24T14:00:00Z,33,0.33999999999999997,0.14500000000000002,0.015,0.041,0,2.4450000000000003,10338.6,0.44,0.7179583333333334,0.3432721672333798,0.321,1.33,292756.5543942,1.1548578489209301e-12,0.0076839063908063065,6653551688.62207,49594.1258358,55000,16.862002784171995,7.191148246191001,0.743911887537,2.0333591592677998,0,121.257637668531,0.016862002784171996,0.007191148246191001,7.439118875369999e-4,0.0020333591592678,0,0.12125763766853101,0.0013489602227337596,5.752918596952802e-4,5.951295100296e-5,1.62668732741424e-4,0,0.00970061101348248
230,2017-03-24T18:00:00Z,NA,SF,UQL,98,7.92,45.4,0.44,0.17,0.01,0.064,0,4.4,2017-03-24T18:00:00Z,34,0.375,0.16,0.01,0.052500000000000005,0,3.615,56809.2,0,1.3150277777777777,0.25284677608242084,0.892,1.68,1608657.4245924,0,0.04222201989985042,Inf,292756.5543942,0,109.783707897825,46.841048703072,2.927565543942,15.3697191056955,0,1058.314944135033,0.10978370789782499,0.04684104870307199,0.0029275655439419995,0.0153697191056955,0,1.058314944135033,0.008782696631825999,0.0037472838962457596,2.3420524351535997e-4,0.00122957752845564,0,0.08466519553080264
231,2017-03-25T06:00:00Z,NA,SF,UQL,98,7.8,46.1,0.35,0.1,0.01,0.061,0,2.96,2017-03-25T06:00:00Z,35,0.395,0.135,0.01,0.0625,0,3.68,27853.8,0,0.6447638888888889,0.1162032572154517,0.481,0.882,788731.7929685999,0,0.020701641598305447,Inf,1608657.4245924,0,635.419682713998,217.168752319974,16.086574245924,100.541089037025,0,5919.859322500032,0.6354196827139981,0.217168752319974,0.016086574245924,0.100541089037025,0,5.919859322500033,0.05083357461711985,0.017373500185597923,0.00128692593967392,0.008043287122962,0,0.4735887458000026
232,2017-03-25T18:00:00Z,NA,SF,UQL,101,7.79,42.1,0.43,0.18,0,0.055,0,2.38,2017-03-25T18:00:00Z,36,0.39,0.14,0.005,0.057999999999999996,0,2.67,16869,0,0.3904861111111111,0.04313783772766625,0.326,0.475,477676.89204299997,0,0.012537463187134775,Inf,788731.7929685999,0,307.60539925775396,110.42245101560401,3.943658964843,45.74644399217879,0,2105.913887226162,0.307605399257754,0.11042245101560401,0.003943658964843,0.045746443992178795,0,2.105913887226162,0.024608431940620318,0.00883379608124832,3.1549271718744e-4,0.0036597155193743036,0,0.16847311097809295
233,2017-03-26T06:00:00Z,NA,SF,UQL,103,7.68,32.6,0.37,0.08,0,0.038,0,2.05,2017-03-26T06:00:00Z,37,0.4,0.13,0,0.0465,0,2.215,185227.86000000002,3.3444,0.12240804916732752,0.10740872812610845,0.0209,0.449,5245068.97175742,8.777969522570815e-12,0.13766598351898476,15683123889.300808,477676.89204299997,418049.99999999994,191.0707568172,62.097995965589995,0,22.2119754799995,0,1058.0543158752448,0.19107075681719998,0.06209799596558999,0,0.0222119754799995,0,1.058054315875245,0.015285660545375999,0.004967839677247199,0,0.00177695803839996,0,0.08464434527001959
268,2017-04-12T18:20:00Z,NA,SF,UQL,137,7.59,19.8,0.42,0.02,0,0.029,0,1.52,2017-04-12T18:20:00Z,38,0.395,0.05,0,0.0335,0,1.785,110756.4,2.6182,0.0920209371884347,0.06442185027873444,0.0369,0.267,3136272.0330708,6.8719291364654076e-12,0.08231692973736285,11978722146.675505,5245068.97175742,327275,2071.8022438441812,262.25344858787105,0,175.7098105538736,0,9362.448114586994,2.071802243844181,0.26225344858787103,0,0.1757098105538736,0,9.362448114586995,0.1657441795075345,0.020980275887029682,0,0.014056784844309889,0,0.7489958491669596
278,2017-04-26T16:36:00Z,NA,SF,UQL,156,7.53,13.8,0.53,0.01,0,0.02,0,1.43,2017-04-26T16:40:00Z,39,0.475,0.015,0,0.0245,0,1.475,47486.238,0.1242,0.03660672062904718,0.03033781498509714,0.0078,0.108,1344660.5360515858,3.2598487462722617e-13,0.035292961101459505,108265640060.19637,3136272.0330708,15525,1489.72921570863,47.044080496061994,0,76.83866481023459,0,4626.00124877943,1.48972921570863,0.04704408049606199,0,0.07683866481023459,0,4.62600124877943,0.1191783372566904,0.0037635264396849596,0,0.006147093184818767,0,0.3700800999023544
297,2017-05-11T17:00:00Z,NA,SF,UQL,162,7.81,10.3,0.22,0,0,0.016,0.001,0.96,2017-05-11T17:00:00Z,40,0.375,0.005,0,0.018000000000000002,5e-4,1.1949999999999998,9000.833999999999,0.42,0.006929048498845266,8.526539626333123e-4,0.00529,0.00991,254875.23925039795,1.102364310333615e-12,0.006689645202946887,6068452271.393256,1344660.5360515858,52499.99999999999,504.2477010193447,6.7233026802579285,0,24.20388964892855,0.6723302680257929,1606.8693405816448,0.5042477010193447,0.0067233026802579286,0,0.024203889648928546,6.723302680257928e-4,1.6068693405816448,0.040339816081547575,5.378642144206343e-4,0,0.0019363111719142836,5.378642144206343e-5,0.1285495472465316
309,2017-05-26T17:45:00Z,NA,SF,UQL,182,7.81,16.7,0.61,0.06,0,0.051,0.004,1.92,2017-05-26T17:50:00Z,41,0.415,0.03,0,0.0335,0.0025,1.44,8356.122000000001,0.31,0.004611546357615894,8.253586207032007e-4,0.00314,0.0065,236619.028187334,8.136498481033826e-13,0.006210479101440928,7632864574.260724,254875.23925039795,38750,105.77322428891515,7.646257177511939,0,8.538320514888332,0.6371880981259949,367.020344520573,0.10577322428891514,0.007646257177511938,0,0.008538320514888332,6.371880981259949e-4,0.367020344520573,0.00846185794311321,6.117005742009551e-4,0,6.830656411910666e-4,5.097504785007959e-5,0.029361627561645842
322,2017-06-16T17:11:00Z,NA,SF,UQL,166,7.79,10.6,0.06,0.03,0.01,0.026,0.003,0.86,2017-06-16T17:10:00Z,42,0.33499999999999996,0.045,0.005,0.0385,0.0035,1.39,1359.48792,0,8.182785120982304e-4,8.742723164266668e-4,8.84e-5,0.00314,38496.41142898824,0,0.0010104054627040385,Inf,236619.028187334,0,79.26737444275689,10.647856268430031,1.1830951409366701,9.10983258521236,0.8281665986556691,328.9004491803942,0.07926737444275689,0.01064785626843003,0.00118309514093667,0.00910983258521236,8.281665986556691e-4,0.32890044918039424,0.006341389955420551,8.518285014744025e-4,9.46476112749336e-5,7.287866068169887e-4,6.625332789245352e-5,0.02631203593443154
335,2017-07-05T22:42:00Z,NA,SF,UQL,315,7.55,6.12,0.03,0.01,0,0.01,0.004,0.98,2017-07-05T22:40:00Z,43,0.045,0.02,0.005,0.018,0.0035,0.9199999999999999,2.59896,1.2411,2.525861566272086e-7,4.71869842973288e-6,0,8.84e-5,73.594352679119993,3.2574865370358326e-12,1.9316121480132665e-6,592976.2490349223,38496.41142898824,155137.50000000003,1.732338514304471,0.7699282285797648,0.1924820571449412,0.6929354057217884,0.13473744000145885,35.41669851466918,0.001732338514304471,7.699282285797649e-4,1.9248205714494124e-4,6.929354057217884e-4,1.3473744000145886e-4,0.03541669851466918,1.3858708114435766e-4,6.15942582863812e-5,1.53985645715953e-5,5.543483245774307e-5,1.0778995200116708e-5,0.0028333358811735345
387,2017-11-02T19:40:00Z,NA,NA,UQL,293,7.84,18.9,0.24,0.02,0.001,0.053,0.008,4.24,2017-11-02T19:40:00Z,44,0.135,0.015,5e-4,0.0315,0.006,2.6100000000000003,4754.12688,4.9558,0.002896032456140351,0.011310529546053638,0,0.0978,134621.88347954734,1.3007373926550787e-11,0.003533386136994955,271644849.83264536,73.594352679119993,619475,0.009935237611681198,0.0011039152901868,3.679717633956e-5,0.0023182221093922795,4.4156611607471994e-4,0.1920812604925032,9.9352376116812e-6,1.1039152901868e-6,3.679717633956e-8,2.3182221093922797e-6,4.4156611607471995e-7,1.9208126049250323e-4,7.94819008934496e-7,8.831322321494399e-8,2.9437741071648004e-9,1.8545776875138238e-7,3.5325289285977596e-8,1.5366500839400258e-5
397,2017-11-21T18:38:00Z,NA,NA,UQL,492,8.46,0.82,0.22,0.09,0.004,0.032,0.027,1.27,2017-11-21T18:40:00Z,45,0.22999999999999998,0.055,0.0025,0.042499999999999996,0.0175,2.755,23371.758,2.5989999999999998,0.01936993038289408,0.03825636300724934,0.00222,0.196,661814.495407026,6.8215353394215835e-12,0.017370475756928253,2546417322.878099,134621.88347954734,324874.99999999994,30.963033200295886,7.404203591375103,0.33655470869886833,5.721430047880761,2.3558829608920786,370.88328898615293,0.030963033200295885,0.007404203591375103,3.3655470869886834e-4,0.005721430047880761,0.0023558829608920787,0.3708832889861529,0.0024770426560236708,5.923362873100083e-4,2.6924376695909466e-5,4.577144038304609e-4,1.884706368713663e-4,0.029670663118892233
413,2017-12-05T17:50:00Z,NA,NA,UQL,285,6.7,14.2,0.13,0.03,0.01,0.022,0,1.19,2017-12-05T17:50:00Z,46,0.175,0.06,0.007,0.027,0.0135,1.23,450.975,0.01,3.6934889434889434e-4,5.883071100998412e-4,0,0.00222,12770.190075825,2.6246769293657504e-14,3.351759120764779e-4,12770177857.94584,661814.495407026,1250,115.81753669622955,39.70886972442156,4.6327014678491825,17.8689913759897,8.93449568799485,814.031829350642,0.11581753669622956,0.03970886972442156,0.0046327014678491825,0.017868991375989702,0.008934495687994851,0.814031829350642,0.009265402935698365,0.0031767095779537246,3.706161174279346e-4,0.001429519310079176,7.14759655039588e-4,0.065122546348051355
427,2017-12-19T21:00:00Z,NA,NA,UQL,305,6.62,11.6,0.11,0.02,0.011,0.034,0.004,1.1,2017-12-19T21:00:00Z,47,0.12,0.025,0.010499999999999999,0.028,0.002,1.145,610.2912,1.55,4.1840888523241466e-4,0.001630997341421343,0,0.0138,17281.5225358464,4.068249240516913e-12,4.535837010748892e-4,111493587.10806437,12770.190075825,193750,1.5324228090989997,0.319254751895625,0.13408699579616248,0.3575653221231,0.02554038015165,14.621867636819625,0.0015324228090989997,3.19254751895625e-4,1.340869957961625e-4,3.5756532212309996e-4,2.554038015165e-5,0.014621867636819625,1.2259382472792e-4,2.5540380151650003e-5,1.0726959663693e-5,2.8605225769847995e-5,2.043230412132e-6,0.00116974941094557
438,2018-01-05T18:10:00Z,NA,NA,UQL,180,6.87,26.1,0.07,0.01,0,0.037,0,2.69,2018-01-05T18:10:00Z,48,0.09,0.015,0.0055,0.035500000000000004,0.002,1.895,1367.508,0.74,0.005337658079625293,0.0037483982989669944,0.00222,0.0357,38723.514807276,1.9422609277306553e-12,0.0010163661869768393,523290239.9804568,17281.5225358464,92500,1.555337028226176,0.259222838037696,0.095048373947155193,0.6134940500225473,0.034563045071692805,32.74848520542893,0.0015553370282261761,2.59222838037696e-4,9.50483739471552e-5,6.134940500225473e-4,3.4563045071692805e-5,0.03274848520542893,1.2442696225809408e-4,2.073782704301568e-5,7.603869915772416e-6,4.907952400180378e-5,2.7650436057354244e-6,0.0026198788164343146
482,2018-01-08T17:18:00Z,NA,NA,UQL,151,6.99,18.8,0.05,0,0,0.037,0.001,2.7,2018-01-08T17:20:00Z,49,0.060000000000000005,0.005,0,0.037,5e-4,2.6950000000000003,2311.14,1,0.11329117647058823,0.07497101002406543,0.0369,0.284,65444.197775579996,2.62467692936575e-12,0.001717697117215879,654441351.6184479,38723.514807276,125000,2.32341088843656,0.19361757403638,0,1.4327700478692118,0.019361757403638,104.35987240560883,0.00232341088843656,1.9361757403638e-4,0,0.0014327700478692117,1.9361757403638e-5,0.10435987240560883,1.8587287107492482e-4,1.54894059229104e-5,0,1.1462160382953693e-4,1.54894059229104e-6,0.008348789792448706
453,2018-01-08T23:00:00Z,NA,NA,UQL,135,6.76,31,0.22,0.02,0,0.055,0.004,6.5,2018-01-08T23:00:00Z,50,0.135,0.01,0,0.046,0.0025,4.6,2494.2,0.14,0.34641666666666665,0.029910345833486916,0.296,0.386,70627.87978739999,3.674547701112051e-13,0.0018537518929012716,5044843729.584077,65444.197775579996,17500.000000000004,8.8349666997033,0.6544419777557999,0,3.0104330976766795,0.16361049443894998,301.04330976766795,0.0088349666997033,6.544419777557999e-4,0,0.0030104330976766795,1.6361049443894997e-4,0.30104330976766797,7.067973359762641e-4,5.235535822046399e-5,0,2.4083464781413436e-4,1.3088839555115997e-5,0.024083464781413436
454,2018-01-09T01:00:00Z,NA,NA,UQL,117,6.67,29.1,0.22,0.02,1.145,0.055,0,7.39,2018-01-09T01:00:00Z,51,0.22,0.02,0.5725,0.055,0.002,6.945,2889.6,0.12,0.4013333333333333,0.006139785802205934,0.389,0.408,81824.3610912,3.1496123152389e-13,0.0021476230734213436,6818690233.811983,70627.87978739999,15000,15.538133553227997,1.4125575957479999,40.4344611782865,3.8845333883069992,0.1412557595748,490.5106251234929,0.015538133553227997,0.0014125575957479998,0.040434461178286495,0.0038845333883069993,1.412557595748e-4,0.4905106251234929,0.0012430506842582398,1.1300460765983999e-4,0.0032347568942629194,3.1076267106455995e-4,1.1300460765983999e-5,0.03924085000987943
455,2018-01-09T03:00:00Z,NA,NA,UQL,200,6.95,39.7,0.1,0.01,0,0.052,0,3.98,2018-01-09T03:00:00Z,52,0.16,0.015,0.5725,0.0535,0,5.685,8539.2,0.23,0.3953333333333333,0.012471682209824662,0.37,0.41,241803.21990240001,6.036756937541226e-13,0.006346547255177027,10513173415.529264,81824.3610912,28750,13.091897774592,1.2273654163680001,46.844446724712,4.3776033183792,0,465.171492803472,0.013091897774592,0.001227365416368,0.046844446724712,0.0043776033183792,0,0.465171492803472,0.00104735182196736,9.818923330944e-5,0.0037475557379769596,3.5020826547033595e-4,0,0.03721371942427776
456,2018-01-09T09:00:00Z,NA,NA,UQL,125,6.6,39,0.16,0.01,0,0.058,0.001,4.96,2018-01-09T09:00:00Z,53,0.13,0.01,0,0.055,5e-4,4.47,9150,0.34,0.3177083333333333,0.029559142541714874,0.27,0.367,259099.15005,8.923901559843552e-13,0.006800509109151887,7620555945.790945,241803.21990240001,42500,31.434418587312003,2.4180321990240006,0,13.299177094632002,0.12090160995120001,1080.860392963728,0.031434418587312,0.0024180321990240005,0,0.013299177094632,1.2090160995120002e-4,1.080860392963728,0.0025147534869849604,1.9344257592192004e-4,0,0.00106393416757056,9.672128796096001e-6,0.08646883143709823
457,2018-01-09T17:00:00Z,NA,NA,UQL,111,6.67,35.7,0.13,0.01,0,0.058,0,3.37,2018-01-09T17:00:00Z,54,0.14500000000000002,0.01,0,0.058,5e-4,4.165,19338,0.06,0.2066025641025641,0.045973579998724166,0.12,0.27,547591.187286,1.57480615761945e-13,0.014372485809046907,91265110563.02335,259099.15005,7500,37.569376757250005,2.5909915005,0,15.0277507029,0.129549575025,1079.1479599582499,0.03756937675725001,0.0025909915005,0,0.015027750702900002,1.29549575025e-4,1.0791479599582499,0.0030055501405800004,2.0727932004e-4,0,0.0012022200562320001,1.0363966001999999e-5,0.08633183679665998
458,2018-01-10T19:00:00Z,NA,NA,UQL,142,6.7,29.3,0.13,0.01,0,0.04,0,2.47,2018-01-10T19:00:00Z,55,0.13,0.01,0,0.049,0,2.92,27898.8,1.62,0.04071628721541156,0.027146709813305466,0.0107,0.118,790006.0510835999,4.251976625572516e-12,0.020735086725071766,4876575896.576066,547591.187286,202500,71.18685434718,5.475911872859999,0,26.831968177014,0,1598.9662668751198,0.07118685434718,0.0054759118728599995,0,0.026831968177014002,0,1.59896626687512,0.0056949483477744004,4.3807294982879994e-4,0,0.00214655745416112,0,0.1279173013500096
499,2018-01-18T17:20:00Z,NA,NA,UQL,131,7.01,19.4,0.15,0.01,0,0.031,0.003,3.27,2018-01-18T17:20:00Z,56,0.14,0.01,0,0.035500000000000004,0.0015,2.87,16582.02,0.49,0.25589537037037036,0.09612453505764518,0.0962,0.389,469550.52329094,1.2860916953892175e-12,0.012324172465370358,9582654572.418043,790006.0510835999,61250,110.600847151704,7.900060510836,0,28.045214813467798,1.1850090766254,2267.317366609932,0.110600847151704,0.007900060510835999,0,0.0280452148134678,0.0011850090766254,2.267317366609932,0.00884806777213632,6.3200484086688e-4,0,0.0022436171850774237,9.4800726130032e-5,0.18138538932879456
500,2018-01-19T11:20:00Z,NA,NA,UQL,140,6.95,24.9,0.1,0.01,0,0.043,0.003,3.66,2018-01-19T11:20:00Z,57,0.125,0.01,0,0.037,0.003,3.465,25076.4,0.18,0.24877380952380954,0.07957602491384734,0.135,0.391,710084.5821108,4.72441847285835e-13,0.01863740837428813,39449105707.632614,469550.52329094,22500,58.693815411367495,4.6955052329094,0,17.373369361764777,1.40865156987282,1626.9925632031068,0.0586938154113675,0.004695505232909399,0,0.017373369361764777,0.0014086515698728199,1.6269925632031068,0.0046955052329094,3.7564041863275195e-4,0,0.0013898695489411822,1.1269212558982559e-4,0.13015940505624854
501,2018-01-20T15:20:00Z,NA,NA,UQL,147,6.88,22.9,0.1,0.01,0,0.031,0.004,2.32,2018-01-20T15:20:00Z,58,0.1,0.01,0,0.037,0.0035,2.99,102788.04,2.14,0.5320291925465839,0.703608785393885,0.0557,2.52,2910633.20210988,5.6168086288427065e-12,0.07639464506359218,13601076716.643028,710084.5821108,267500.00000000006,71.00845821108,7.100845821108,0,26.2731295380996,2.4852960373878,2123.1529005112925,0.07100845821108,0.007100845821108,0,0.0262731295380996,0.0024852960373878,2.1231529005112924,0.005680676656886399,5.6806766568864e-4,0,0.0021018503630479677,1.98823682991024e-4,0.16985223204090338
502,2018-01-22T21:00:00Z,NA,NA,UQL,109,6.87,30.4,0.16,0.01,0,0.04,0,4.11,2018-01-22T21:00:00Z,59,0.13,0.01,0,0.035500000000000004,0.002,3.215,30472.2,0,0.38475,0.12367282465138371,0.215,0.659,862876.6251534,0,0.022647702041081765,Inf,2910633.20210988,0,378.3823162742844,29.106332021098797,0,103.32747867490075,5.8212664042197595,9357.685744783264,0.37838231627428437,0.0291063320210988,0,0.10332747867490075,0.0058212664042197595,9.357685744783264,0.03027058530194275,0.002328506561687904,0,0.00826619829399206,4.6570131233758077e-4,0.7486148595826612
503,2018-01-23T19:00:00Z,NA,NA,UQL,123,6.89,26.6,0.06,0.02,0,0.031,0,2.74,2018-01-23T19:00:00Z,60,0.11,0.015,0,0.035500000000000004,0,3.4250000000000003,12675.6,1.12,0.14670833333333333,0.031022408999622515,0.106,0.215,358933.0258332,2.939638160889641e-12,0.009420823307537232,3204756093.0717235,862876.6251534,140000.00000000003,94.916428766874,12.943149377301,0,30.632120192945703,0,2955.3524411503954,0.094916428766874,0.012943149377300999,0,0.030632120192945703,0,2.9553524411503953,0.00759331430134992,0.0010354519501840798,0,0.002450569615435656,0,0.23642819529203163
524,2018-01-24T19:00:00Z,NA,NA,UQL,120,7.08,21.2,0.15,0.03,0,0.03,0.001,3.32,2018-01-24T19:00:00Z,61,0.105,0.025,0,0.0305,5e-4,3.0300000000000002,9635.4,0.39,0.44608333333333333,0.21704277063683622,0.186,0.885,272844.14758379996,1.0236240024526427e-12,0.0071612705432046,6995997090.773486,358933.0258332,48750,37.687967712486,8.97332564583,0,10.9474572879126,0.1794665129166,1087.5670682745963,0.037687967712486004,0.00897332564583,0,0.0109474572879126,1.7946651291660001e-4,1.0875670682745961,0.0030150374169988802,7.178660516664e-4,0,8.75796583033008e-4,1.4357321033328002e-5,0.08700536546196769
525,2018-01-25T01:00:00Z,NA,NA,UQL,104,6.88,29,0.18,0.04,0,0.037,0.001,4.62,2018-01-25T01:00:00Z,62,0.16499999999999998,0.035,0,0.0335,0.001,3.9699999999999998,14949,0,1.038125,0.06195321692177514,0.903,1.1,423308.545803,0,0.011110471111771755,Inf,272844.14758379996,0,45.01928435132699,9.549545165432999,0,9.1402789440573,0.27284414758379993,1083.1912659076856,0.04501928435132699,0.009549545165432998,0,0.0091402789440573,2.7284414758379995e-4,1.0831912659076857,0.003601542748106159,7.639636132346399e-4,0,7.312223155245839e-4,2.1827531806703996e-5,0.08665530127261485
526,2018-01-25T05:00:00Z,NA,NA,UQL,103,6.92,26,0.2,0.03,0,0.04,0.001,4.39,2018-01-25T05:00:00Z,63,0.19,0.035,0,0.0385,0.001,4.505,34674.6,0.25,0.8026527777777778,0.15227395250630882,0.574,1.06,981875.3429861999,6.561692323414375e-13,0.025771030946032572,39274976143.07923,423308.545803,31250,80.42862370257,14.815799103105,0,16.297379013415497,0.42330854580300004,1907.0049988425149,0.08042862370256999,0.014815799103105001,0,0.0162973790134155,4.23308545803e-4,1.9070049988425148,0.0064342898962055995,0.0011852639282484,0,0.0013037903210732398,3.386468366424e-5,0.1525603999074012
527,2018-01-25T17:00:00Z,NA,NA,UQL,103,6.95,24.2,0.18,0.03,0,0.037,0.003,3.3,2018-01-25T17:00:00Z,64,0.19,0.03,0,0.0385,0.002,3.8449999999999998,37869.6,0.46,0.43830555555555556,0.04838153693066312,0.383,0.568,1072347.6691512,1.2073513875082452e-12,0.028145634946441345,23311883547.447475,981875.3429861999,57500,186.556315167378,29.456260289585995,0,37.8022007049687,1.9637506859723999,3775.3106937819384,0.186556315167378,0.029456260289585996,0,0.037802200704968696,0.0019637506859723998,3.7753106937819383,0.01492450521339024,0.00235650082316688,0,0.0030241760563974956,1.5710005487779198e-4,0.3020248555025551
528,2018-01-26T17:00:00Z,NA,NA,UQL,106,7.1,20.7,0.16,0.01,0,0.034,0.004,2.8,2018-01-26T17:00:00Z,65,0.16999999999999998,0.02,0,0.035500000000000004,0.0035,3.05,61912.068,0.04,0.05940516983304548,0.08577440603484646,0.00471,0.383,1753154.557009596,1.0498707717463002e-13,0.046014599169446016,438288219919.75006,1072347.6691512,5000,182.29910375570398,21.446953383024,0,38.0683422548676,3.7532168420292003,3270.6603909111595,0.182299103755704,0.021446953383024,0,0.038068342254867604,0.0037532168420292,3.27066039091116,0.014583928300456319,0.00171575627064192,0,0.0030454673803894084,3.00257347362336e-4,0.2616528312728928
543,2018-02-07T18:25:00Z,NA,NA,UQL,143,7.06,8.52,0.12,0.01,0,0.04,0.024,1.36,2018-02-07T18:30:00Z,66,0.14,0.01,0,0.037000000000000005,0.014,2.08,5017.5438,0.51,0.003631165002171081,0.0014634121121957688,4.85e-4,0.00714,142081.0201003986,1.3385852339765326e-12,0.003729164187701484,2785899689.497741,1753154.557009596,63750.00000000001,245.44163798134346,17.53154557009596,0,64.86671860935506,24.544163798134345,3646.56147857996,0.24544163798134347,0.017531545570095963,0,0.06486671860935506,0.024544163798134344,3.64656147857996,0.019635331038507477,0.001402523645607677,0,0.005189337488748404,0.0019635331038507474,0.2917249182863968
565,2018-02-23T18:18:00Z,NA,NA,UQL,148,7.12,14.5,0.13,0.01,0,0.041,0.015,0.88,2018-02-23T18:20:00Z,67,0.125,0.01,0,0.0405,0.0195,1.12,4232.95776,1.6212,0.008251379649122807,0.022764948872390126,8.84e-5,0.124,119864.01724738273,4.255126237887754e-12,0.003146040197326248,739352964.2702076,142081.0201003986,202649.99999999997,17.760127512549825,1.420810201003986,0,5.7542813140661435,2.7705798919577727,159.13074251244646,0.017760127512549826,0.001420810201003986,0,0.005754281314066144,0.002770579891957773,0.15913074251244644,0.001420810201003986,1.1366481608031888e-4,0,4.603425051252915e-4,2.2164639135662182e-4,0.012730459400995715
577,2018-03-01T16:45:00Z,NA,NA,UQL,115,7,51.1,0.22,0,0.243,0.067,0.024,3.32,2018-03-01T16:50:00Z,68,0.175,0.005,0.1215,0.054000000000000006,0.0195,2.1,4688.76,0.31029999999999996,0.0919364705882353,0.011241873753525082,0.0788,0.115,132770.89953972,8.144372511821923e-13,0.0034848038350412027,4278787383.5373483,119864.01724738273,38787.49999999999,20.976203018291976,0.5993200862369137,14.563478095557,6.472656931358668,2.337348336323963,251.71443621950374,0.020976203018291978,5.993200862369136e-4,0.014563478095557001,0.0064726569313586675,0.002337348336323963,0.25171443621950373,0.0016780962414633582,4.794560689895309e-5,0.0011650782476445602,5.178125545086934e-4,1.8698786690591704e-4,0.020137154897560298
602,2018-03-02T07:00:00Z,NA,NA,UQL,121,6.65,23.9,0.45,0.29,0,0.031,0.038,4.17,2018-03-02T07:00:00Z,69,0.335,0.145,0.1215,0.049,0.031,3.745,8523.48,0.6313,0.10761969696969698,0.007298357437226367,0.0978,0.127,241358.07906755997,1.6569585455085981e-12,0.006334863757559992,3823187836.9748387,132770.89953972,78912.49999999999,44.4782513458062,19.2517804332594,16.13166429407598,6.505774077446281,4.115897885731321,497.2270187762514,0.0444782513458062,0.0192517804332594,0.01613166429407598,0.006505774077446281,0.00411589788573132,0.4972270187762514,0.003558260107664496,0.001540142434660752,0.0012905331435260783,5.204619261957024e-4,3.292718308585056e-4,0.03977816150210011
601,2018-03-03T05:00:00Z,NA,NA,UQL,122,6.69,23.2,0.28,0,0,0.034,0.033,3.06,2018-03-03T05:00:00Z,70,0.365,0.145,0,0.0325,0.035500000000000004,3.615,5044.2,0.107,0.14011666666666667,0.005119228181585694,0.127,0.146,142835.8396374,2.808404314421353e-13,0.0037489757429927813,13349131119.55258,241358.07906755997,13375,88.0956988596594,34.996921464796195,0,7.844137569695699,8.56821180689838,872.5094558292293,0.08809569885965939,0.034996921464796195,0,0.0078441375696957,0.00856821180689838,0.8725094558292293,0.0070476559087727505,0.0027997537171836956,0,6.27531005575656e-4,6.854569445518704e-4,0.06980075646633835
618,2018-03-03T15:00:00Z,NA,NA,UQL,139,6.84,27.3,0.24,0,0,0.037,0.033,2.58,2018-03-03T15:00:00Z,71,0.26,0,0,0.035500000000000004,0.033,2.8200000000000003,26331.84,0.1498,0.07375865546218488,0.041225152559770856,0.0249,0.146,745634.68450848,3.931766040189894e-13,0.019570482817566123,49775298472.79753,142835.8396374,18725,37.137318305724,0,0,5.0706723071277,4.713582708034201,402.79706777746804,0.037137318305724004,0,0,0.0050706723071277,0.004713582708034201,0.40279706777746804,0.0029709854644579202,0,0,4.05653784570216e-4,3.7708661664273606e-4,0.032223765422197445
595,2018-03-07T18:07:00Z,NA,NA,UQL,129,7.14,18.6,0.15,0,0,0.037,0.024,1.09,2018-03-07T18:10:00Z,72,0.195,0,0,0.037,0.0285,1.835,22999.422,2.3203,0.03324576756287945,0.027167222219934783,0.00991,0.146,651271.1138624339,6.09003787920735e-12,0.017093746318713476,2806837438.0847554,745634.68450848,290037.5,145.3987634791536,0,0,27.58848332681376,21.25058850849168,1368.2396460730608,0.1453987634791536,0,0,0.02758848332681376,0.02125058850849168,1.3682396460730608,0.011631901078332287,0,0,0.002207078666145101,0.0017000470806793344,0.10945917168584486
661,2018-03-15T19:20:00Z,NA,NA,UQL,118,7.13,25.5,0.06,0.03,0,0.027,0.033,2.45,2018-03-15T19:20:00Z,73,0.105,0.015,0,0.032,0.0285,1.77,376.2,0.09,0.15675,0.005560275772537431,0.15,0.163,10652.797841399999,2.362209236429175e-13,2.796012597664415e-4,1183643072.1484256,651271.1138624339,11250,68.38346695555556,9.769066707936508,0,20.840675643597887,18.561226745079367,1152.749871536508,0.06838346695555556,0.009769066707936508,0,0.020840675643597886,0.018561226745079366,1.1527498715365079,0.0054706773564444445,7.815253366349206e-4,0,0.0016672540514878309,0.0014848981396063494,0.09221998972292063
625,2018-03-15T20:00:00Z,NA,NA,UQL,142,7.08,14.3,0.1,0.04,0,0.027,0.028,2.56,2018-03-15T20:00:00Z,74,0.08,0.035,0,0.027,0.0305,2.505,8250,0.32,0.2864583333333333,0.06862942682953396,0.169,0.408,233613.98775,8.398966173970401e-13,0.006131606573825472,7300430132.4944,10652.797841399999,40000,0.8522238273119999,0.372847924449,0,0.28762554171779997,0.32491033416269993,26.685258592706997,8.522238273119999e-4,3.72847924449e-4,0,2.8762554171779997e-4,3.2491033416269993e-4,0.026685258592706994,6.817790618495999e-5,2.9827833955919998e-5,0,2.3010043337423997e-5,2.5992826733015994e-5,0.0021348206874165594
624,2018-03-16T04:00:00Z,NA,NA,UQL,126,6.99,21.7,0.07,0.04,0.014,0.015,0.247,2.81,2018-03-16T04:00:00Z,75,0.085,0.04,0.007,0.020999999999999998,0.1375,2.685,22720.2,0.35,0.5259305555555556,0.047707833351214896,0.416,0.583,643364.4272094,9.186369252780125e-13,0.016886221536803577,18381823190.585552,233613.98775,43749.99999999999,19.85718895875,9.344559510000002,1.6352979142500002,4.905893742749999,32.121923315625004,627.25355710875,0.01985718895875,0.009344559510000001,0.00163529791425,0.004905893742749999,0.032121923315625,0.62725355710875,0.0015885751167,7.475647608000001e-4,1.3082383314000001e-4,3.9247149941999996e-4,0.0025697538652500003,0.050180284568699995
621,2018-03-16T16:00:00Z,NA,NA,UQL,120,7.04,25.3,0.08,0.04,0.017,0.015,0.024,2.68,2018-03-16T16:00:00Z,76,0.07500000000000001,0.04,0.0155,0.015,0.1355,2.745,26637.6,0.26,0.5285238095238095,0.048793510379887564,0.432,0.586,754292.8436471999,6.824160016350951e-13,0.019797731305567685,29011235460.674362,643364.4272094,32500.000000000004,48.25233204070501,25.734577088376003,9.972148621745701,9.650466408141,87.1758798868737,1766.0353526898032,0.048252332040705004,0.025734577088376002,0.0099721486217457,0.009650466408140998,0.08717587988687371,1.7660353526898032,0.0038601865632564,0.00205876616707008,7.97771889739656e-4,7.720373126512799e-4,0.006974070390949897,0.14128282821518426
623,2018-03-17T06:00:00Z,NA,NA,UQL,118,6.94,20.5,0.05,0.04,0,0.013,0.033,2.08,2018-03-17T06:00:00Z,77,0.065,0.04,0.0085,0.013999999999999999,0.0285,2.38,15924,0.04,0.3686111111111111,0.03651145124460928,0.309,0.432,450917.47162799997,1.0498707717463002e-13,0.011835115525042038,112729260053.17897,754292.8436471999,5000,49.029034837068,30.171713745888,6.411489171001199,10.560099811060798,21.4973460439452,1795.2169678803357,0.04902903483706799,0.030171713745888,0.0064114891710011996,0.010560099811060798,0.0214973460439452,1.7952169678803356,0.00392232278696544,0.00241373709967104,5.12919133680096e-4,8.448079848848638e-4,0.0017197876835156158,0.14361735743042683
626,2018-03-17T18:00:00Z,NA,NA,UQL,124,6.95,21.4,0.03,0.03,0,0.01,0.024,1.93,2018-03-17T18:00:00Z,78,0.04,0.035,0,0.0115,0.0285,2.005,39100.38,0.28,0.1119713058419244,0.07025899212094669,0.0479,0.306,1107199.4781018598,7.349095402224102e-13,0.029060381460251392,39542800671.02772,450917.47162799997,35000.00000000001,18.03669886512,15.78211150698,0,5.185550923721999,12.851147941397999,904.0895306141399,0.01803669886512,0.01578211150698,0,0.005185550923722,0.012851147941398,0.9040895306141399,0.0014429359092096,0.0012625689205584,0,4.1484407389775997e-4,0.00102809183531184,0.07232716244913119
622,2018-03-21T19:03:00Z,NA,NA,UQL,158,7.08,16.5,0,0.01,0,0.004,0.028,1.19,2018-03-21T19:00:00Z,79,0.015,0.02,0,0.007,0.026000000000000002,1.56,115940.28,2.1,0.16730199134199134,0.1386363158806277,0.0357,0.571,3283063.16989716,5.511821551668076e-12,0.0861697191538383,15633619184.888203,1107199.4781018598,262500.00000000006,16.607992171527897,22.1439895620372,0,7.750396346713019,28.787186430648358,1727.2311858389014,0.016607992171527898,0.022143989562037197,0,0.007750396346713019,0.02878718643064836,1.7272311858389013,0.001328639373722232,0.0017715191649629758,0,6.200317077370416e-4,0.002302974914451869,0.13817849486711212
690,2018-03-29T19:28:00Z,NA,NA,UQL,127,7.21,15.5,0,0.01,0,0.007,0.028,1.03,2018-03-29T19:30:00Z,80,0,0.01,0,0.0055,0.028,1.1099999999999999,7478.592,0,0.012526954773869347,0.007443940581523491,0.00416,0.038,211770.14543942397,0,0.005558276832746495,Inf,3283063.16989716,0,0,32.8306316989716,0,18.056847434434378,91.9257687571205,3644.200118585847,0,0.0328306316989716,0,0.018056847434434378,0.09192576875712048,3.6442001185858475,0,0.002626450535917728,0,0.0014445477947547503,0.007354061500569639,0.2915360094868678
719,2018-04-05T17:20:00Z,NA,NA,UQL,140,7.04,7.19,0,0.03,0,0,0.016,1.03,2018-04-05T17:20:00Z,81,0,0.02,0,0.0035,0.022,1.03,1740.666,1.61,0.027368962264150944,0.03377805043654533,0.00471,0.135,49290.172800101995,4.225729856278858e-12,0.0012937065561738775,306149848.70639706,211770.14543942397,201250,0,4.235402908788479,0,0.7411955090379839,4.658943199667328,218.1232498026067,0,0.0042354029087884795,0,7.411955090379839e-4,0.004658943199667327,0.2181232498026067,0,3.3883223270307833e-4,0,5.929564072303871e-5,3.727154559733862e-4,0.017449859984208536
765,2018-04-06T11:00:00Z,NA,NA,UQL,114,6.66,13.7,0.27,0.01,0,0.021,0.007,3.12,2018-04-06T11:00:00Z,82,0.135,0.02,0,0.0105,0.0115,2.075,5748.5999999999995,1.23,0.39920833333333333,0.279534392247672,0.148,1.33,162782.2266642,3.2283526231198726e-12,0.004272503460641589,1323431470.9130661,49290.172800101995,153750,6.65417332801377,0.9858034560020399,0,0.517546814401071,0.5668369872011729,102.27710856021164,0.00665417332801377,9.858034560020399e-4,0,5.175468144010709e-4,5.66836987201173e-4,0.10227710856021165,5.323338662411016e-4,7.88642764801632e-5,0,4.1403745152085675e-5,4.5346958976093836e-5,0.008182168684816932
766,2018-04-06T15:00:00Z,NA,NA,UQL,91,7.04,31.2,0.34,0.01,0,0.074,0.007,5.32,2018-04-06T15:00:00Z,83,0.30500000000000005,0.01,0,0.0475,0.007,4.220000000000001,25260,0.78,3.5083333333333333,1.5583489709148959,1.55,5.94,715283.55522,2.0472480049052855e-12,0.018773864491494718,9170293216.313711,162782.2266642,97500,49.648579132581006,1.627822266642,0,7.732155766549499,1.1394755866494,686.940996522924,0.04964857913258101,0.0016278222666419998,0,0.007732155766549499,0.0011394755866493999,0.6869409965229241,0.0039718863306064806,1.3022578133136e-4,0,6.185724613239599e-4,9.115804693195199e-5,0.05495527972183392
767,2018-04-06T17:00:00Z,NA,NA,UQL,74,7,97.5,0.28,0.01,0,0.152,0.007,5.93,2018-04-06T17:00:00Z,84,0.31000000000000005,0.01,0,0.11299999999999999,0.007,5.625,38868,0.38,7.197777777777778,0.36103247006944444,6.48,7.54,1100619.209196,9.973772331589852e-13,0.028887670825630117,28963635688.910225,715283.55522,47500,221.73790211820003,7.1528355522,0,80.82704173986,5.00698488654,4023.4699981124995,0.22173790211820002,0.0071528355522,0,0.08082704173986,0.00500698488654,4.0234699981125,0.017739032169456003,5.722268441759999e-4,0,0.0064661633391888,4.005587909232e-4,0.321877599849
732,2018-04-06T18:30:00Z,NA,NA,UQL,69,6.95,158,0.34,0.02,0,0.222,0.007,5.95,2018-04-06T18:30:00Z,85,0.31000000000000005,0.015,0,0.187,0.007,5.9399999999999995,12774,0.04,7.096666666666667,0.16802777548171424,6.95,7.28,361719.40357799997,1.0498707717463002e-13,0.009493956651399585,90429764375.74153,1100619.209196,5000,341.19195485076,16.509288137939997,0,205.81579211965197,7.704334464371999,6537.678102624239,0.34119195485076,0.01650928813794,0,0.20581579211965198,0.007704334464371999,6.5376781026242385,0.0272953563880608,0.0013207430510352,0,0.01646526336957216,6.163467571497599e-4,0.5230142482099391
768,2018-04-06T19:00:00Z,NA,NA,UQL,71,6.97,226,0.53,0.01,0,0.321,0.007,5.47,2018-04-06T19:00:00Z,86,0.43500000000000005,0.015,0,0.2715,0.007,5.71,152916,1.1400000000000001,4.2476666666666665,1.4142559481952515,2.5,6.77,4330098.975852,2.9921316994769555e-012,0.11365100010219344,37983288009.03396,361719.40357799997,142500.00000000003,157.34794055643,5.425791053669999,0,98.206818071427,2.532035825046,2065.4177944303797,0.15734794055643,0.005425791053669999,0,0.098206818071427,0.002532035825046,2.0654177944303798,0.0125878352445144,4.3406328429359994e-4,0,0.00785654544571416,2.0256286600368e-4,0.16523342355443038
769,2018-04-07T05:00:00Z,NA,NA,UQL,81,6.96,31.7,0.27,0.01,0,0.036,0.007,3.64,2018-04-07T05:00:00Z,87,0.4,0.01,0,0.1785,0.007,4.555,41808,0.68,2.9033333333333333,0.30821599804240424,2.56,3.45,1183870.739376,1.7847803119687103e-12,0.03107275244102974,17409847157.466003,4330098.975852,85000,1732.0395903407998,43.30098975852,0,772.922667189582,30.310692830963998,19723.60083500586,1.7320395903408,0.043300989758519995,0,0.7729226671895819,0.030310692830964,19.723600835005858,0.138563167227264,0.0034640791806815996,0,0.06183381337516655,0.0024248554264771197,1.5778880668004687
770,2018-04-07T09:00:00Z,NA,NA,UQL,77,6.9,29.5,0.43,0.01,0,0.045,0.007,3.83,2018-04-07T09:00:00Z,88,0.35,0.01,0,0.040499999999999994,0.007,3.7350000000000003,85332,0.02,2.3703333333333334,0.7643895684985361,1.28,3.56,2416333.188204,5.249353858731501e-14,0.06342087904941518,1208165438188.6296,1183870.739376,2500,414.3547587815999,11.83870739376,0,47.94676494472799,8.287095175631999,4421.757211569359,0.41435475878159994,0.01183870739376,0,0.04794676494472799,0.008287095175632,4.42175721156936,0.03314838070252799,9.470965915008001e-4,0,0.0038357411955782395,6.6296761405056e-4,0.3537405769255488
771,2018-04-07T19:00:00Z,NA,NA,UQL,84,6.85,38.6,0.36,0.1,0,0.071,0.007,2.97,2018-04-07T19:00:00Z,89,0.395,0.055,0,0.057999999999999996,0.007,3.4000000000000004,42491.4,0.08,0.8430833333333333,0.25813077886215724,0.51,1.36,1203222.4726158,2.0997415434926003e-13,0.031580672432854263,150402665179.08972,2416333.188204,10000,954.4516093405799,132.89832535122,0,140.14732491583197,16.914332317428,8215.5328398936,0.9544516093405799,0.13289832535122,0,0.14014732491583196,0.016914332317427998,8.2155328398936,0.0763561287472464,0.010631866028097601,0,0.011211785993266556,0.0013531465853942398,0.657242627191488
772,2018-04-08T09:00:00Z,NA,NA,UQL,97,7.06,17.7,0.37,0.01,0,0.01,0.007,2.21,2018-04-08T09:00:00Z,90,0.365,0.055,0,0.040499999999999994,0.007,2.59,45730.2,0.03,0.2281946107784431,0.10860621695492147,0.103,0.507,1294935.0766794,7.87403078809725e-14,0.033987829689982256,431644612583.4285,1203222.4726158,3750,439.17620250476705,66.177235993869,0,48.7305101409399,8.422557308310601,3116.346204074922,0.439176202504767,0.066177235993869,0,0.048730510140939896,0.008422557308310602,3.116346204074922,0.03513409620038136,0.00529417887950952,0,0.0038984408112751915,6.738045846648482e-4,0.24930769632599376
760,2018-04-10T16:43:00Z,NA,NA,UQL,123,7.15,19.5,0.24,0.01,0,0.015,0.016,1.5,2018-04-10T16:40:00Z,91,0.305,0.01,0,0.0125,0.0115,1.855,82013.82,1.5,0.06270169724770643,0.037826450529618014,0.0163,0.15,2322372.79282554,3.937015394048626e-12,0.0609547245886714,15482470472.63604,1294935.0766794,187500,394.95519838721697,12.949350766794,0,16.186688458492497,14.8917533818131,2402.104567240287,0.39495519838721693,0.012949350766794,0,0.0161866884584925,0.014891753381813099,2.402104567240287,0.031596415870977355,0.00103594806134352,0,0.0012949350766794,0.0011913402705450479,0.19216836537922297
795,2018-04-25T19:58:00Z,NA,NA,UQL,125,7.34,6.75,0.07,0.01,0,0.001,0.007,0.8,2018-04-25T20:00:00Z,92,0.155,0.01,0,0.008,0.0115,1.15,14127.444,0.42,0.010977034965034965,0.0026508418247492985,0.00714,0.0181,400044.670249068,1.102364310333615e-12,0.010499870121424391,9524863988.246094,2322372.79282554,52499.99999999999,359.96778288795866,23.2237279282554,0,18.578982342604323,26.70728711749371,2670.7287117493706,0.35996778288795866,0.0232237279282554,0,0.01857898234260432,0.02670728711749371,2.6707287117493705,0.028797422631036695,0.001857898234260432,0,0.0014863185874083456,0.0021365829693994966,0.21365829693994964
812,2018-05-10T17:25:00Z,NA,NA,UQL,161,7.75,8.91,0.18,0.01,0,0.007,0.016,0.83,2018-05-10T17:30:00Z,93,0.125,0.01,0,0.004,0.0115,0.815,9132.15,0.28,0.007056212331942513,6.848104685968211e-4,0.00588,0.00849,258593.69433104998,7.349095402224102e-13,0.006787242542201246,9235480247.197744,400044.670249068,35000.00000000001,50.0055837811335,4.00044670249068,0,1.6001786809962721,4.600513707864282,326.03640625299045,0.0500055837811335,0.004000446702490681,0,0.001600178680996272,0.004600513707864282,0.3260364062529904,0.00400044670249068,3.200357361992544e-4,0,1.2801429447970177e-4,3.680410966291425e-4,0.026082912500239232
826,2018-05-25T17:00:00Z,NA,NA,UQL,174,7.57,5.85,0,0.01,0,0.01,0.007,0.7,2018-05-25T17:00:00Z,94,0.09,0.01,0,0.0085,0.0115,0.7649999999999999,5907.642,0.34,0.0035674166666666667,0.0012480541260000081,0.00107,0.0065,167285.794644774,8.923901559843552e-13,0.004390707457334237,4920165723.355662,258593.69433104998,42500,23.273432489794498,2.5859369433104997,0,2.198046401813925,2.9738274848070745,197.8241761632532,0.023273432489794497,0.0025859369433104996,0,0.002198046401813925,0.0029738274848070748,0.1978241761632532,0.0018618745991835597,2.0687495546483996e-4,0,1.75843712145114e-4,2.3790619878456598e-4,0.015825934093060257
836,2018-06-13T21:00:00Z,NA,NA,UQL,184,6.85,5.63,0.02,0.01,0.016361216,0.029,0,2.08,2018-06-13T21:00:00Z,95,0.01,0.01,0.008180608,0.0195,0.0035,1.3900000000000001,NA,6.3,NA,NaN,NA,NA,NA,1.6535464655004226e-11,NA,NA,167285.794644774,787500,1.67285794644774,1.67285794644774,1.3684995099573956,3.262072995573093,0.5855002812567089,232.52725455623587,0.00167285794644774,0.00167285794644774,0.0013684995099573956,0.003262072995573093,5.85500281256709e-4,0.23252725455623588,1.338286357158192e-4,1.338286357158192e-4,1.0947996079659165e-4,2.6096583964584747e-4,4.684002250053672e-5,0.01860218036449887
963,2018-12-03T23:30:00Z,NA,NA,UQL,98,7.45,5.1,0.21,0.01,0,0.101,0,1.76,2018-12-03T23:30:00Z,96,0.11499999999999999,0.01,0.008180608,0.065,0,1.92,21747.2862,2.33,0.018186390868038135,0.05378700095927482,2.59e-4,0.304,615814.5759906113,6.115497245422198e-12,0.016163127639610177,2642978484.1631985,NA,291250,NA,NA,NA,NA,NA,NA,NA,NA,NA,NA,NA,NA,NA,NA,NA,NA,NA,NA
995,2018-12-17T19:40:00Z,NA,NA,UQL,161,7.17,7.71,0.13,0.03,0,0.007,0,3.14,2018-12-17T19:40:00Z,97,0.16999999999999998,0.02,0,0.054000000000000006,0,2.45,135109.44,2.98,0.17321723076923076,0.1760054908383783,0.0416,0.849,3825873.34073568,7.821537249509937e-12,0.10041671884725796,12838488860.172548,615814.5759906113,372500,104.68847791840392,12.316291519812227,0,33.25398710349302,0,1508.745711176998,0.10468847791840392,0.012316291519812226,0,0.03325398710349302,0,1.508745711176998,0.008375078233472314,9.853033215849781e-4,0,0.0026603189682794415,0,0.12069965689415983
1006,2018-12-26T20:20:00Z,NA,NA,UQL,130,6.96,7.19,0.23,0.04,0,0,0,2.06,2018-12-26T20:20:00Z,98,0.18,0.035,0,0.0035,0,2.6,18275.604,1.64,0.01918094458438287,0.02676261251206201,0.00181,0.15,517507.482300588,4.304470164159831e-12,0.013582886500246192,3155530409.605562,3825873.34073568,204999.99999999997,688.6572013324223,133.90556692574881,0,13.390556692574881,0,9947.270685912767,0.6886572013324224,0.13390556692574881,0,0.01339055669257488,0,9.947270685912768,0.05509257610659379,0.010712445354059906,0,0.0010712445354059904,0,0.7957816548730214
1020,2019-01-06T21:00:00Z,NA,NA,UQL,129,6.79,7.1,0.14,0.01,0,0,0,5.25,2019-01-06T21:00:00Z,99,0.185,0.025,0,0,0,3.6550000000000002,5239.2,0.3,0.24255555555555555,0.06848918348154147,0.153,0.359,148357.62480239998,7.874030788097251e-13,0.003893904625646838,4945249428.708158,517507.482300588,37500,95.73888422560879,12.937687057514701,0,0,0,1891.4898478086493,0.09573888422560878,0.012937687057514701,0,0,0,1.8914898478086493,0.007659110738048702,0.0010350149646011762,0,0,0,0.15131918782469195
1023,2019-01-07T03:00:00Z,NA,NA,UQL,127,6.99,9.27,0.1,0.03,0,0.004,0.003,5.06,2019-01-07T03:00:00Z,100,0.12000000000000001,0.02,0,0.002,0.0015,5.154999999999999,6507.6,0,0.4519166666666667,0.057148104055177985,0.362,0.54,184274.7135372,0,0.004836611265433533,Inf,148357.62480239998,0,17.802914976288,2.9671524960479996,0,0.29671524960479995,0.22253643720359997,764.7835558563718,0.017802914976288,0.002967152496048,0,2.9671524960479996e-4,2.2253643720359997e-4,0.7647835558563718,0.00142423319810304,2.3737219968383998e-4,0,2.3737219968383996e-5,1.7802914976287997e-5,0.061182684468509746
1025,2019-01-07T07:00:00Z,NA,NA,UQL,134,6.83,9.28,0.05,0.01,0.08,0,0.003,4.8,2019-01-07T07:00:00Z,101,0.07500000000000001,0.02,0.04,0.002,0.003,4.93,14506.2,0,0.5036875000000001,0.034100699593497465,0.441,0.549,410769.8459514,0,0.01078137106439116,Inf,184274.7135372,0,13.820603515290003,3.685494270744,7.370988541488,0.3685494270744,0.5528241406116,908.474337738396,0.013820603515290002,0.003685494270744,0.007370988541488,3.685494270744e-4,5.528241406116e-4,0.908474337738396,0.0011056482812232002,2.9483954165952e-4,5.8967908331904e-4,2.9483954165952e-5,4.4225931248928e-5,0.07267794701907168
1029,2019-01-07T15:00:00Z,NA,NA,UQL,105,6.78,11,0.44,0.01,0.04,0.021,0.001,3.64,2019-01-07T15:00:00Z,102,0.245,0.01,0.06,0.0105,0.002,4.22,6276.6,0,0.40234615384615385,0.020303580586078517,0.367,0.435,177733.52188020002,0,0.0046649262813664195,Inf,410769.8459514,0,100.63861225809299,4.107698459514,24.646190757083996,4.3130833824897,0.8215396919028,1733.448749914908,0.100638612258093,0.0041076984595140005,0.024646190757083998,0.0043130833824897,8.215396919028e-4,1.7334487499149078,0.00805108898064744,3.2861587676112007e-4,0.00197169526056672,3.45046670599176e-4,6.5723175352224e-5,0.13867589999319263
1034,2019-01-07T19:15:00Z,NA,NA,UQL,112,6.79,15.7,0,0.02,0.02,0.011,0.003,3.08,2019-01-07T19:20:00Z,103,0.22,0.015,0.03,0.016,0.002,3.3600000000000003,30244.8,0.76,0.19239694656488548,0.06494149201609732,0.129,0.367,856437.3741456,1.9947544663179704e-12,0.022478692667155957,11268902036.173098,177733.52188020002,95000,39.10137481364401,2.666002828203,5.332005656406,2.8437363500832005,0.35546704376040006,597.1846335174721,0.03910137481364401,0.0026660028282030003,0.005332005656406001,0.0028437363500832,3.554670437604e-4,0.5971846335174721,0.0031281099850915205,2.1328022625624003e-4,4.2656045251248005e-4,2.2749890800665603e-4,2.8437363500832003e-5,0.047774770681397766
1051,2019-01-09T15:00:00Z,NA,NA,UQL,127,6.87,10.5,0.13,0.04,0.04,0.128,0.003,2.91,2019-01-09T15:00:00Z,104,0.065,0.03,0.03,0.0695,0.003,2.995,3139.2,0,0.20123076923076924,0.0072128091188257085,0.188,0.213,88892.2461024,0,0.002333132043218536,Inf,856437.3741456,0,55.668429319464,25.693121224368,25.693121224368,59.52239750311921,2.5693121224368003,2565.0299355660723,0.055668429319464,0.025693121224368,0.025693121224368,0.05952239750311921,0.0025693121224368,2.565029935566072,0.00445347434555712,0.00205544969794944,0.00205544969794944,0.004761791800249537,2.05544969794944e-4,0.20520239484528577
1057,2019-01-09T19:20:00Z,NA,NA,UQL,127,6.86,14.5,0.24,0.02,0.1,0.123,0,2.47,2019-01-09T19:20:00Z,105,0.185,0.03,0.07,0.1255,0.0015,2.6900000000000004,4623.6,0,0.22664705882352942,0.006759425979489125,0.215,0.237,130925.7737892,0,0.0034363752914835705,Inf,88892.2461024,0,16.445065528944,2.6667673830719996,6.222457227168,11.1559768858512,0.13333836915359998,239.12014201545603,0.016445065528944,0.0026667673830719995,0.0062224572271679995,0.0111559768858512,1.3333836915359998e-4,0.239120142015456,0.0013156052423155202,2.1334139064575996e-4,4.9779657817344e-4,8.924781508680959e-4,1.0667069532288e-5,0.01912961136123648
1070,2019-01-10T01:00:00Z,NA,NA,UQL,126,6.76,11.5,0.1,0.01,0,0.123,0,2.73,2019-01-10T01:00:00Z,106,0.16999999999999998,0.015,0.05,0.123,0,2.6,12964.8,0.03,0.22508333333333333,0.011534540044366213,0.2,0.237,367122.2579856,7.87403078809725e-14,0.009635763988888785,122373968913.79512,130925.7737892,3750,22.257381544163998,1.963886606838,6.546288689460001,16.1038701760716,0,340.40701185192,0.022257381544163995,0.001963886606838,0.00654628868946,0.0161038701760716,0,0.34040701185192,0.0017805905235331195,1.5711092854704e-4,5.237030951568e-4,0.001288309614085728,0,0.0272325609481536
1073,2019-01-10T17:00:00Z,NA,NA,UQL,126,6.82,9.38,0.13,0.02,0,0.122,0,3.02,2019-01-10T17:00:00Z,107,0.115,0.015,0,0.1225,0,2.875,37789.38,1.45,0.07222740825688073,0.046442264874132805,0.0249,0.2,1070076.09168486,3.805781547580338e-12,0.02808601343379258,7379828054.410867,367122.2579856,181250,42.219059668344,5.506833869783999,0,44.972476603236,0,1055.4764917086,0.042219059668344,0.005506833869783999,0,0.044972476603236,0,1.0554764917086,0.0033775247734675203,4.4054670958271994e-4,0,0.0035977981282588802,0,0.08443811933668799
1081,2019-01-16T18:15:00Z,NA,NA,UQL,146,7.04,12.8,NA,0.01,0,NA,0,2.54,2019-01-16T18:20:00Z,108,NA,0.015,0,NA,0,2.7800000000000002,241.01999999999998,0.15,0.100425,0.006519905418536888,0.0929,0.108,6824.926463939999,3.9370153940486256e-13,1.7913209896041395e-4,454994662.2794473,1070076.09168486,18750,NA,16.0511413752729,0,NA,0,2974.811534883911,NA,0.016051141375272897,0,NA,0,2.974811534883911,NA,0.0012840913100218318,0,NA,0,0.23798492279071287
1083,2019-01-16T19:00:00Z,NA,NA,UQL,109,6.85,8.34,NA,0.180274111,0.02,NA,0,5.84,2019-01-16T19:00:00Z,109,NA,0.0951370555,0.01,NA,0,4.1899999999999995,1422,0.33,0.1975,0.07451845409024532,0.118,0.324,40266.556434,8.661433866906976e-13,0.001056866005815736,1220197512.3931136,6824.926463939999,41250,NA,0.6493034077832784,0.0682492646394,NA,0,28.596441883908593,NA,6.493034077832784e-4,6.82492646394e-5,NA,0,0.028596441883908592,NA,5.1944272622662275e-5,5.459941171152e-6,NA,0,0.0022877153507126873
1090,2019-01-16T21:00:00Z,NA,NA,UQL,121,6.91,12.3,NA,0.042258541,0.02,NA,0,4.99,2019-01-16T21:00:00Z,110,NA,0.111266326,0.02,NA,0,5.415,12891.6,0.79,0.89525,0.4787882576381483,0.352,1.92,365049.4647852,2.073494774198943e-12,0.00958135991601557,4620874880.05228,40266.556434,98750,NA,4.480311795082841,0.80533112868,NA,0,218.04340309011,NA,0.0044803117950828406,8.0533112868e-4,NA,0,0.21804340309011,NA,3.584249436066272e-4,6.442649029439999e-5,NA,0,0.0174434722472088
1096,2019-01-17T01:00:00Z,NA,NA,UQL,101,6.72,25.2,NA,0.02577907,0.02,NA,0,7.64,2019-01-17T01:00:00Z,111,NA,0.0340188055,0.02,NA,0,6.3149999999999995,18570,0.01,2.5791666666666666,0.3219389646651939,2,2.92,525843.84879,2.6246769293657504e-14,0.013801688978901699,525843345688.9057,365049.4647852,1250,NA,12.418546740406818,7.300989295704,NA,0,2305.287370118538,NA,0.012418546740406818,0.007300989295704,NA,0,2.305287370118538,NA,9.934837392325455e-4,5.840791436563201e-4,NA,0,0.18442298960948303
1101,2019-01-17T03:00:00Z,NA,NA,UQL,93,6.71,25.2,NA,0.02,0,NA,0,7.06,2019-01-17T03:00:00Z,112,NA,0.022889535000000003,0.01,NA,0,7.35,59154,0.19,2.0539583333333336,0.5351068280034246,1.28,2.96,1675054.767438,4.986886165794926e-13,0.043964733971887514,88160692885.75668,525843.84879,23750,NA,12.036321181413413,5.2584384879,NA,0,3864.952288606499,NA,0.012036321181413413,0.0052584384879,NA,0,3.8649522886064993,NA,9.62905694513073e-4,4.20675079032e-4,NA,0,0.3091961830885199
1107,2019-01-17T11:00:00Z,NA,NA,UQL,87,6.75,17.1,NA,0.04,0.01,NA,0,4.23,2019-01-17T11:00:00Z,113,NA,0.03,0.005,NA,0,5.645,67074,0.3,0.6210555555555556,0.24372061856375116,0.344,1.25,1899324.1956779999,7.874030788097251e-13,0.04985107628275997,63310745949.98683,1675054.767438,37500,NA,50.25164302314,8.37527383719,NA,0,9455.68416218751,NA,0.05025164302314,0.008375273837190002,NA,0,9.45568416218751,NA,0.0040201314418512,6.700219069752002e-4,NA,0,0.7564547329750008
1127,2019-01-18T17:00:00Z,NA,NA,UQL,110,6.8,10.4,NA,0.01,0,NA,0,2.5,2019-01-18T17:00:00Z,114,NA,0.025,0.005,NA,0,3.365,198416.4,1.95,0.5548557046979866,0.3168638909095821,0.215,1.34,5618526.841090799,5.118120012263213e-12,0.1474680366781557,28812930592.642727,1899324.1956779999,243750,NA,47.48310489195,9.49662097839,NA,0,6391.22591845647,NA,0.047483104891950005,0.00949662097839,NA,0,6.3912259184564695,NA,0.0037986483913560005,7.597296782712e-4,NA,0,0.5112980734765176
1141,2019-01-22T20:20:00Z,NA,NA,UQL,111,6.85,11.7,NA,0.02,0,NA,0,2.09,2019-01-22T20:20:00Z,115,NA,0.015,0,NA,0,2.295,36396.312,0.08,0.042628615600843286,0.041578634573597444,0.00991,0.215,1030628.7982682639,2.0997415434926003e-13,0.027050650414812475,128828476526.77213,5618526.841090799,10000,NA,84.27790261636198,0,NA,0,12894.519100303383,NA,0.08427790261636199,0,NA,0,12.894519100303384,NA,0.006742232209308959,0,NA,0,1.0315615280242707
1155,2019-02-01T17:30:00Z,NA,NA,UQL,157,6.93,5.54,0,0.01,0,0.004,0,1.28,2019-02-01T17:30:00Z,116,NA,0.015,0,NA,0,1.685,10629.42,1.69,0.04374246913580247,0.023782497804248157,0.0107,0.133,300991.65983874,4.435704010628118e-12,0.007900051096721449,1781014034.7039888,1030628.7982682639,211249.99999999997,NA,15.459431974023959,0,NA,0,1736.6095250820247,NA,0.01545943197402396,0,NA,0,1.7366095250820248,NA,0.0012367545579219168,0,NA,0,0.13892876200656198
1172,2019-02-04T13:00:00Z,NA,NA,UQL,130,7.12,18.6,0,0.04,0.004508015,0.014,0,4.82,2019-02-04T13:00:00Z,117,0,0.025,0.0022540075,0.009000000000000001,0,3.0500000000000003,4368.6,0.04,0.20225,0.040847713697166874,0.136,0.27,123704.97780420001,1.0498707717463002e-13,0.0032468529064744196,30926214862.3661,300991.65983874,5000,0,7.5247914959685005,0.6784374587139688,2.7089249385486607,0,918.0245625081571,0,0.0075247914959685,6.784374587139688e-4,0.0027089249385486604,0,0.9180245625081571,0,6.0198331967748e-4,5.42749966971175e-5,2.1671399508389283e-4,0,0.07344196500065257
1178,2019-02-04T19:00:00Z,NA,NA,UQL,119,6.72,18.7,0.25,0.01,0.004508015,0.018,0.009,3.57,2019-02-04T19:00:00Z,118,0.125,0.025,0.004508015,0.016,0.0045,4.195,7006.2,0.05,0.3243611111111111,0.028741361711232,0.27,0.365,198393.4934514,1.3123384646828754e-13,0.005207183270004367,39678660727.68563,123704.97780420001,6250,15.463122225525002,3.0926244451050007,0.5576638955160007,1.9792796448672,0.5566724001189,518.9423818886191,0.015463122225525,0.0030926244451050006,5.576638955160007e-4,0.0019792796448672,5.566724001189e-4,0.5189423818886191,0.001237049778042,2.4740995560840006e-4,4.461311164128006e-5,1.58342371589376e-4,4.4533792009512e-5,0.04151539055108953
1184,2019-02-05T01:00:00Z,NA,NA,UQL,125,6.73,18,0.02,0.02,0.001423494,0.004,0.009,3.29,2019-02-05T01:00:00Z,119,0.135,0.015,0.0029657545,0.011,0.009,3.4299999999999997,20547,0.17,0.34245,0.03121168358033881,0.282,0.381,581826.255309,4.461950779921776e-13,0.015271044881502058,34225041096.86701,198393.4934514,21250,26.783121615939,2.975902401771,0.58838639597421,2.1823284279654,1.7855414410625996,680.489682538302,0.026783121615938998,0.002975902401771,5.8838639597421e-4,0.0021823284279654,0.0017855414410625997,0.6804896825383019,0.00214264972927512,2.3807219214168001e-4,4.70709116779368e-5,1.74586274237232e-4,1.4284331528500798e-4,0.054439174603064154
1188,2019-02-05T17:35:00Z,NA,NA,UQL,116.4,7.38,15,0.01,0.02,0,0.014,0.01,2.71,2019-02-05T17:40:00Z,120,0.015,0.02,7.11747e-4,0.009000000000000001,0.0095,3,75595.38,1.33,0.12256060311284046,0.04854866633941643,0.0585,0.277,2140622.80936686,3.490820316056448e-12,0.05618437926773753,16094892942.300903,581826.255309,166250,8.727393829635,11.63652510618,0.41411309173741484,5.236436297781,5.5273494254355,1745.478765927,0.008727393829635001,0.01163652510618,4.1411309173741484e-4,0.005236436297781001,0.0055273494254355,1.745478765927,6.981915063708001e-4,9.309220084944e-4,3.3129047338993186e-5,4.1891490382248007e-4,4.4218795403484003e-4,0.13963830127416
1206,2019-02-12T21:00:00Z,NA,NA,UQL,135,6.83,12.1,0.08,0.02,0.001423494,0.021,0.009,2.1,2019-02-12T21:00:00Z,121,0.045,0.02,7.11747e-4,0.0175,0.0095,2.4050000000000002,6172.8,0.79,0.17146666666666666,0.03852952496184337,0.14,0.272,174794.2331616,2.073494774198943e-12,0.004587779522292106,2212583113.002786,2140622.80936686,98750,96.3280264215087,42.8124561873372,1.5235818626984343,37.460899163920054,20.33591668898517,5148.197856527298,0.0963280264215087,0.0428124561873372,0.0015235818626984344,0.03746089916392006,0.02033591668898517,5.1481978565272986,0.007706242113720696,0.003424996494986976,1.2188654901587475e-4,0.0029968719331136045,0.0016268733351188136,0.4118558285221839
1209,2019-02-13T07:00:00Z,NA,NA,UQL,123,6.89,15.3,0.37,0.01,0.001423494,0.007,0,3.76,2019-02-13T07:00:00Z,122,0.225,0.015,0.001423494,0.014,0.0045,2.9299999999999997,14316,0.55,0.6627777777777778,0.40026649059353386,0.277,1.51,405383.981652,1.4435723111511629e-12,0.01064000966192551,7370610796.379667,174794.2331616,68750.00000000001,39.32870246136,2.6219134974239995,0.24881854214013863,2.4471192642624002,0.7865740492271999,512.1471031634879,0.03932870246136,0.0026219134974239996,2.488185421401386e-4,0.0024471192642624,7.865740492272e-4,0.5121471031634879,0.0031462961969088,2.0975307979391998e-4,1.990548337121109e-5,1.95769541140992e-4,6.292592393817599e-5,0.04097176825307903
1213,2019-02-13T13:00:00Z,NA,NA,UQL,99,6.85,26,0.08,0.01,0,0.014,0.012,5.87,2019-02-13T13:00:00Z,123,0.225,0.01,7.11747e-4,0.0105,0.006,4.8149999999999995,57270.6,0.98,1.3257083333333333,0.2945312072467933,0.864,1.73,1621722.8177981998,2.572183390778435e-12,0.0425649439329611,16548176185.866522,405383.981652,122500,91.2113958717,4.05383981652,0.288530832788866,4.256531807346001,2.432303889912,1951.9238716543796,0.0912113958717,0.00405383981652,2.8853083278886603e-4,0.004256531807346,0.0024323038899120002,1.9519238716543796,0.007296911669736001,3.243071853216e-4,2.3082466623109283e-5,3.4052254458768e-4,1.9458431119296002e-4,0.15615390973235038
1232,2019-02-14T01:00:00Z,NA,NA,UQL,98.09,6.76,23.1,0.13,0.02,0.007592536,0.014,0.01,NA,2019-02-14T01:00:00Z,124,0.10500000000000001,0.015,0.003796268,0.014,0.011,NA,49863.6,0.9,2.3085,1.1648821767519175,0.864,3.96,1411979.9320691999,2.3622092364291754e-12,0.037059876067224704,15688650901.749128,1621722.8177981998,112500,170.280895868811,24.325842266972995,6.156494438077137,22.7041194491748,17.838950995780195,NA,0.170280895868811,0.024325842266972996,0.006156494438077136,0.0227041194491748,0.017838950995780197,NA,0.013622471669504881,0.0019460673813578397,4.925195550461709e-4,0.001816329555933984,0.0014271160796624157,NA
1235,2019-02-14T07:00:00Z,NA,NA,UQL,82.65,6.88,40.2,0.35,0.02,0.004508015,0.014,0.01,6.47,2019-02-14T07:00:00Z,125,0.24,0.02,0.0060502755000000005,0.014,0.01,NA,112230,0.58,3.1175,0.5469255364058999,2.25,3.99,3177999.73881,1.5223126190321351e-12,0.08341214615520397,54793046521.70343,1411979.9320691999,72500,338.87518369660796,28.239598641383996,8.542867589489944,19.7677190489688,14.119799320691998,NA,0.33887518369660796,0.028239598641383996,0.008542867589489944,0.0197677190489688,0.014119799320691998,NA,0.027110014695728636,0.0022591678913107195,6.834294071591955e-4,0.001581417523917504,0.0011295839456553598,NA
1241,2019-02-14T17:00:00Z,NA,NA,UQL,82.46,6.79,24,0.09,0.02,0,0.007,0.012,4.81,2019-02-14T17:00:00Z,126,0.21999999999999997,0.02,0.0022540075,0.0105,0.011,5.64,63480,0.28,1.4694444444444446,0.36603659052409493,1,2.22,1797553.44756,7.349095402224102e-13,0.04717992549168982,64198275991.0988,3177999.73881,35000.00000000001,699.1599425382,63.5599947762,7.1632352462757805,33.36899725750501,34.95799712691,17923.9185268884,0.6991599425381999,0.0635599947762,0.007163235246275781,0.03336899725750501,0.03495799712691,17.9239185268884,0.05593279540305599,0.005084799582096,5.730588197020624e-4,0.0026695197806004007,0.0027966397701528,1.433913482151072
1259,2019-02-15T05:00:00Z,NA,NA,UQL,91.77,7.06,19.3,0.11,0.02,0,0.04,0.01,3.81,2019-02-15T05:00:00Z,127,0.1,0.02,0,0.0235,0.011,4.31,198120,1.21,0.5041221374045801,0.26290147754340787,0.133,0.992,5610133.72764,3.175859084532558e-12,0.14724774477652153,46364697191.27804,1797553.44756,151250,179.755344756,35.9510689512,0,42.24250601766,19.77308792316,7747.4553589836,0.179755344756,0.0359510689512,0,0.042242506017660005,0.019773087923159998,7.7474553589836,0.01438042758048,0.002876085516096,0,0.0033794004814128005,0.0015818470338527998,0.619796428718688
1275,2019-02-19T18:10:00Z,NA,NA,UQL,108.3,6.9,12.4,0.14,0.02,0.004,0.019,0.009,2.36,2019-02-19T18:10:00Z,128,0.125,0.02,0.002,0.0295,0.0095,3.085,30989.22,1.95,0.05943463751438435,0.04131741171518313,0.0238,0.362,877517.00138934,5.118120012263213e-12,0.023031964250875614,4500082881.153654,5610133.72764,243750,701.266715955,112.2026745528,11.22026745528,165.49894496538,53.29627041258,17307.262549769403,0.701266715955,0.1122026745528,0.01122026745528,0.16549894496537998,0.05329627041258,17.3072625497694,0.0561013372764,0.008976213964224,8.976213964224e-4,0.013239915597230398,0.0042637016330064,1.384581003981552
1283,2019-02-25T19:00:00Z,NA,NA,UQL,101.5,6.86,26.1,0.23,0.02,0.007,0.013,0.014,5.31,2019-02-25T19:00:00Z,129,0.185,0.02,0.0055,0.016,0.0115,3.835,51186,1.24,2.3697222222222223,1.6664028086374918,0.37,5.07,1449426.130542,3.2545993924135303e-12,0.038042716859130986,11688909224.222355,877517.00138934,155000,162.34064525702792,17.550340027786802,4.826343507641369,14.040272022229441,10.09144551597741,3365.277700328119,0.1623406452570279,0.0175503400277868,0.00482634350764137,0.014040272022229442,0.01009144551597741,3.365277700328119,0.012987251620562232,0.001404027202222944,3.861074806113096e-4,0.0011232217617783554,8.073156412781927e-4,0.2692222160262495
1287,2019-02-26T01:00:00Z,NA,NA,UQL,63.85,6.74,65.9,0.32,0.03,0.004,0.128,0.019,6.2,2019-02-26T01:00:00Z,130,0.275,0.025,0.0055,0.07050000000000001,0.0165,5.755,167658,0.71,2.9107291666666666,1.440629427344112,1.13,5.2,4747545.934326,1.8635206198496828e-12,0.12460762363084012,66866780170.5845,1449426.130542,88749.99999999999,398.59218589905004,36.235653263550006,7.971843717981,102.18454220321101,23.915531153943,8341.44738126921,0.39859218589905004,0.03623565326355,0.007971843717981,0.102184542203211,0.023915531153943,8.34144738126921,0.031887374871924,0.0028988522610840003,6.3774749743848e-4,0.008174763376256881,0.00191324249231544,0.6673157905015369
1297,2019-02-26T17:00:00Z,NA,NA,UQL,90.44,6.97,25.6,0.15,0.03,0.001,0.016,0.014,3.49,2019-02-26T17:00:00Z,131,0.235,0.03,0.0025,0.07200000000000001,0.0165,4.845000000000001,145728,2.44,2.8914285714285715,1.6985487376326875,1.1,5.85,4126557.479616,6.4042117076524304e-12,0.10830869852005313,16912104637.427029,4747545.934326,305000,1115.67329456661,142.42637802977995,11.868864835814998,341.823307271472,78.334507916379,23001.86005180947,1.11567329456661,0.14242637802977998,0.011868864835814999,0.341823307271472,0.078334507916379,23.00186005180947,0.08925386356532879,0.011394110242382398,9.495091868651999e-4,0.02734586458171776,0.00626676063331032,1.8401488041447576
1308,2019-02-27T07:00:00Z,NA,NA,UQL,83.2,6.82,41.7,0.15,0.04,0,0.057,0.029,5.66,2019-02-27T07:00:00Z,132,0.15,0.035,5e-4,0.036500000000000005,0.021500000000000002,4.575,130254,0.17,3.6181666666666668,1.4607085483685087,1.66,5.98,3688382.589138,4.461950779921776e-13,0.09680803426267431,216963474134.00085,4126557.479616,21250,618.9836219424,144.42951178656,2.063278739808,150.619348005984,88.720985811744,18879.000469243198,0.6189836219424,0.14442951178656,0.002063278739808,0.150619348005984,0.08872098581174401,18.8790004692432,0.049518689755392,0.0115543609429248,1.6506229918464e-4,0.01204954784047872,0.007097678864939521,1.5103200375394559
1318,2019-02-27T17:00:00Z,NA,NA,UQL,82.74,6.9,24.2,0.06,0.02,0,0.108,0.011,3.94,2019-02-27T17:00:00Z,133,0.105,0.03,0,0.0825,0.02,4.8,76653,0.22,0.8137261146496815,0.30482383755516657,0.444,1.62,2170571.273091,5.774289244604651e-13,0.056970428933750775,98662236199.86217,3688382.589138,27500,387.28017185949,110.65147767413998,0,304.291563603885,73.76765178276,17704.236427862397,0.38728017185949,0.11065147767413998,0,0.304291563603885,0.07376765178276,17.704236427862398,0.030982413748759197,0.008852118213931198,0,0.0243433250883108,0.0059014121426208,1.4163389142289917
1335,2019-02-28T19:10:00Z,NA,NA,UQL,93.14,6.88,17,0.03,0.01,0,0.043,0.016,2.71,2019-02-28T19:10:00Z,134,0.045,0.015,0,0.0755,0.0135,3.325,124515.59999999999,0.98,0.27930820995962313,0.06767639843809319,0.186,0.549,3525889.1943131997,2.572183390778435e-12,0.09254311169743308,35978426744.06906,2170571.273091,122500,97.67570728909499,32.558569096365,0,163.8781311183705,29.3027121867285,7217.149483027575,0.097675707289095,0.032558569096364995,0,0.16387813111837052,0.0293027121867285,7.217149483027575,0.0078140565831276,0.0026046855277091995,0,0.013110250489469642,0.00234421697493828,0.577371958642206
1351,2019-03-05T23:00:00Z,NA,NA,UQL,120.3,6.89,11.6,0.12,0.03,0,0,0.009,1.9,2019-03-05T23:00:00Z,135,0.075,0.02,0,0.0215,0.0125,2.3049999999999997,18702.6,1.1300000000000001,0.2710521739130435,0.10757199494343238,0.177,0.552,529598.6627021999,2.965884930183298e-12,0.013900240619106457,4686709345.209624,3525889.1943131997,141250.00000000003,264.44168957348995,70.51778388626398,0,75.80661767773378,44.073614928915,8127.1745928919245,0.26444168957348996,0.070517783886264,0,0.07580661767773378,0.044073614928915,8.127174592891924,0.021155335165879197,0.005641422710901119,0,0.006064529414218703,0.0035258891943132,0.6501739674313539
1360,2019-03-06T18:10:00Z,NA,NA,UQL,111.9,6.76,13.8,0.27,0.01,0,0,0.009,2.83,2019-03-06T18:10:00Z,136,0.195,0.02,0,0,0.009,2.365,8321.4,0.03,0.6304090909090909,0.041014119625538845,0.561,0.689,235635.8106258,7.87403078809725e-14,0.006184672841628034,78545195060.41394,529598.6627021999,3750,103.27173922692899,10.591973254043998,0,0,4.766387964319799,1252.5008372907027,0.10327173922692899,0.010591973254043999,0,0,0.004766387964319799,1.252500837290703,0.008261739138154318,8.473578603235199e-4,0,0,3.813110371455839e-4,0.10020006698325623
1369,2019-03-06T21:50:00Z,NA,NA,UQL,104.9,6.98,21.3,0.16,0.01,0,0,0.01,3.37,2019-03-06T21:50:00Z,137,0.21500000000000002,0.01,0,0,0.0095,3.1,45886.2,0.06,0.611816,0.089712118791524,0.452,0.725,1299352.5048113998,1.57480615761945e-13,0.0341037727961055,216558543609.3185,235635.8106258,7500,50.661699284547,2.3563581062580004,0,0,2.2385402009451,730.47101293998,0.050661699284547,0.002356358106258,0,0,0.0022385402009450998,0.7304710129399801,0.00405293594276376,1.8850864850064e-4,0,0,1.7908321607560797e-4,0.058437681035198405
1372,2019-03-07T18:40:00Z,NA,NA,UQL,102.7,7.03,16,0.24,0.02,0,0,0.012,2.49,2019-03-07T18:40:00Z,138,0.2,0.015,0,0,0.011,2.93,167196.24,1.55,0.16286405610753946,0.11148199844049662,0.0392,0.452,4734470.34705528,4.068249240516913e-12,0.1242644320367153,30544940757.10224,1299352.5048113998,193750,259.87050096227995,19.490287572170995,0,0,14.292877552925399,3807.1028390974016,0.25987050096228,0.019490287572170997,0,0,0.014292877552925399,3.8071028390974018,0.020789640076982398,0.0015592230057736797,0,0,0.001143430204234032,0.30456822712779213
1379,2019-03-19T16:53:00Z,NA,NA,UQL,129,7.26,7.28,0.045065558,0.035998767,0.001,NA,0.010643821,3.259597328,2019-03-19T16:50:00Z,139,0.142532779,0.027999383500000002,5e-4,NA,0.0113219105,2.874798664,92716.56,2.9,0.17802718894009217,0.11921412523975247,0.0334,0.449,2625440.64388632,7.611563095160676e-12,0.06890926894527076,9053234937.917324,4734470.34705528,362500,674.8172156588835,132.5622509165789,2.36723517352764,NA,53.603249534263824,13610.649028462134,0.6748172156588834,0.1325622509165789,0.00236723517352764,NA,0.05360324953426382,13.610649028462134,0.05398537725271067,0.01060498007332631,1.893788138822112e-4,NA,0.004288259962741106,1.0888519222769708
1398,2019-03-25T17:30:00Z,NA,NA,UQL,98,7.33,20.7,0.110665445,0.021374895,0,NA,0.018042575,4.85,2019-03-25T17:30:00Z,140,0.0778655015,0.028686831000000003,5e-4,NA,0.014343198000000001,4.054798664,122640.6,0.7944,0.46349433106575966,0.26302925967477975,0.239,1.15,3472795.1061882,2.085043352688152e-12,0.0911495647488364,43715908655.482574,2625440.64388632,99300,204.4312523946912,75.31557205169806,1.3127203219431598,NA,37.657214992508976,10645.633215241549,0.2044312523946912,0.07531557205169805,0.00131272032194316,NA,0.03765721499250898,10.64563321524155,0.016354500191575295,0.006025245764135843,1.050176257554528e-4,NA,0.0030125771994007184,0.851650657219324
1417,2019-03-28T19:00:00Z,NA,NA,UQL,118,7.49,16.2,0.074883688,0.008579007,0,NA,0.023961578,3.5,2019-03-28T19:00:00Z,141,0.0927745665,0.014976951,0,NA,0.0210020765,4.175,8882.4,0.2332,0.24673333333333333,0.002462372196918696,0.239,0.251,251521.56179279997,6.120746599280929e-13,0.006601622088648167,10785648419.79201,3472795.1061882,29150,322.1870605199317,52.01188213842047,0,NA,72.9359084889902,14498.919568335734,0.32218706051993173,0.05201188213842047,0,NA,0.0729359084889902,14.498919568335735,0.025774964841594538,0.004160950571073638,0,NA,0.005834872679119216,1.1599135654668589
1429,2019-03-29T05:00:00Z,NA,NA,UQL,119,7.77,17.1,0.027174679,0.008579007,0,NA,0.041718588,2.83,2019-03-29T05:00:00Z,142,0.051029183500000005,0.008579007,0,NA,0.032840083,3.165,12481.2,0.0424,0.24764285714285714,0.0024770895141826596,0.243,0.25,353428.2307764,1.1128630180510782e-13,0.009276340359906725,83355635055.17586,251521.56179279997,5300,12.83493993093138,2.1578052392713634,0,NA,8.25998896556518,796.0657430742119,0.012834939930931379,0.0021578052392713636,0,NA,0.008259988965565181,0.7960657430742119,0.0010267951944745103,1.726244191417091e-4,0,NA,6.607991172452145e-4,0.06368525944593695
1432,2019-03-29T19:00:00Z,NA,NA,UQL,119,7.7,16.4,0.080847314,0.003095055,0,NA,0.016562825,2.82,2019-03-29T19:00:00Z,143,0.054010996500000005,0.0058370309999999995,0,NA,0.029140706500000002,2.825,49867.98,0.0318,0.14762575488454707,0.04827700794009499,0.0836,0.243,1412103.9598590601,8.346472635383087e-14,0.03706313139289663,444057424159.9428,353428.2307764,3975,19.089010935465335,2.062971539317001,0,NA,10.29914834186934,998.4347519433301,0.019089010935465337,0.002062971539317001,0,NA,0.010299148341869341,0.9984347519433301,0.001527120874837227,1.650377231453601e-4,0,NA,8.239318673495473e-4,0.07987478015546641
1436,2019-04-02T16:45:00Z,NA,NA,UQL,138,7.1,11.5,0.021211053,0.012234975,0,NA,0.015083074,2.08,2019-04-02T16:50:00Z,144,0.051029183500000005,0.007665015000000001,0,NA,0.0158229495,2.45,47000.82,1.2614,0.13623426086956522,0.1321703493441349,0.056,0.446,1330915.02881454,3.3107674787019578e-12,0.03493218628935609,10551084156.188416,1412103.9598590601,157675,72.05851208872461,10.823798033879095,0,NA,22.343649645599932,3459.654701654698,0.07205851208872462,0.010823798033879095,0,NA,0.022343649645599935,3.459654701654698,0.005764680967097969,8.659038427103276e-4,0,NA,0.0017874919716479947,0.2767723761323758
1451,2019-04-06T16:30:00Z,NA,NA,UQL,126.9,7.15,17.9,0.26,0.03,0,0.03,0.01,2.055239534,2019-04-06T16:30:00Z,144,0.1406055265,0.0211174875,0,NA,0.012541537,2.067619767,47000.82,1.2614,0.13623426086956522,0.1321703493441349,0.056,0.446,1330915.02881454,3.3107674787019578e-12,0.03493218628935609,10551084156.188416,1330915.02881454,157675,187.13400835323108,28.10558148455319,0,NA,16.691720077733617,2751.8262217743177,0.18713400835323107,0.02810558148455319,0,NA,0.01669172007773362,2.751826221774318,0.014970720668258487,0.0022484465187642554,0,NA,0.0013353376062186894,0.22014609774194543
