sample,datetime,SUBWS,ec,ph,turb,tn,nh4n,no3n,tp,po4,doc,don,time_round,date_group,firstq,lastq,volume_cf,time_secs,time_days,time_weeks,rain_mm,mean_Q_cfs,sd_Q_cfs,min_Q_cfs,max_Q_cfs,volume_liters,rain_ft,runoff_ft,runoff_meters,runoff_ratio,rain_liters,ec_grams,ph_grams,turb_grams,tn_grams,nh4n_grams,no3n_grams,tp_grams,po4_grams,doc_grams,don_grams,ec_kg,ph_kg,turb_kg,tn_kg,nh4n_kg,no3n_kg,tp_kg,po4_kg,doc_kg,don_kg,ec_ha,ph_ha,turb_ha,tn_ha,nh4n_ha,no3n_ha,tp_ha,po4_ha,doc_ha,don_ha
54,2016-09-28T17:25:00Z,TRE,217,8.41,1,0.08,0.01,0.02,0.02,0.01,1,0.05,2016-09-28T17:30:00Z,4,0.0172,0.115,64726.74,2504400,28.98611111111111,4.140873015873016,162.16376,0.025845208433157643,0.012514688606014247,0.0122,0.115,1832857.1933887799,0.5320333503584,0.04264763641589213,0.4590548936170213,12.475095810002362,22865090.16,397730.0109653652,15414.32899639964,1832.85719338878,146.6285754711024,18.3285719338878,36.6571438677756,36.6571438677756,18.3285719338878,1832.85719338878,91.642859669439,397.73001096536524,15.41432899639964,1.8328571933887798,0.14662857547110242,0.018328571933887802,0.036657143867775605,0.036657143867775605,0.018328571933887802,1.8328571933887798,0.091642859669439,28.207802196125193,1.0932148224396907,0.12998987187154468,0.010399189749723576,0.001299898718715447,0.002599797437430894,0.002599797437430894,0.001299898718715447,0.12998987187154468,0.006499493593577234
64,2016-10-27T17:10:00Z,TRE,161,7.74,15.6,0.29,0.01,0.09,0.03,0.02,9.09,0.19,2016-10-27T17:10:00Z,5,0.122,0.0504,161668.44,1173000,13.57638888888889,1.939484126984127,93.6498,0.1378247570332481,0.12700762137078178,0.0453,0.759,4577940.48020868,0.307250009832,0.10652130555384795,1.1465846808510638,2.884399587805287,13204621.799999999,737048.4173135974,35433.25931681518,71415.8714912554,1327.602739260517,45.7794048020868,412.01464321878115,137.33821440626042,91.5588096041736,41613.478965096896,869.8086912396492,737.0484173135975,35.43325931681518,71.4158714912554,1.327602739260517,0.0457794048020868,0.4120146432187812,0.1373382144062604,0.0915588096041736,41.613478965096895,0.8698086912396492,52.27293739812748,2.5129971146677432,5.064955424911731,0.09415622264258985,0.0032467662980203405,0.029220896682183063,0.009740298894061021,0.006493532596040681,2.951310564900489,0.06168855966238647
88,2016-11-10T07:00:00Z,TRE,140,8.06,19.9,0.26,0,0,0.08,0.02,8.25,0.26,2016-11-10T07:00:00Z,9,0.0504,1.63,504988.56,2633400,30.479166666666668,4.354166666666666,240.19764,0.19176295283663705,0.29587215265932715,0.0345,1.77,14299683.79027032,0.7880500252176,0.3327306226308467,3.5814791489361704,2.368432514526668,33867867.24,2001955.730637845,115255.45134957878,284563.7074263793,3717.917785470283,0,0,1143.9747032216258,285.99367580540644,117972.39126973014,3717.917785470283,2001.955730637845,115.25545134957878,284.5637074263793,3.717917785470283,0,0,1.1439747032216256,0.2859936758054064,117.97239126973014,3.717917785470283,141.98267593176206,8.17414548578573,20.18182322172903,0.2636821124447009,0,0,0.0811329576752926,0.02028323941882315,8.366836260264549,0.2636821124447009
89,2016-11-10T07:00:00Z,TRE,136,8.01,15.7,0.27,0,0,0.07,0.01,5.46,0.27,2016-11-10T07:00:00Z,9,0.0504,1.63,504988.56,2633400,30.479166666666668,4.354166666666666,240.19764,0.19176295283663705,0.29587215265932715,0.0345,1.77,14299683.79027032,0.7880500252176,0.3327306226308467,3.5814791489361704,2.368432514526668,33867867.24,1944756.9954767635,114540.46716006525,224505.035507244,3860.9146233729866,0,0,1000.9778653189225,142.99683790270322,78076.27349487593,3860.9146233729866,1944.7569954767634,114.54046716006525,224.505035507244,3.8609146233729863,0,0,1.0009778653189225,0.1429968379027032,78.07627349487593,3.8609146233729863,137.92602804799742,8.12343738723867,15.92234294377617,0.2738237321541125,0,0,0.07099133796588103,0.010141619709411576,5.537324361338719,0.2738237321541125
90,2016-11-10T07:00:00Z,TRE,136,7.88,12.2,0.44,0,0,0.08,0.03,4.76,0.44,2016-11-10T07:00:00Z,9,0.0504,1.63,504988.56,2633400,30.479166666666668,4.354166666666666,240.19764,0.19176295283663705,0.29587215265932715,0.0345,1.77,14299683.79027032,0.7880500252176,0.3327306226308467,3.5814791489361704,2.368432514526668,33867867.24,1944756.9954767635,112681.50826733011,174456.14224129787,6291.86086771894,0,0,1143.9747032216258,428.9905137081096,68066.49484168671,6291.86086771894,1944.7569954767634,112.68150826733012,174.45614224129787,6.291860867718941,0,0,1.1439747032216256,0.42899051370810953,68.0664948416867,6.291860867718941,137.92602804799742,7.9915963310163205,12.37277604548212,0.4462312672141093,0,0,0.0811329576752926,0.03042485912823472,4.8274109816799085,0.4462312672141093
91,2016-11-10T07:00:00Z,TRE,134,7.93,7.93,0.23,0,0,0.03,0.01,3.44,0.23,2016-11-10T07:00:00Z,9,0.0504,1.63,504988.56,2633400,30.479166666666668,4.354166666666666,240.19764,0.19176295283663705,0.29587215265932715,0.0345,1.77,14299683.79027032,0.7880500252176,0.3327306226308467,3.5814791489361704,2.368432514526668,33867867.24,1916157.6278962228,113396.49245684363,113396.49245684363,3288.9272717621734,0,0,428.9905137081096,142.99683790270322,49190.9122385299,3288.9272717621734,1916.1576278962227,113.39649245684363,113.39649245684363,3.288927271762174,0,0,0.42899051370810953,0.1429968379027032,49.1909122385299,3.288927271762174,135.8977041061151,8.042304429563378,8.042304429563378,0.23325725331646624,0,0,0.03042485912823472,0.010141619709411576,3.4887171800375816,0.23325725331646624
98,2016-12-10T18:30:00Z,TRE,99,7.6,30.7,0.3,0.04,0.04,0.07,0.01,2.95,0.22,2016-12-10T18:30:00Z,10,1.64,0.608,94138.8,89400,1.0347222222222223,0.14781746031746032,0.254,1.053006711409396,0.30975121875824835,0.608,1.64,2665713.9963636,8.333333600000001e-4,0.06202687351515596,0.6676510638297872,0.013435037311632016,35814,263905.6856399964,20259.42637236336,81837.41968836251,799.7141989090799,106.628559854544,106.628559854544,186.599979745452,26.657139963636,7863.8562892726195,586.457079199992,263.90568563999636,20.259426372363357,81.83741968836252,0.7997141989090799,0.106628559854544,0.106628559854544,0.186599979745452,0.026657139963636,7.863856289272619,0.586457079199992,18.716715293616765,1.4368387498130042,5.804072318323583,0.05671731907156595,0.007562309209542128,0.007562309209542128,0.013234041116698724,0.001890577302385532,0.5577203042037319,0.041592700652481704
104,2016-12-11T19:20:00Z,TRE,110,7.44,18.5,0.16,0.02,0.02,0.04,0.01,1.64,0.12,2016-12-11T19:20:00Z,11,0.605,0.215,70582.2,240000,2.777777777777778,0.3968253968253968,14.224,0.2940925,0.11528367081091362,0.177,0.605,1998665.3583234,0.04666666816,0.0465057255012964,0.5005829787234042,1.0034607063317207,2005584.0000000002,219853.189415574,14870.070265926097,36975.3091289829,319.786457331744,39.973307166468,39.973307166468,79.946614332936,19.986653583234,3277.8111876503754,239.839842998808,219.85318941557398,14.870070265926097,36.9753091289829,0.319786457331744,0.039973307166468,0.039973307166468,0.079946614332936,0.019986653583234,3.2778111876503755,0.23983984299880798,15.592424781246383,1.054614912477028,2.6223623495732555,0.02267989059090383,0.002834986323862979,0.002834986323862979,0.005669972647725958,0.0014174931619314894,0.23246887855676424,0.017009917943177872
48,2016-12-14T14:00:00Z,TRE,180,7.78,2.5,0.12,0.06,0.02,0.02,0.02,2.17,0.04,2016-12-14T14:00:00Z,12,0.217,2.55,72015.6,104400,1.2083333333333335,0.17261904761904762,66.294,0.6898045977011494,0.7571490157937653,0.215,2.58,2039254.7268132002,0.21750000696,0.04745017476660066,0.5107489361702128,4.583755655903177,9347454,367065.850826376,15865.401774606697,5098.136817033001,244.710567217584,122.355283608792,40.785094536264005,40.785094536264005,40.785094536264005,4425.182757184644,81.57018907252801,367.065850826376,15.865401774606697,5.098136817033001,0.244710567217584,0.122355283608792,0.040785094536264006,0.040785094536264006,0.040785094536264006,4.425182757184644,0.08157018907252801,26.033039065700425,1.1252057996174962,0.3615699870236171,0.017355359377133617,0.008677679688566808,0.0028925598961889367,0.0028925598961889367,0.0028925598961889367,0.3138427487364996,0.005785119792377873
112,2016-12-15T19:00:00Z,TRE,93,7.42,51.9,0.3,0,0.02,0.11,0.01,3.29,0.28,2016-12-15T19:00:00Z,13,2.61,0.86,159948,87600,1.013888888888889,0.14484126984126983,0.508,1.825890410958904,0.6902216947527918,0.86,2.92,4529223.043955999,0.0016666667200000002,0.10538772923600222,1.1343829787234043,0.01581461838187741,71628,421217.74308790796,33606.83498615351,235066.67598131637,1358.7669131867997,0,90.58446087911999,498.21453483515995,45.292230439559994,14901.143814615238,1268.18245230768,421.217743087908,33.606834986153515,235.06667598131637,1.3587669131867997,0,0.09058446087911999,0.49821453483515993,0.045292230439559995,14.901143814615239,1.26818245230768,29.873598800560853,2.3834634741952847,16.671395459667828,0.09636644774374466,0,0.006424429849582978,0.03533436417270638,0.003212214924791489,1.0568187102564,0.0899420178941617
105,2016-12-16T19:20:00Z,TRE,104,7.35,16.1,0.18,0.03,0.02,0.04,0.01,1.72,0.13,2016-12-16T19:20:00Z,14,0.835,0.367,254782.74,1584600,18.34027777777778,2.6200396825396823,74.93,0.16078678530859522,0.11393647809729276,0.0698,0.839,7214643.86682078,0.24583334120000003,0.16787314888042834,1.8069697872340424,1.464399416103767,10565130,750322.9621493611,53027.63242113273,116155.76625581457,1298.6358960277403,216.43931600462338,144.29287733641561,288.58575467283123,72.14643866820781,12409.18745093174,937.9037026867014,750.3229621493612,53.02763242113273,116.15576625581457,1.2986358960277404,0.21643931600462338,0.1442928773364156,0.2885857546728312,0.0721464386682078,12.409187450931741,0.9379037026867014,53.214394478678095,3.7608249944065766,8.237997606795359,0.0921018365977121,0.015350306099618679,0.010233537399745788,0.020467074799491575,0.005116768699872894,0.8800842163781377,0.06651799309834762
168,2017-01-04T03:30:00Z,TRE,107,7.68,24.9,0.41,0.05,0.01,0.03,0.01,5.25,0.35,2017-01-04T03:30:00Z,15,0.383,0.546,14280,29400,0.3402777777777778,0.048611111111111105,0.254,0.4857142857142857,0.047350202393090866,0.383,0.546,404364.57516,8.333333600000001e-4,0.009408912730950757,0.10127659574468086,0.08856850773615295,35814,43267.00954212,3105.5199372288,10068.677921483999,165.78947581559999,20.218228758000002,4.0436457516,12.1309372548,4.0436457516,2122.91401959,141.527601306,43.26700954212,3.1055199372287996,10.068677921484,0.1657894758156,0.020218228758,0.0040436457516,0.012130937254799998,0.0040436457516,2.12291401959,0.141527601306,3.0685822370297875,0.22024964093821275,0.7140906327293617,0.011758118852170213,0.0014339169331914895,2.867833866382979e-4,8.603501599148936e-4,2.867833866382979e-4,0.15056127798510638,0.010037418532340426
169,2017-01-04T11:40:00Z,TRE,105,7.79,25.8,0.37,0.02,0.01,0.03,0.01,3.55,0.34,2017-01-04T11:40:00Z,16,0.549,0.513,15760.800000000001,29400,0.3402777777777778,0.048611111111111105,0,0.5360816326530613,0.012402682395846682,0.513,0.552,446296.1621976,0,0.01038459326120229,0.11177872340425532,0,0,46861.097030748,3476.647103519304,11514.44098469808,165.129580013112,8.925923243952,4.462961621976,13.388884865927999,4.462961621976,1584.35137580148,151.74069514718403,46.861097030748,3.476647103519304,11.51444098469808,0.16512958001311198,0.008925923243952,0.004462961621976,0.013388884865928,0.004462961621976,1.58435137580148,0.15174069514718402,3.323482058918298,0.24657071656165278,0.8166270201913532,0.011711317731426382,6.330442016987234e-4,3.165221008493617e-4,9.495663025480851e-4,3.165221008493617e-4,0.11236534580152341,0.0107617514288783
170,2017-01-04T19:50:00Z,TRE,105,7.69,21.4,0.3,0.02,0.01,0.03,0.01,2.87,0.27,2017-01-04T19:50:00Z,17,0.513,0.441,14071.2,29400,0.3402777777777778,0.048611111111111105,0,0.47861224489795917,0.02049676430412311,0.441,0.513,398452.0175064,0,0.00927133703219568,0.09979574468085108,0,0,41837.46183817201,3064.096014624216,8526.87317463696,119.53560525192,7.969040350128001,3.9845201750640005,11.953560525192001,3.9845201750640005,1143.5572902433682,107.58204472672801,41.837461838172004,3.064096014624216,8.52687317463696,0.11953560525192,0.007969040350128001,0.003984520175064001,0.011953560525192001,0.003984520175064001,1.1435572902433682,0.10758204472672801,2.96719587504766,0.21731177408682384,0.6047427783430468,0.00847770250013617,5.651801666757448e-4,2.825900833378724e-4,8.477702500136171e-4,2.825900833378724e-4,0.08110335391796937,0.0076299322501225545
171,2017-01-05T04:00:00Z,TRE,107,7.72,20.5,0.37,0.01,0.01,0.02,0.01,2.49,0.35,2017-01-05T04:00:00Z,18,0.441,0.842,88876.2,301200,3.486111111111111,0.49801587301587297,64.77,0.2950737051792829,0.10706686657402827,0.19,0.842,2516693.7573414,0.2125000068,0.058559412441073225,0.630327659574468,3.6287933560438828,9132570,269286.2320355298,19428.875806675605,51592.2220254987,931.1766902163179,25.166937573413996,25.166937573413996,50.33387514682799,25.166937573413996,6266.567455780086,880.8428150694899,269.2862320355298,19.428875806675606,51.59222202549869,0.9311766902163179,0.025166937573413997,0.025166937573413997,0.050333875146827994,0.025166937573413997,6.266567455780086,0.8808428150694899,19.098314328760978,1.3779344543741565,3.6590228386878505,0.0660409000153417,0.0017848891896038296,0.0017848891896038296,0.003569778379207659,0.0017848891896038296,0.44443740821135364,0.06247112163613404
172,2017-01-08T15:40:00Z,TRE,97,7.65,30.1,0.4,0.02,0.01,0.03,0.01,4.14,0.37,2017-01-08T15:40:00Z,19,0.857,2.61,45550.8,27000,0.3125,0.04464285714285714,1.016,1.6870666666666667,0.6832805692858801,0.857,2.63,1289855.0343276002,0.0033333334400000004,0.03001285028186217,0.3230553191489362,0.1110635414062773,143256,125115.93832977721,9867.391012606142,38824.63653326076,515.9420137310401,25.797100686552003,12.898550343276002,38.69565102982801,12.898550343276002,5339.9998421162645,477.24636270121204,125.11593832977721,9.867391012606141,38.824636533260765,0.5159420137310401,0.025797100686552003,0.012898550343276001,0.038695651029828006,0.012898550343276001,5.339999842116264,0.47724636270121207,8.8734708035303,0.6998149654330597,2.753520321507856,0.03659163217950639,0.0018295816089753194,9.147908044876597e-4,0.0027443724134629793,9.147908044876597e-4,0.3787233930578911,0.03384725976604341
173,2017-01-08T23:10:00Z,TRE,84,7.62,58.1,0.17,0.01,0.02,0.05,0.01,4.23,0.14,2017-01-08T23:10:00Z,20,2.58,1.96,41430,18000,0.20833333333333334,0.02976190476190476,4.826,2.3016666666666667,0.2046036257698307,1.96,2.63,1173166.9712099999,0.015833333839999998,0.027297706893787806,0.29382978723404257,0.5800243185849147,680466,98546.02558163999,8939.5323206202,68161.001027301,199.4383851057,11.7316697121,23.4633394242,58.658348560499995,11.7316697121,4962.4962882183,164.24337596939998,98.54602558164,8.9395323206202,68.161001027301,0.1994383851057,0.011731669712099999,0.023463339424199998,0.05865834856049999,0.011731669712099999,4.9624962882183,0.1642433759694,6.989079828485107,0.634009384441149,4.834113548035532,0.014144566319553192,8.320333129148936e-4,0.0016640666258297872,0.004160166564574468,8.320333129148936e-4,0.351950091363,0.011648466380808511
174,2017-01-09T04:10:00Z,TRE,89,7.61,31.4,0.11,0.04,0.02,0.03,0.01,3.55,0.05,2017-01-09T04:10:00Z,21,1.96,0.389,649857,849000,9.82638888888889,1.4037698412698412,137.668,0.7654381625441696,0.9473323844528453,0.118,4.97,18401901.240879,0.45166668112,0.4281826190894584,4.608914893617022,1.054845902153808,19411188,1637769.210438231,140038.4684430892,577819.6989636006,2024.2091364966898,736.07604963516,368.03802481758,552.05703722637,184.01901240879,65326.74940512045,920.09506204395,1637.769210438231,140.0384684430892,577.8196989636006,2.02420913649669,0.73607604963516,0.36803802481758,0.55205703722637,0.18401901240879,65.32674940512045,0.92009506204395,116.15384471193128,9.931806272559516,40.980120493872384,0.1435609316664319,0.05220397515142979,0.026101987575714896,0.03915298136357234,0.013050993787857448,4.6331027946893935,0.06525496893928723
180,2017-01-19T00:00:00Z,TRE,101,7.56,20.2,0.29,0.04,0.02,0.05,0.03,5.35,0.23,2017-01-19T00:00:00Z,22,0.402,0.725,88023,115200,1.3333333333333335,0.19047619047619047,36.576,0.7640885416666666,0.11832061100433029,0.402,0.9,2492533.823481,0.12000000384000001,0.05799724967202231,0.6242765957446809,2.0690636973064542,5157216,251745.916171581,18843.55570551636,50349.1832343162,722.8348088094899,99.70135293924001,49.850676469620005,124.62669117405001,74.77601470443,13335.05595562335,573.28277940063,251.745916171581,18.843555705516362,50.3491832343162,0.7228348088094899,0.09970135293924001,0.049850676469620006,0.12462669117405001,0.07477601470443,13.33505595562335,0.57328277940063,17.85432029585681,1.3364223904621533,3.570864059171362,0.05126488005741063,0.007071017938953193,0.0035355089694765964,0.00883877242369149,0.005303263454214894,0.9457486493349894,0.04065835314898085
175,2017-01-20T08:00:00Z,TRE,101,7.62,15.3,0.08,0.01,0.01,0.02,0.01,3.01,0.06,2017-01-20T08:00:00Z,23,0.718,1.43,21519,21600,0.25,0.03571428571428571,4.826,0.99625,0.23404619507390292,0.718,1.43,609350.230593,0.015833333839999998,0.014178598953594492,0.15261702127659574,1.1167065160543246,680466,61544.373289892996,4643.24875711866,9323.0585280729,48.748018447439996,6.0935023059299995,6.0935023059299995,12.187004611859999,6.0935023059299995,1834.1441940849297,36.56101383557999,61.544373289892995,4.64324875711866,9.323058528072899,0.04874801844743999,0.006093502305929999,0.006093502305929999,0.012187004611859998,0.006093502305929999,1.8341441940849297,0.03656101383557999,4.364849169495957,0.3293084224906851,0.6612098246860212,0.0034573062728680847,4.321632841085106e-4,4.321632841085106e-4,8.643265682170212e-4,4.321632841085106e-4,0.1300811485166617,0.0025929797046510632
176,2017-01-20T14:00:00Z,TRE,90,7.64,36.4,0.15,0.03,0.01,0.07,0.03,4.37,0.11,2017-01-20T14:00:00Z,24,1.48,1.73,23856,14400,0.16666666666666669,0.023809523809523808,6.604,1.6566666666666667,0.09585617245175945,1.48,1.79,675526.702032,0.021666667360000003,0.015718418915235382,0.16919148936170214,1.3784253668795636,931164,60797.40318287999,5161.02400352448,24589.171953964797,101.32900530479998,20.265801060959998,6.75526702032,47.28686914224,20.265801060959998,2952.05168787984,74.30793722352,60.79740318287999,5.16102400352448,24.589171953964797,0.10132900530479998,0.020265801060959997,0.00675526702032,0.04728686914224,0.020265801060959997,2.9520516878798397,0.07430793722352,4.311872566161702,0.3660300711719489,1.7439129045365105,0.0071864542769361685,0.0014372908553872338,4.790969517957447e-4,0.003353678662570213,0.0014372908553872338,0.20936536793474042,0.0052700664697531915
177,2017-01-20T18:00:00Z,TRE,90,7.68,31.6,0.11,0.02,0.01,0.03,0.01,3.75,0.08,2017-01-20T18:00:00Z,25,1.76,1.44,44946,28800,0.33333333333333337,0.047619047619047616,5.334,1.560625,0.09075115027698406,1.44,1.76,1272729.005262,0.01750000056,0.029614355154433666,0.3187659574468085,0.5909296511350852,752094,114545.61047358,9774.558760412161,40218.2365662792,140.00019057882,25.45458010524,12.72729005262,38.181870157860004,12.72729005262,4772.7337697325,101.81832042096,114.54561047358,9.77455876041216,40.2182365662792,0.14000019057882002,0.02545458010524,0.01272729005262,0.03818187015786,0.01272729005262,4.7727337697325005,0.10181832042096,8.12380216124681,0.6932311177597277,2.852357203282213,0.009929091530412767,0.0018052893691659576,9.026446845829788e-4,0.0027079340537489362,9.026446845829788e-4,0.3384917567186171,0.0072211574766638306
178,2017-01-21T02:00:00Z,TRE,93,7.77,22.2,0.08,0,0.01,0.02,0.01,3.29,0.07,2017-01-21T02:00:00Z,26,1.45,0.864,269055,234600,2.715277777777778,0.38789682539682535,46.482,1.1468670076726342,0.17951939459824515,0.832,1.45,7618789.269584999,0.15250000488,0.17727696182254593,1.908191489361702,0.8602358891543526,6553962,708547.402071405,59197.99262467545,169137.12178478696,609.5031415668,0,76.18789269585,152.3757853917,76.18789269585,25065.81669693465,533.31524887095,708.5474020714049,59.19799262467544,169.13712178478696,0.6095031415668,0,0.07618789269585,0.1523757853917,0.07618789269585,25.065816696934647,0.5333152488709499,50.25158879939042,4.198439193239393,11.99554055211255,0.04322717316076596,0,0.005403396645095745,0.01080679329019149,0.005403396645095745,1.7777174962364999,0.03782377651567021
179,2017-01-23T19:10:00Z,TRE,96,7.69,19.9,0.13,0.01,0.01,0.02,0,3.29,0.11,2017-01-23T19:10:00Z,27,0.86,0.907,385353,1237800,14.32638888888889,2.046626984126984,121.41199999999999,0.31132089190499274,0.21003002368346455,0.122,0.932,10911981.941991,0.39833334608,0.25390425403431843,2.733,1.5688328956716104,17119092,1047550.2664311359,83913.14113391079,217148.4406456209,1418.55765245883,109.11981941991,109.11981941991,218.23963883982,0,35900.42058915039,1200.31801361901,1047.550266431136,83.91314113391078,217.1484406456209,1.4185576524588301,0.10911981941991,0.10911981941991,0.21823963883982,0,35.90042058915039,1.20031801361901,74.29434513695999,5.9512866052419,15.400598627349,0.10060692570630002,0.0077389942851,0.0077389942851,0.0154779885702,0,2.5461291197979,0.0851289371361
192,2017-02-07T03:00:00Z,TRE,97,7.53,16.1,0.28,0.17,0.01,0.04,0,3,0.1,2017-02-07T03:00:00Z,28,0.907,2.49,37929,28800,0.33333333333333337,0.047619047619047616,10.668,1.3169791666666666,0.4269798186263426,0.907,2.49,1074029.689863,0.03500000112,0.024990941944834123,0.269,1.4005074797604757,1504188,104180.879916711,8087.4435646683905,17291.878006794304,300.72831316164,182.58504727671001,10.74029689863,42.96118759452,0,3222.0890695890002,107.40296898630001,104.180879916711,8.08744356466839,17.291878006794303,0.30072831316164,0.18258504727671002,0.01074029689863,0.04296118759452,0,3.2220890695890003,0.10740296898630002,7.388714887710001,0.5735775577779001,1.2263743267230003,0.0213282491604,0.012949294133100002,7.617231843e-4,0.0030468927372,0,0.22851695529000002,0.007617231843000001
193,2017-02-07T11:00:00Z,TRE,82,7.54,65.7,0.2,0.04,0.01,0.1,0,3.96,0.15,2017-02-07T11:00:00Z,29,2.65,3.43,22380,7200,0.08333333333333334,0.011904761904761904,0,3.1083333333333334,0.2637779139328914,2.65,3.43,633731.03586,0,0.014745901044725347,0.15872340425531914,0,0,51965.94494052,4778.3320103844,41636.129056002,126.746207172,25.3492414344,6.3373103586,63.373103586,0,2509.5749020055996,95.05965537899999,51.96594494052,4.7783320103844,41.636129056002,0.126746207172,0.0253492414344,0.0063373103586,0.063373103586,0,2.5095749020055997,0.09505965537899999,3.685528009965957,0.3388887950627234,2.952916954326383,0.008989092707234043,0.0017978185414468085,4.494546353617021e-4,0.004494546353617021,0,0.17798403560323403,0.006741819530425531
194,2017-02-07T13:00:00Z,TRE,79,7.5,120,0.24,0.05,0.01,0.15,0,3.68,0.18,2017-02-07T13:00:00Z,30,3.5,1.85,119730,43200,0.5,0.07142857142857142,0.254,2.7715277777777776,0.5937340888239548,1.85,3.6,3390376.09131,8.333333600000001e-4,0.07888859392694217,0.8491489361702128,0.010563420115862893,35814,267839.71121349,25427.820684825,406845.1309572,813.6902619144,169.5188045655,33.9037609131,508.5564136965,0,12476.5840160208,610.2676964358,267.83971121349003,25.427820684825,406.8451309572,0.8136902619144001,0.1695188045655,0.033903760913099996,0.5085564136965,0,12.476584016020801,0.6102676964357999,18.9957241995383,1.8033915379308512,28.85426460689362,0.05770852921378724,0.01202261025287234,0.002404522050574468,0.03606783075861702,0,0.8848641146114044,0.04328139691034042
195,2017-02-08T01:00:00Z,TRE,91,7.48,21.2,0.09,0.03,0.01,0.03,0,2.18,0.05,2017-02-08T01:00:00Z,31,1.83,1.07,50682,36000,0.4166666666666667,0.05952380952380952,13.208,1.4078333333333333,0.23301336010774268,1.07,1.83,1435154.4396539999,0.043333334720000005,0.03339373354552145,0.3594468085106383,1.297648693906273,1862328,130599.05400851398,10734.95520861192,30425.2741206648,129.16389956886,43.05463318961999,14.35154439654,43.05463318961999,0,3128.63667844572,71.75772198269999,130.59905400851397,10.73495520861192,30.4252741206648,0.12916389956885999,0.043054633189619995,0.01435154439654,0.043054633189619995,0,3.1286366784457202,0.07175772198269999,9.262344255922978,0.7613443410363064,2.157820859621617,0.009160560253110638,0.0030535200843702123,0.0010178400281234043,0.0030535200843702123,0,0.22188912613090214,0.00508920014061702
196,2017-02-08T11:00:00Z,TRE,95,7.5,25.2,0.13,0.06,0.01,0.05,0.01,2.06,0.06,2017-02-08T11:00:00Z,32,1.05,0.8,NA,1065600,12.333333333333334,1.7619047619047619,183.896,NA,NA,NA,NA,NA,0.60333335264,NA,NA,NA,25929335.999999996,NA,NA,NA,NA,NA,NA,NA,NA,NA,NA,NA,NA,NA,NA,NA,NA,NA,NA,NA,NA,NA,NA,NA,NA,NA,NA,NA,NA,NA,NA
217,2017-02-20T19:00:00Z,TRE,97,7.41,11.1,0.31,0.17,0,0.02,0,2.07,0.14,2017-02-20T19:00:00Z,33,0.807,1.1,19227.6,21600,0.25,0.03571428571428571,11.938,0.8901666666666667,0.07748308571184147,0.807,1.1,544465.0073772,0.03916666792,0.012668824259497813,0.1363659574468085,3.091578754092888,1683258,52813.1057155884,4034.485704665052,6043.561581886919,168.784152286932,92.559051254124,0,10.889300147543999,0,1127.0425652708038,76.225101032808,52.8131057155884,4.034485704665052,6.0435615818869195,0.168784152286932,0.092559051254124,0,0.010889300147543999,0,1.1270425652708038,0.076225101032808,3.7456103344388936,0.28613373791950725,0.42862138878630635,0.01197050725439234,0.0065644717201506384,0,7.722907906059573e-4,0,0.07993209682771658,0.005406035534241702
218,2017-02-21T01:00:00Z,TRE,93,7.65,19.6,0.32,0.17,0,0.03,0,2.73,0.15,2017-02-21T01:00:00Z,34,1.11,2.05,33456,21600,0.25,0.03571428571428571,6.35,1.5488888888888888,0.29282640179345437,1.11,2.05,947368.433232,0.020833334,0.02204373839822749,0.23727659574468085,0.9450907837699245,895350,88105.264290576,7247.3685142248005,18568.4212913472,303.15789863424,161.05263364944003,0,28.42105299696,0,2586.31582272336,142.1052649848,88.105264290576,7.2473685142248,18.568421291347203,0.30315789863424,0.16105263364944003,0,0.02842105299696,0,2.5863158227233596,0.14210526498479997,6.24860030429617,0.513997766966298,1.3169093114430641,0.02150056018682553,0.011422172599251067,0,0.002015677517514894,0,0.1834266540938553,0.010078387587574466
219,2017-02-21T07:00:00Z,TRE,88,7.52,33,0.37,0.18,0,0.06,0,2.93,0.19,2017-02-21T07:00:00Z,35,2.07,2.22,31374,14400,0.16666666666666669,0.023809523809523808,0.254,2.17875,0.042560698343404396,2.07,2.22,888412.757778,8.333333600000001e-4,0.020671934735353576,0.22251063829787235,0.040312306064647925,35814,78180.32268446399,6680.863938490559,29317.621006674,328.71272037786,159.91429640003997,0,53.304765466679996,0,2603.0493802895403,168.79842397782,78.18032268446399,6.6808639384905595,29.317621006674,0.32871272037786003,0.15991429640003998,0,0.05330476546667999,0,2.6030493802895402,0.16879842397782,5.544703736486808,0.47382013748159996,2.079263901182553,0.023312958892046813,0.011341439460995743,0,0.003780479820331914,0,0.18461343122620855,0.011971519431051065
220,2017-02-21T11:00:00Z,TRE,88,7.53,23.9,0.36,0.19,0,0.04,0,2.52,0.17,2017-02-21T11:00:00Z,36,2.2,0.692,151547.4,120000,1.388888888888889,0.1984126984126984,4.318,1.262895,0.44467801458841144,0.675,2.2,4291344.5390478,0.014166667119999999,0.09985267935591643,1.0748042553191488,0.14187568337053943,608838,377638.3194362064,32313.824379029935,102563.13448324241,1544.8840340572078,815.3554624190821,0,171.653781561912,0,10814.188238400455,729.5285716381261,377.6383194362064,32.31382437902993,102.56313448324241,1.5448840340572079,0.8153554624190821,0,0.17165378156191202,0,10.814188238400456,0.729528571638126,26.782859534482725,2.291760594257442,7.273981169024284,0.1095662435501566,0.057826628540360435,0,0.012174027061128512,0,0.7669637048510962,0.051739615009796174
221,2017-02-22T20:20:00Z,TRE,95,7.49,13.7,0.06,0,0,0.02,0.01,1.6,0.06,2017-02-22T20:20:00Z,37,0.692,0.487,509346,2407800,27.868055555555557,3.9811507936507935,105.664,0.21153999501619736,0.1631207503511268,0.0995,1.03,14423072.752062,0.34666667776000004,0.33560168514417676,3.6123829787234043,1.0329706110118895,14898624,1370191.9114458899,108028.81491294439,197596.0967032494,865.38436512372,0,0,288.46145504124,144.23072752062,23076.9164032992,865.38436512372,1370.19191144589,108.0288149129444,197.5960967032494,0.8653843651237201,0,0,0.28846145504124004,0.14423072752062002,23.0769164032992,0.8653843651237201,97.17673130821915,7.661618078932227,14.01390756760634,0.061374777668348944,0,0,0.020458259222782983,0.010229129611391491,1.6366607378226383,0.061374777668348944
254,2017-03-22T17:13:00Z,TRE,106,7.66,27.3,0.56,0,0.01,0.04,0,1.67,0.55,2017-03-22T17:10:00Z,38,0.487,0.352,49825.2,154200,1.7847222222222223,0.25496031746031744,39.623999999999995,0.3231206225680934,0.0651583186332405,0.247,0.487,1410892.5651443999,0.13000000416,0.032829198781664404,0.3533702127659574,3.959889640456499,5586984,149554.6119053064,10807.437049006103,38517.36702844212,790.0998364808639,0,14.108925651443998,56.435702605775994,0,2356.190583791148,775.9909108294199,149.5546119053064,10.807437049006102,38.517367028442116,0.790099836480864,0,0.014108925651443999,0.056435702605775996,0,2.356190583791148,0.77599091082942,10.606710064206126,0.7664848970926313,2.73172815804554,0.05603544939580596,0,0.0010006330249251064,0.0040025320997004255,0,0.16710571516249279,0.05503481637088085
222,2017-03-24T12:00:00Z,TRE,104,7.1,16.5,0.48,0.17,0.09,0.05,0,3.4,0.22,2017-03-24T12:00:00Z,39,0.357,0.811,7679.4,14400,0.16666666666666669,0.023809523809523808,0,0.5332916666666667,0.13342396602614137,0.357,0.811,217456.3948518,0,0.005059860253925998,0.05446382978723404,0,0,22615.4650645872,1543.9404034477798,3588.0305150547,104.379069528864,36.967587124806,19.571075536662,10.87281974259,0,739.35174249612,47.840406867396,22.615465064587198,1.5439404034477797,3.5880305150547,0.104379069528864,0.036967587124806,0.019571075536662,0.01087281974259,0,0.7393517424961199,0.047840406867396,1.6039336925239147,0.10949931939345955,0.2544702492946596,0.007402770888571915,0.0026218146897025534,0.001388019541607234,7.711219675595745e-4,0,0.052436293794051056,0.0033929366572621276
223,2017-03-24T16:00:00Z,TRE,98,7.05,40.4,0.51,0.18,0.07,0.09,0,4.33,0.26,2017-03-24T16:00:00Z,40,0.849,1.39,26367.6,21600,0.25,0.03571428571428571,0,1.2207222222222223,0.1703833679192076,0.849,1.39,746647.2949572,0,0.017373280624973193,0.18700425531914894,0,0,73171.43490580558,5263.863429448259,30164.550716270875,380.790120428172,134.396513092296,52.265310647004,67.198256546148,0,3232.982787164676,194.12829668887198,73.17143490580558,5.263863429448259,30.164550716270874,0.380790120428172,0.134396513092296,0.052265310647004,0.067198256546148,0,3.232982787164676,0.194128296688872,5.18946346849685,0.3733236474785999,2.139329838033395,0.02700639151972851,0.009531667595198298,0.0037067596203548938,0.004765833797599149,0,0.22928955937338127,0.01376796430417532
224,2017-03-24T22:00:00Z,TRE,98,7.31,35.2,0.52,0.22,0.01,0.06,0,3.05,0.29,2017-03-24T22:00:00Z,41,1.39,0.977,43006.2,36000,0.4166666666666667,0.05952380952380952,0,1.1946166666666667,0.1312702080219434,0.977,1.39,1217799.9854513998,0,0.028336245286401572,0.30500851063829787,0,0,119344.39857423719,8902.117893649733,42866.55948788927,633.255992434728,267.91599679930795,12.177999854513999,73.06799912708398,0,3714.289955626769,353.16199578090595,119.34439857423719,8.902117893649732,42.866559487889276,0.633255992434728,0.26791599679930794,0.012177999854514,0.07306799912708398,0,3.714289955626769,0.35316199578090596,8.464141742853702,0.6313558789822505,3.0401815239637786,0.04491177251310127,0.019001134524773613,8.636879329442553e-4,0.005182127597665531,0,0.2634248195479978,0.0250469500553834
225,2017-03-25T08:00:00Z,TRE,100,7.23,25.1,0.35,0.15,0.02,0.04,0,2.2,0.18,2017-03-25T08:00:00Z,42,0.962,0.679,29157.6,36000,0.4166666666666667,0.05952380952380952,0,0.8099333333333333,0.08458670542386243,0.679,0.962,825651.2980871999,0,0.019211576599717773,0.2067914893617021,0,0,82565.12980872,5969.458885170456,20723.847581988717,288.97795433051994,123.84769471307999,16.513025961744,33.026051923488,0,1816.43285579184,148.61723365569597,82.56512980871999,5.969458885170456,20.723847581988718,0.2889779543305199,0.12384769471307998,0.016513025961743998,0.033026051923487995,0,1.81643285579184,0.14861723365569598,5.855682965157446,0.42336587838088346,1.469776424254519,0.020494890378051057,0.008783524447736168,0.0011711365930314893,0.0023422731860629786,0,0.12882502523346384,0.010540229337283404
226,2017-03-25T18:00:00Z,TRE,103,7.35,31.7,0.33,0.16,0.03,0.06,0,1.52,0.14,2017-03-25T18:00:00Z,43,0.679,0.481,24514.2,43200,0.5,0.07142857142857142,0,0.5674583333333333,0.05799682786371615,0.481,0.679,694164.8507274,0,0.01615209863228803,0.17385957446808512,0,0,71498.9796249222,5102.111652846391,22005.02576805858,229.07440074004205,111.066376116384,20.824945521822,41.649891043644,0,1055.1305731056482,97.18307910183601,71.4989796249222,5.10211165284639,22.00502576805858,0.22907440074004204,0.11106637611638401,0.020824945521822,0.041649891043644,0,1.0551305731056482,0.09718307910183602,5.070849618788809,0.36185189027279363,1.5606401253942255,0.01624641140000298,0.007877047951516596,0.0014769464909093618,0.0029538929818187236,0,0.07483195553940768,0.006892416957577023
227,2017-03-26T06:00:00Z,TRE,105,7.43,19.5,0.2,0.06,0.05,0.05,0,1.46,0.09,2017-03-26T06:00:00Z,44,0.475,0.177,319766.28,1519800,17.59027777777778,2.512896825396825,100.29444,0.2104002368732728,0.10727496247952438,0.0946,0.493,9054772.826519161,0.3290500105296,0.21068998759249052,2.267845957446809,1.5617733632698172,14141516.04,950751.146784512,67276.96210103737,176568.07011712366,1810.9545653038324,543.2863695911497,452.7386413259581,452.7386413259581,0,13219.968326717975,814.9295543867245,950.7511467845119,67.27696210103737,176.56807011712365,1.8109545653038324,0.5432863695911496,0.4527386413259581,0.4527386413259581,0,13.219968326717975,0.8149295543867244,67.42915934641928,4.7714157518466225,12.522558164335011,0.1284364939931796,0.03853094819795388,0.0321091234982949,0.0321091234982949,0,0.937586406150211,0.05779642229693081
267,2017-04-12T20:05:00Z,TRE,121,7.69,9.62,0.29,0.01,0.01,0.03,0,1.39,0.27,2017-04-12T20:10:00Z,45,0.179,0.131,216546.6,1198200,13.868055555555557,1.9811507936507935,53.040279999999996,0.18072658988482723,0.06421189682938368,0.115,0.336,6131916.9405702,0.17401667223519998,0.14267983624538524,1.5357914893617022,1.219630445439541,7478679.48,741961.9498089942,47154.44127298484,58989.04096828531,1778.2559127653578,61.319169405702,61.319169405702,183.95750821710598,0,8523.364547392577,1655.617573953954,741.9619498089942,47.15444127298484,58.989040968285316,1.7782559127653579,0.061319169405702,0.061319169405702,0.183957508217106,0,8.523364547392577,1.655617573953954,52.62141488007051,3.344286615105308,4.1836199268287455,0.12611744062165658,0.004348877262815745,0.004348877262815745,0.013046631788447234,0,0.6044939395313884,0.11741968609602511
272,2017-04-26T17:00:00Z,TRE,129,7.26,6.82,0.39,0.01,0.01,0.03,0,1.67,0.37,2017-04-26T17:00:00Z,46,0.131,0.0626,127331.1,1299000,15.034722222222223,2.14781746031746,3.556,0.09802240184757506,0.03141915367874112,0.0598,0.171,3605615.2770417,0.01166666704,0.08389686329383501,0.9030574468085106,0.13905963324444456,501396.00000000006,465124.3707383793,26176.766911322742,24590.296189424396,1406.189958046263,36.056152770417,36.056152770417,108.168458311251,0,6021.377512659639,1334.077652505429,465.1243707383793,26.176766911322744,24.590296189424397,1.4061899580462631,0.036056152770417,0.036056152770417,0.108168458311251,0,6.021377512659639,1.334077652505429,32.98754402399853,1.8565082915831734,1.7439926375478296,0.09972978425860023,0.0025571739553487236,0.0025571739553487236,0.007671521866046171,0,0.42704805054323686,0.09461543634790277
296,2017-05-11T17:50:00Z,TRE,136,7.79,5.64,0.21,0,0,0.02,0.01,1.09,0.21,2017-05-11T17:50:00Z,47,0.0612,0.0491,71423.04000000001,1299000,15.034722222222223,2.14781746031746,8.382,0.05498309468822171,0.0035906868435061226,0.0479,0.0655,2022475.29595488,0.02750000088,0.04705974442151297,0.5065463829787235,0.5843635833140778,1181862,275056.6402498637,15755.082555488516,11406.760669185524,424.71981215052483,0,0,40.449505919097604,20.224752959548802,2204.4980725908194,424.71981215052483,275.0566402498637,15.755082555488515,11.406760669185523,0.4247198121505248,0,0,0.0404495059190976,0.0202247529595488,2.2044980725908196,0.4247198121505248,19.507563138288205,1.1173817415240082,0.808990118381952,0.030121972492945022,0,0,0.002868759285042383,0.0014343796425211916,0.1563473810348099,0.030121972492945022
308,2017-05-26T18:40:00Z,TRE,150,7.91,3.73,0.47,0.08,0,0.02,0.01,1.67,0.39,2017-05-26T18:40:00Z,48,0.0491,0.0369,75454.44,1817400,21.03472222222222,3.004960317460317,7.8740000000000006,0.04151779465170023,0.0043746277768916325,0.0334,0.0504,2136631.83295068,0.025833334160000002,0.049715983271901965,0.5351378723404255,0.5196182889256111,1110234.0000000002,320494.774942602,16900.75779863988,7969.636736906037,1004.2169614868195,170.9305466360544,0,42.7326366590136,21.3663183295068,3568.1751610276356,833.2864148507653,320.49477494260196,16.90075779863988,7.969636736906037,1.0042169614868195,0.17093054663605442,0,0.042732636659013605,0.021366318329506803,3.5681751610276353,0.8332864148507653,22.73012588245404,1.1986353048680767,0.5652224636103572,0.07122106109835599,0.01212273380397549,0,0.0030306834509938726,0.0015153417254969363,0.2530620681579883,0.05909832729438052
321,2017-06-16T19:30:00Z,TRE,149,7.87,3.27,0.04,0.02,0,0.02,0.01,1.07,0.02,2017-06-16T19:30:00Z,49,0.0301,0.0269,50599.560000000005,1627200,18.833333333333336,2.6904761904761902,0,0.03109609144542773,0.0028532597709103992,0.0259,0.0369,1432819.99878732,0,0.03333941486446126,0.3588621276595745,0,0,213490.17981931067,11276.293390456209,4685.321396034536,57.3127999514928,28.6563999757464,0,28.6563999757464,14.3281999878732,1533.1173987024324,28.6563999757464,213.49017981931067,11.276293390456209,4.685321396034536,0.0573127999514928,0.0286563999757464,0,0.0286563999757464,0.0143281999878732,1.5331173987024325,0.0286563999757464,15.14114750491565,0.7997371198905112,0.33229229759110185,0.004064737585212255,0.0020323687926061275,0,0.0020323687926061275,0.0010161843963030638,0.10873173040442784,0.0020323687926061275
334,2017-07-05T15:32:00Z,TRE,281,7.49,17.7,0.07,0.01,0.03,0.07,0.01,1.14,0.03,2017-07-05T15:30:00Z,50,0.0269,0.0172,51870.54,2353800,27.243055555555557,3.891865079365079,0,0.0220369360183533,0.002254767625524833,0.0155,0.028,1468810.14498738,0,0.03417684763076264,0.367876170212766,0,0,412735.65074145375,11001.387985955475,25997.939566276626,102.8167101491166,14.688101449873798,44.064304349621395,102.8167101491166,14.688101449873798,1674.4435652856127,44.064304349621395,412.73565074145375,11.001387985955475,25.997939566276624,0.1028167101491166,0.014688101449873798,0.04406430434962139,0.1028167101491166,0.014688101449873798,1.674443565285613,0.04406430434962139,29.27203196747899,0.7802402826918776,1.8438255011543705,0.007291965258802596,0.001041709322686085,0.0031251279680582548,0.007291965258802596,0.001041709322686085,0.11875486278621368,0.0031251279680582548
