sample,datetime,id,branch,SUBWS,ec,ph,turb,tn,nh4n,no3n,tp,po4,doc,don,time_round,date_group,ec_ravg,ph_ravg,turb_ravg,tn_ravg,nh4n_ravg,no3n_ravg,tp_ravg,po4_ravg,doc_ravg,don_ravg,firstq,lastq,volume_cf,rain_mm,mean_Q_cfs,sd_Q_cfs,min_Q_cfs,max_Q_cfs,volume_liters,rain_ft,runoff_ft,runoff_ratio,vol_shift,rain_liters,ec_grams,ph_grams,turb_grams,tn_grams,nh4n_grams,no3n_grams,tp_grams,po4_grams,doc_grams,don_grams,ec_kg,ph_kg,turb_kg,tn_kg,nh4n_kg,no3n_kg,tp_kg,po4_kg,doc_kg,don_kg,ec_ha,ph_ha,turb_ha,tn_ha,nh4n_ha,no3n_ha,tp_ha,po4_ha,doc_ha,don_ha,ec_ravg_grams,ph_ravg_grams,turb_ravg_grams,tn_ravg_grams,nh4n_ravg_grams,no3n_ravg_grams,tp_ravg_grams,po4_ravg_grams,doc_ravg_grams,don_ravg_grams,ec_ravg_kg,ph_ravg_kg,turb_ravg_kg,tn_ravg_kg,nh4n_ravg_kg,no3n_ravg_kg,tp_ravg_kg,po4_ravg_kg,doc_ravg_kg,don_ravg_kg,ec_ravg_ha,ph_ravg_ha,turb_ravg_ha,tn_ravg_ha,nh4n_ravg_ha,no3n_ravg_ha,tp_ravg_ha,po4_ravg_ha,doc_ravg_ha,don_ravg_ha
349,2017-08-01T21:20:00Z,NA,SF,TRE,294,7.75,5.34,0.05,0.01,0.01,0.028,0.011,1.09,0.03,2017-08-01T21:20:00Z,51,287.5,7.62,11.52,0.060000000000000005,0.01,0.02,0.049499999999999995,0.010499999999999999,1.115,0.03,0.0172,0.0155,63162.942,5.334,0.014363701732842134,0.0026854330650238315,0.00849,0.0209,1788575.364683874,0.01750000056,0.04161726954538546,0.42049852744220717,1468810.14498738,752094,431830.18262628966,11383.278623652193,7843.446174232608,73.44050724936899,14.688101449873798,14.688101449873798,41.126684059646635,16.156911594861178,1601.0030580362443,44.064304349621395,431.8301826262897,11.383278623652194,7.843446174232609,0.073440507249369,0.014688101449873798,0.014688101449873798,0.04112668405964664,0.016156911594861177,1.6010030580362442,0.04406430434962139,30.6262540869709,0.8073247250817159,0.5562727783143694,0.005208546613430426,0.001041709322686085,0.001041709322686085,0.0029167861035210383,0.0011458802549546934,0.11354631617278328,0.0031251279680582548,422282.91668387176,11192.333304803835,16920.692870254617,88.1286086992428,14.688101449873798,29.376202899747597,72.7061021768753,15.422506522367486,1637.7233116609286,44.064304349621395,422.28291668387175,11.192333304803835,16.920692870254616,0.0881286086992428,0.014688101449873798,0.029376202899747596,0.0727061021768753,0.015422506522367487,1.6377233116609287,0.04406430434962139,29.94914302722495,0.7937825038867968,1.20004913973437,0.00625025593611651,0.001041709322686085,0.00208341864537217,0.005156461147296121,0.0010937947888203891,0.1161505894794985,0.0031251279680582548
362,2017-09-21T18:45:00Z,NA,NA,TRE,309,7.79,0.97,0.13,0.03,0.007,0.039,0.017,1.28,0.093,2017-09-21T18:50:00Z,52,301.5,7.77,3.155,0.09,0.02,0.0085,0.0335,0.014,1.185,0.0615,0.0155,0.0181,36658.02,1.016,0.01521332171314741,0.001167607348868805,0.0122,0.019,1038039.5436629399,0.0033333334400000004,0.024153509178532734,0.13800617605339996,1788575.364683874,143256,552669.787687317,13933.00209088738,1734.9181037433575,232.51479740890363,53.65726094051622,12.520027552787118,69.75443922267108,30.40578119962586,2289.3764667953587,166.33750891560027,552.669787687317,13.93300209088738,1.7349181037433576,0.23251479740890363,0.05365726094051621,0.012520027552787118,0.06975443922267108,0.03040578119962586,2.2893764667953587,0.16633750891560029,39.19643884307213,0.9881561766586794,0.12304383714491898,0.01649041116375203,0.003805479499327391,8.879452165097247e-4,0.004947123349125608,0.0021564383829521887,0.16236712530463537,0.011796986447914914,539255.472452188,13897.2305835937,5642.955275577621,160.97178282154863,35.77150729367748,15.20289059981293,59.91727471690978,25.040055105574236,2119.461807150391,109.99738492805825,539.255472452188,13.8972305835937,5.642955275577622,0.16097178282154864,0.03577150729367748,0.01520289059981293,0.05991727471690978,0.025040055105574235,2.119461807150391,0.10999738492805824,38.24506896824028,0.9856191903257944,0.4002095940125973,0.011416438497982174,0.0025369863328849277,0.0010782191914760944,0.004249452107582254,0.0017758904330194493,0.15031644022343196,0.007801232973621152
373,2017-10-19T16:10:00Z,NA,NA,TRE,325,7.89,8.76,0.15,0.02,0.023,0.072,0.014,1.12,0.107,2017-10-19T16:10:00Z,53,317,7.84,4.865,0.14,0.025,0.015,0.055499999999999994,0.0155,1.2000000000000002,0.1,0.0181,0.019,26571.36,24.66594,0.021676749877630935,0.0030042449252034678,0.0163,0.0517,752417.13570192,0.0809250025896,0.0175075355309997,4.622295493635311,1038039.5436629399,3477897.5399999996,337362.8516904555,8190.131999500596,9093.226402487355,155.70593154944098,20.7607908732588,23.87490950424762,74.73884714373166,14.532553611281159,1162.6042889024927,111.07023117193458,337.3628516904555,8.190131999500595,9.093226402487355,0.15570593154944098,0.0207607908732588,0.02387490950424762,0.07473884714373166,0.01453255361128116,1.1626042889024928,0.11107023117193457,23.92644338230181,0.5808604254964961,0.6449096739352734,0.01104297386875468,0.0014723965158339575,0.001693255993209051,0.0053006274570022455,0.0010306775610837702,0.08245420488670162,0.007877321359711672,329058.53534115193,8138.230022317449,5050.062379920203,145.3255361128116,25.9509885915735,15.570593154944097,57.61119467329316,16.08961292677557,1245.647452395528,103.803954366294,329.058535341152,8.13823002231745,5.050062379920203,0.1453255361128116,0.0259509885915735,0.015570593154944098,0.05761119467329316,0.01608961292677557,1.245647452395528,0.103803954366294,23.337484775968225,0.5771794342069113,0.35816045247661016,0.010306775610837702,0.0018404956447924468,0.001104297386875468,0.004085900331439231,0.001141107299771317,0.08834379095003746,0.007361982579169787
385,2017-11-02T20:40:00Z,NA,NA,TRE,281,8.14,7.04,0.11,0.01,0.001,0.026,0.013,3.64,0.099,2017-11-02T20:40:00Z,54,303,8.015,7.9,0.13,0.015,0.012,0.048999999999999995,0.0135,2.38,0.10300000000000001,0.019,0.0819,61961.46,125.87732,0.037841370465371935,0.027989487836557678,0.0181,0.188,1754553.18271662,0.41298334654880003,0.04082562813881625,10.115786709871662,752417.13570192,17748702.12,211429.2151322395,6124.675484613629,5297.016635341517,82.7658849272112,7.524171357019201,0.75241713570192,19.56284552824992,9.78142276412496,2738.798373954989,74.48929643449009,211.42921513223953,6.124675484613629,5.2970166353415165,0.0827658849272112,0.0075241713570192,7.524171357019201e-4,0.01956284552824992,0.00978142276412496,2.738798373954989,0.07448929643449008,14.994979796612734,0.4343741478449382,0.3756749386767033,0.005869920916823489,5.336291742566809e-4,5.336291742566809e-5,0.0013874358530673702,6.937179265336851e-4,0.19424101942943184,0.00528292882514114,227982.39211768177,6030.62334265089,5944.095372045169,97.8142276412496,11.2862570355288,9.029005628423041,36.868439649394084,10.15763133197592,1790.7527829705696,77.49896497729777,227.98239211768177,6.030623342650889,5.944095372045169,0.0978142276412496,0.011286257035528801,0.00902900562842304,0.03686843964939408,0.010157631331975921,1.7907527829705696,0.07749896497729777,16.16896397997743,0.42770378316672975,0.4215670476627779,0.006937179265336851,8.004437613850214e-4,6.403550091080171e-4,0.0026147829538577362,7.203993852465192e-4,0.12700374347309004,0.005496380494843814
396,2017-11-21T19:32:00Z,NA,NA,TRE,335,8.43,3.49,0.21,0.01,0.012,0.059,0.024,1.24,0.188,2017-11-21T19:30:00Z,55,308,8.285,5.265000000000001,0.16,0.01,0.006500000000000001,0.042499999999999996,0.0185,2.44,0.14350000000000002,0.0819,0.0238,84622.38,66.01459999999999,0.07013291894579811,0.07071755360899316,0.0238,0.354,2396238.98723586,0.21658334026399997,0.05575662384491266,3.8844414408309165,1754553.18271662,9308058.599999998,587775.3162100676,14790.883330301105,6123.390607681004,368.4561683704902,17.5455318271662,21.054638192599437,103.51863778028057,42.109276385198875,2175.645946568609,329.8559983507245,587.7753162100677,14.790883330301106,6.123390607681005,0.3684561683704902,0.0175455318271662,0.02105463819259944,0.10351863778028056,0.04210927638519888,2.1756459465686087,0.32985599835072454,41.68619263901189,1.0489988177518514,0.43428302182134787,0.02613164314684328,0.0012443639593734894,0.0014932367512481874,0.007341747360303586,0.0029864735024963747,0.15430113096231268,0.0233940424362216,540402.380276719,14536.473118807196,9237.722507003005,280.7285092346592,17.5455318271662,11.40459568765803,74.56851026545634,32.459233880257464,4281.109765828553,251.77838171983498,540.402380276719,14.536473118807196,9.237722507003006,0.2807285092346592,0.0175455318271662,0.011404595687658031,0.07456851026545634,0.03245923388025747,4.281109765828552,0.25177838171983496,38.32640994870348,1.0309555403409358,0.6551576246101423,0.01990982334997583,0.0012443639593734894,8.088365735927682e-4,0.00528854682733733,0.0023020733248409553,0.3036248060871314,0.017856622817009574
412,2017-12-05T18:40:00Z,NA,NA,TRE,284,6.82,2.46,0.09,0.03,0.014,0.018,0.011,1.45,0.046,2017-12-05T18:40:00Z,56,309.5,7.625,2.975,0.15,0.02,0.013000000000000001,0.0385,0.0175,1.345,0.11699999999999999,0.0249,0.029,27110.76,13.716,0.02222557796360059,0.0030764656216840896,0.0163,0.0312,767691.24297372,0.04500000144,0.01786293941945032,2.519182335187293,2396238.98723586,1933956,680531.8723749843,16342.349892948567,5894.747908600216,215.66150885122738,71.8871696170758,33.547345821302045,43.132301770245476,26.358628859594457,3474.5465314919966,110.22699341284955,680.5318723749842,16.342349892948565,5.894747908600216,0.21566150885122737,0.0718871696170758,0.03354734582130204,0.043132301770245476,0.026358628859594457,3.4745465314919968,0.11022699341284956,48.264671799644276,1.1590319073013167,0.418067227560299,0.015295142471718254,0.005098380823906084,0.0023792443844895066,0.0030590284943436507,0.0018694063020988977,0.24642173982212745,0.007817517263322664,741635.9665494987,18271.32227767343,7128.810987026684,359.435848085379,47.9247797447172,31.151106834066184,92.25520100858061,41.93418227662755,3222.9414378322317,280.3599615065956,741.6359665494987,18.27132227767343,7.128810987026684,0.359435848085379,0.0479247797447172,0.031151106834066185,0.09225520100858062,0.04193418227662755,3.2229414378322314,0.2803599615065956,52.59829549996444,1.2958384594094632,0.5055894317040202,0.025491904119530426,0.0033989205492707232,0.0022092983570259706,0.006542922057346143,0.002974055480611883,0.22857740693845613,0.01988368521323373
426,2017-12-19T21:28:00Z,NA,NA,TRE,301,6.92,10.4,0.3,0.01,0.014,0.098,0.001,1.28,0.276,2017-12-19T21:30:00Z,57,292.5,6.87,6.43,0.195,0.02,0.014,0.058,0.006,1.365,0.161,0.029,0.0641,48520.8,25.908,0.033237977805178794,0.006834593906705294,0.0249,0.0865,1373956.0699176001,0.08500000272000001,0.03196974599691285,2.658763780237979,767691.24297372,3653028.0000000005,231075.0641350897,5312.4234013781415,7983.988926926688,230.307372892116,7.6769124297372,10.74767740163208,75.23374181142455,0.76769124297372,982.6447910063616,211.88278306074673,231.0750641350897,5.312423401378141,7.9839889269266875,0.230307372892116,0.0076769124297372,0.010747677401632079,0.07523374181142455,7.676912429737201e-4,0.9826447910063616,0.21188278306074673,16.388302420928348,0.37676761711901713,0.5662403494274246,0.016333856233483404,5.444618744494469e-4,7.622466242292254e-4,0.005335726369604578,5.4446187444944684e-5,0.0696911199295292,0.015027147734804734,224549.68856981306,5274.038839229456,4936.254692321019,149.69979237987542,15.3538248594744,10.74767740163208,44.52609209247576,4.60614745784232,1047.8985466591278,123.59829011876892,224.54968856981307,5.274038839229456,4.936254692321019,0.1496997923798754,0.0153538248594744,0.010747677401632079,0.04452609209247576,0.004606147457842319,1.0478985466591277,0.12359829011876891,15.925509827646318,0.3740453077467699,0.35008898527099425,0.010617006551764214,0.0010889237488988937,7.622466242292254e-4,0.0031578788718067915,3.26677124669668e-4,0.07431904586234948,0.008765836178636093
440,2018-01-05T19:00:00Z,NA,NA,TRE,196,6.89,8.87,0.03,0.02,0,0.028,0.008,3.52,0.01,2018-01-05T19:00:00Z,58,248.5,6.904999999999999,9.635,0.16499999999999998,0.015,0.007,0.063,0.0045000000000000005,2.4,0.14300000000000002,0.0641,0.161,14138.7,51.053999999999995,0.053073198198198196,0.01516731300789183,0.0416,0.161,400363.4046789,0.16750000535999998,0.009315811934810467,17.980183212383388,1373956.0699176001,7198613.999999999,269295.3897038496,9466.557321732264,12186.990340169112,41.218682097528,27.479121398352003,0,38.47076995769281,10.9916485593408,4836.3253661099525,13.739560699176002,269.2953897038496,9.466557321732264,12.18699034016911,0.041218682097528006,0.027479121398352003,0,0.03847076995769281,0.0109916485593408,4.836325366109953,0.013739560699176001,19.098963808783658,0.6713870440944868,0.8643255560403624,0.002923310787058724,0.0019488738580391491,0,0.002728423401254809,7.795495432156597e-4,0.34300179901489025,9.744369290195746e-4,341428.0833745236,9487.166662781028,13238.066733656076,226.70275153640398,20.609341048764,9.617692489423202,86.55923240480881,6.1828023146292015,3297.49456780224,196.47571799821682,341.4280833745236,9.487166662781028,13.238066733656076,0.22670275153640398,0.020609341048764003,0.009617692489423202,0.08655923240480881,0.006182802314629201,3.2974945678022403,0.19647571799821684,24.214757686136426,0.6728486994880162,0.93886998111036,0.01607820932882298,0.001461655393529362,6.821058503137023e-4,0.00613895265282332,4.3849661805880864e-4,0.23386486296469788,0.013934448084979918
447,2018-01-08T21:00:00Z,NA,NA,TRE,146,6.59,25.8,0.31,0.02,0,0.086,0.003,9.72,0.29,2018-01-08T21:00:00Z,59,171,6.74,17.335,0.16999999999999998,0.02,0,0.056999999999999995,0.0055,6.62,0.15,0.177,0.589,4945.8,2.032,0.3434583333333333,0.13420716600016966,0.177,0.589,140049.4618926,0.006666666880000001,0.0032587255311439956,2.0457896242828486,400363.4046789,286512,58453.057083119405,2638.394836833951,10329.37584071562,124.112655450459,8.007268093578,0,34.4312528023854,1.2010902140367001,3891.5322934789083,116.105387356881,58.453057083119404,2.638394836833951,10.32937584071562,0.124112655450459,0.008007268093578001,0,0.034431252802385404,0.0012010902140367002,3.8915322934789085,0.11610538735688099,4.145606885327617,0.18712020119389725,0.7325798468592639,0.008802315989394256,5.678913541544682e-4,0,0.002441932822864213,8.518370312317023e-5,0.2759951981190715,0.008234424635239787,68462.1422000919,2698.4493475357863,6940.299620108732,68.061778795413,8.007268093578,0,22.8207140666973,2.20199872573395,2650.4057389743184,60.054510701835,68.4621422000919,2.698449347535786,6.940299620108732,0.068061778795413,0.008007268093578001,0,0.0228207140666973,0.00220199872573395,2.6504057389743183,0.060054510701835005,4.855471078020702,0.19137938635005575,0.49221983121338525,0.004827076510312979,5.678913541544682e-4,0,0.001618490359340234,1.5617012239247874e-4,0.18797203822512895,0.004259185156158511
448,2018-01-09T01:00:00Z,NA,NA,TRE,142,6.93,65.1,0.34,0.01,0,0.191,0.004,7.53,0.33,2018-01-09T01:00:00Z,60,144,6.76,45.449999999999996,0.325,0.015,0,0.1385,0.0035,8.625,0.31,0.592,0.715,9993,5.588,0.6939583333333333,0.03494154020480575,0.592,0.729,282970.252071,0.01833333392,0.006584262249327095,2.7844173311708,140049.4618926,787908,19887.0235887492,970.5427709157179,9117.21996920826,47.616817043484,1.400494618926,0,26.7494472214866,0.5601978475703999,1054.5724480512781,46.216322424558,19.8870235887492,0.970542770915718,9.117219969208259,0.047616817043484,0.001400494618926,0,0.0267494472214866,5.601978475704e-4,1.054572448051278,0.046216322424558,1.41042720487583,0.06883282063232042,0.6466113453339191,0.0033770792229421277,9.932585949829788e-5,0,0.0018971239164174893,3.973034379931915e-5,0.0747923722022183,0.0032777533634438297,20167.1225125344,946.734362393976,6365.248043018669,45.516075115095,2.100741928389,0,19.396850472125102,0.49017311662409996,1207.926608823675,43.415333186706,20.167122512534398,0.9467343623939759,6.365248043018669,0.045516075115095,0.002100741928389,0,0.0193968504721251,4.901731166241e-4,1.2079266088236749,0.043415333186706,1.4302923767754891,0.06714428102084935,0.45143603141976374,0.0032280904336946807,1.4898878924744682e-4,0,0.0013756631540514255,3.476405082440426e-5,0.0856685538172819,0.003079101644447234
449,2018-01-09T05:00:00Z,NA,NA,TRE,142,6.8,38.1,0.25,0.01,0,0.108,0.001,4.96,0.24,2018-01-09T05:00:00Z,61,142,6.865,51.599999999999994,0.29500000000000004,0.01,0,0.1495,0.0025,6.245,0.28500000000000003,0.715,0.571,14118.6,6.8580000000000005,0.6536388888888889,0.04359498842611403,0.571,0.715,399794.2360542,0.022500000720000003,0.009302568297142953,2.4186869691577866,282970.252071,966978.0000000001,40181.775794082,1924.1977140827998,10781.1666039051,70.74256301775,2.82970252071,0,30.560787223667997,0.282970252071,1403.5324502721598,67.91286049703999,40.181775794082,1.9241977140828,10.7811666039051,0.07074256301775,0.00282970252071,0,0.030560787223667996,2.82970252071e-4,1.4035324502721598,0.06791286049703998,2.849771332913617,0.13646792298459573,0.7646217449578085,0.005017203050904256,2.0068812203617023e-4,0,0.002167431717990638,2.006881220361702e-5,0.0995413085299404,0.004816514928868084,40181.775794082,1942.590780467415,14601.265006863598,83.47622436094501,2.82970252071,0,42.3040526846145,0.7074256301775,1767.149224183395,80.64652184023501,40.181775794082,1.942590780467415,14.601265006863597,0.08347622436094501,0.00282970252071,0,0.0423040526846145,7.074256301775e-4,1.767149224183395,0.08064652184023502,2.849771332913617,0.13777239577783085,1.035550709706638,0.0059202996000670225,2.0068812203617023e-4,0,0.0030002874244407446,5.017203050904256e-5,0.1253297322115883,0.005719611478030852
450,2018-01-09T11:00:00Z,NA,NA,TRE,120,6.76,28.1,0.16,0.01,0,0.062,0.001,3.65,0.15,2018-01-09T11:00:00Z,62,131,6.779999999999999,33.1,0.20500000000000002,0.01,0,0.08499999999999999,0.001,4.305,0.195,0.568,0.421,10521.6,1.016,0.4871111111111111,0.04404269213114396,0.421,0.568,297938.5373952,0.0033333334400000004,0.006932550153359348,0.48082355933404203,399794.2360542,143256,47975.308326504,2702.6090357263915,11234.21803312302,63.967077768672,3.997942360542,0,24.7872426353604,0.3997942360542,1459.2489615978297,59.96913540812999,47.975308326504,2.702609035726392,11.23421803312302,0.063967077768672,0.003997942360542,0,0.024787242635360397,3.997942360542e-4,1.45924896159783,0.059969135408129995,3.402504136631489,0.19167439969690722,0.7967530519945404,0.004536672182175319,2.8354201138595746e-4,0,0.001757960470592936,2.8354201138595745e-5,0.10349283415587446,0.004253130170789362,52373.0449231002,2710.6049204474757,13233.18921339402,81.95781839111099,3.997942360542,0,33.982510064607,0.3997942360542,1721.1141862133309,77.95987603056899,52.373044923100196,2.7106049204474756,13.23318921339402,0.08195781839111099,0.003997942360542,0,0.033982510064607,3.997942360542e-4,1.7211141862133308,0.07795987603056899,3.7144003491560422,0.1922414837196791,0.9385240576875192,0.005812611233412127,2.8354201138595746e-4,0,0.0024101070967806385,2.8354201138595745e-5,0.12206483590165466,0.005529069222026169
451,2018-01-09T17:00:00Z,NA,NA,TRE,139,6.75,21.9,0.19,0.02,0,0.052,0.001,3.27,0.17,2018-01-09T17:00:00Z,63,129.5,6.755,25,0.175,0.015,0,0.056999999999999995,0.001,3.46,0.16,0.421,0.226,31371.6,0.254,0.33516666666666667,0.05815062014850671,0.226,0.421,888344.7973452,8.333333600000001e-4,0.020670353405482827,0.04031539004935241,297938.5373952,35814,41413.4566979328,2011.0851274176,6524.85396895488,56.608322105088,5.958770747904,0,15.492803944550399,0.2979385373952,974.2590172823041,50.649551357184,41.4134566979328,2.0110851274176,6.52485396895488,0.056608322105088,0.005958770747904,0,0.015492803944550397,2.979385373952e-4,0.974259017282304,0.050649551357184006,2.9371245885058723,0.14263015088068084,0.4627556006350979,0.004014774617382128,4.226078544612766e-4,0,0.001098780421599319,2.113039272306383e-5,0.06909638420441873,0.0035921667629208514,38583.0405926784,2012.574820104576,7448.46343488,52.139244044159994,4.469078060928,0,16.9824966315264,0.2979385373952,1030.867339387392,47.670165983232,38.5830405926784,2.012574820104576,7.44846343488,0.052139244044159996,0.004469078060928,0,0.0169824966315264,2.979385373952e-4,1.030867339387392,0.047670165983232,2.736385857636766,0.14273580284429618,0.5282598180765957,0.00369781872653617,3.1695589084595744e-4,0,0.0012044323852146383,2.113039272306383e-5,0.07311115882180085,0.003380862835690213
452,2018-01-10T19:00:00Z,NA,NA,TRE,145,6.73,18.3,0.12,0.01,0,0.043,0.003,2.38,0.11,2018-01-10T19:00:00Z,64,142,6.74,20.1,0.155,0.015,0,0.0475,0.002,2.825,0.14,0.222,0.161,72068.16,49.022,0.10481116928446771,0.038067033463486305,0.0557,0.222,2040743.06029152,0.16083333848,0.04748480589077004,3.38704845608861,888344.7973452,6912102,128809.995615054,5978.560486133197,16256.70979141716,106.60137568142399,8.883447973451998,0,38.1988262858436,2.6650343920356,2114.260617681576,97.717927707972,128.809995615054,5.978560486133197,16.256709791417162,0.10660137568142398,0.008883447973451999,0,0.0381988262858436,0.0026650343920356,2.114260617681576,0.097717927707972,9.135460681918723,0.42401138199526217,1.1529581412352596,0.007560381254001701,6.300317711668084e-4,0,0.0027091366160172763,1.8900953135004254e-4,0.14994756153770042,0.006930349482834893,126144.9612230184,5987.443934106648,17855.73042663852,137.693443588506,13.325171960177999,0,42.196377873897,1.7766895946903998,2509.57405250019,124.368271628328,126.1449612230184,5.987443934106648,17.85573042663852,0.137693443588506,0.013325171960177998,0,0.042196377873897,0.0017766895946904,2.50957405250019,0.124368271628328,8.94645115056868,0.42464141376642894,1.2663638600452851,0.009765492453085532,9.450476567502127e-4,0,0.0029926509130423404,1.260063542333617e-4,0.17798397535462343,0.008820444796335319
485,2018-01-18T18:00:00Z,NA,NA,TRE,151,7.01,10.5,0.09,0,0,0.028,0.008,3.98,0.09,2018-01-18T18:00:00Z,65,148,6.87,14.4,0.105,0.005,0,0.0355,0.0055,3.1799999999999997,0.1,0.163,0.165,196.8,1.016,0.164,0.0014142135623730963,0.163,0.165,5572.7554896,0.0033333334400000004,1.2966904940133817e-4,25.706469318541952,2040743.06029152,143256,308152.2021040195,14305.608852643554,21427.802133060963,183.6668754262368,0,0,57.140805688162565,16.32594448233216,8122.15737996025,183.6668754262368,308.1522021040195,14.305608852643555,21.42780213306096,0.1836668754262368,0,0,0.057140805688162565,0.016325944482332162,8.12215737996025,0.1836668754262368,21.854766106668052,1.0145821881307486,1.5197022789404937,0.01302601953377566,0,0,0.0040525394105079835,0.0011578684030022811,0.5760395304936348,0.01302601953377566,302029.972923145,14019.904824202742,29386.70006819789,214.2780213306096,10.203715301457601,0,72.44637864034895,11.22408683160336,6489.562931727033,204.074306029152,302.029972923145,14.019904824202742,29.38670006819789,0.2142780213306096,0.010203715301457602,0,0.07244637864034895,0.011224086831603359,6.489562931727033,0.204074306029152,21.4205654555422,0.9943194910782087,2.0841631254041055,0.015197022789404937,7.236677518764257e-4,0,0.0051380410383226206,7.96034527064068e-4,0.4602526901934066,0.01447335503752851
509,2018-01-18T18:20:00Z,NA,NA,TRE,133,6.87,12.9,0.09,0.01,0,0.037,0.001,4.58,0.08,2018-01-18T18:20:00Z,66,142,6.9399999999999995,11.7,0.09,0.005,0,0.0325,0.0045000000000000005,4.28,0.08499999999999999,0.167,0.51,20137.8,6.8580000000000005,0.34961458333333334,0.1224612823704887,0.167,0.516,570239.0015165999,0.022500000720000003,0.013268543612979002,1.6957400432396357,5572.7554896,966978.0000000001,741.1764801168,38.284830213552,71.88854581584,0.501547994064,0.055727554896,0,0.2061919531152,0.005572755489600001,25.523220142368,0.445820439168,0.7411764801168,0.038284830213552,0.07188854581584,5.01547994064e-4,5.5727554896e-5,0,2.0619195311519998e-4,5.5727554896e-6,0.025523220142368002,4.45820439168e-4,0.052565707809702135,0.002715236185358298,0.00509847842665532,3.557077972085107e-5,3.95230885787234e-6,0,1.4623542774127659e-5,3.9523088578723407e-7,0.001810157456905532,3.161847086297872e-5,791.3312795232,38.674923097824,65.20123922831999,0.501547994064,0.027863777448,0,0.18111455341200003,0.025077399703200005,23.851393495488,0.47368421661599996,0.7913312795232,0.038674923097824,0.06520123922832,5.01547994064e-4,2.7863777448e-5,0,1.8111455341200002e-4,2.5077399703200006e-5,0.023851393495488003,4.7368421661599997e-4,0.05612278578178724,0.0027429023473634043,0.0046242013637106385,3.557077972085107e-5,1.97615442893617e-6,0,1.2845003788085109e-5,1.7785389860425536e-6,0.001691588191169362,3.359462529191489e-5
510,2018-01-19T10:20:00Z,NA,NA,TRE,124,6.86,18.9,0.11,0.01,0,0.049,0.004,3.02,0.1,2018-01-19T10:20:00Z,67,128.5,6.865,15.899999999999999,0.1,0.01,0,0.043,0.0025,3.8,0.09,0.51,0.22,34783.8,1.27,0.34507738095238094,0.08861745796722316,0.22,0.51,984967.5426786001,0.0041666668000000006,0.022918609149218835,0.18180277751025822,570239.0015165999,179070,70709.63618805839,3911.839550403876,10777.517128663738,62.72629016682599,5.702390015165999,0,27.941711074313396,2.2809560060664,1722.1217845801318,57.023900151659994,70.7096361880584,3.911839550403876,10.777517128663737,0.06272629016682599,0.005702390015165999,0,0.027941711074313397,0.0022809560060663998,1.7221217845801318,0.05702390015166,5.014867814755915,0.27743542910665786,0.7643629169265062,0.004448673061477021,4.0442482377063825e-4,0,0.0019816816364761273,1.617699295082553e-4,0.12213629677873275,0.004044248237706383,73275.7116948831,3914.6907454114585,9066.800124113937,57.023900151659994,5.702390015165999,0,24.520277065213794,1.4255975037914999,2166.90820576308,51.32151013649399,73.2757116948831,3.9146907454114586,9.066800124113938,0.05702390015166,0.005702390015165999,0,0.024520277065213796,0.0014255975037914999,2.1669082057630797,0.05132151013649399,5.196858985452702,0.27763764151854314,0.6430354697953148,0.004044248237706383,4.0442482377063825e-4,0,0.0017390267422137445,1.0110620594265956e-4,0.15368143303284254,0.003639823413935744
511,2018-01-20T14:20:00Z,NA,NA,TRE,122,6.74,13.6,0.05,0.01,0,0.028,0.004,0,0.04,2018-01-20T14:20:00Z,68,123,6.800000000000001,16.25,0.08,0.01,0,0.0385,0.004,1.51,0.07,0.22,0.301,155316.6,54.356,0.5461202531645569,0.5398216566854038,0.125,2.23,4398076.3987602005,0.17833333904,0.10233615791792622,1.742622966000186,984967.5426786001,7664196,120166.04020678921,6638.681237653765,13395.55858042896,49.248377133930006,9.849675426786002,0,27.5790911950008,3.9398701707144004,0,39.398701707144006,120.1660402067892,6.638681237653765,13.39555858042896,0.04924837713393001,0.009849675426786001,0,0.0275790911950008,0.003939870170714401,0,0.039398701707144004,8.522414199063064,0.47082845657118905,0.9500396156332596,0.0034927927045340433,6.985585409068087e-4,0,0.001955963914539064,2.794234163627235e-4,0,0.0027942341636272346,121151.00774946781,6697.779290214481,16005.722568527251,78.79740341428801,9.849675426786002,0,37.9212503931261,3.9398701707144004,1487.3009894446861,68.94772798750202,121.15100774946781,6.697779290214481,16.00572256852725,0.07879740341428801,0.009849675426786001,0,0.037921250393126105,0.003939870170714401,1.487300989444686,0.06894772798750201,8.592270053153745,0.47501980781662984,1.1351576289735639,0.005588468327254469,6.985585409068087e-4,0,0.002689450382491213,2.794234163627235e-4,0.10548233967692809,0.00488990978634766
512,2018-01-23T21:15:00Z,NA,NA,TRE,110,6.99,18.1,0.16,0.02,0,0.04,0.009,1.86,0.14,2018-01-23T21:20:00Z,69,116,6.865,15.850000000000001,0.10500000000000001,0.015,0,0.034,0.0065,0.93,0.09000000000000001,0.301,0.294,18902.4,38.354,0.24233846153846153,0.031062466157991055,0.198,0.301,535256.3687328,0.12583333736,0.012454554062011458,10.103399666778389,4398076.3987602005,5407914,483788.40386362205,30742.554027333805,79605.18281755963,703.692223801632,87.961527975204,0,175.923055950408,39.5826875888418,8180.422101693973,615.7306958264281,483.7884038636221,30.742554027333803,79.60518281755962,0.7036922238016321,0.08796152797520401,0,0.17592305595040802,0.0395826875888418,8.180422101693972,0.6157306958264281,34.31123431656894,2.180322980661972,5.645757646635435,0.04990724991500937,0.006238406239376171,0,0.012476812478752342,0.002807282807719277,0.5801717802619839,0.0436688436756332,510176.8622561833,30192.79447748878,69709.51092034917,461.79802186982107,65.97114598140301,0,149.53459755784684,28.5874965919413,4090.2110508469864,395.8268758884181,510.17686225618326,30.19279447748878,69.70951092034917,0.46179802186982105,0.06597114598140301,0,0.14953459755784684,0.028587496591941302,4.090211050846986,0.39582687588841814,36.182756188381795,2.141332941665871,4.943936944705615,0.0327516327567249,0.0046788046795321284,0,0.010605290606939493,0.0020274820277972555,0.29008589013099195,0.028072828077192778
529,2018-01-24T19:00:00Z,NA,NA,TRE,111,6.96,26.8,0.21,0.02,0,0.069,0.006,4.16,0.19,2018-01-24T19:00:00Z,70,110.5,6.975,22.450000000000003,0.185,0.02,0,0.05450000000000001,0.0075,3.0100000000000002,0.165,0.299,0.86,12136.8,0,0.5618888888888889,0.17771659264567083,0.299,0.86,343675.9086696,0,0.00799678515637277,0,535256.3687328,0,59413.4569293408,3725.3843263802883,14344.870682039042,112.403837433888,10.705127374656,0,36.9326894425632,3.2115382123968,2226.6664939284483,101.698710059232,59.4134569293408,3.725384326380288,14.34487068203904,0.112403837433888,0.010705127374656,0,0.036932689442563206,0.0032115382123968,2.226666493928448,0.101698710059232,4.213720349598638,0.2642116543532119,1.01736671503823,0.007971903364105533,7.592288918195745e-4,0,0.0026193396767775325,2.2776866754587236e-4,0.1579196094984715,0.007212674472285958,59145.8287449744,3733.4131719112797,12016.505478051362,99.022428215568,10.705127374656,0,29.171472095937602,4.014422765496,1611.1216698857281,88.31730084091201,59.1458287449744,3.7334131719112795,12.016505478051362,0.099022428215568,0.010705127374656,0,0.029171472095937602,0.004014422765496,1.611121669885728,0.08831730084091201,4.194739627303149,0.26478107602207657,0.8522344310674725,0.007022867249331064,7.592288918195745e-4,0,0.0020688987302083404,2.847108344323404e-4,0.11426394821884596,0.00626363835751149
530,2018-01-25T01:00:00Z,NA,NA,TRE,107,6.91,28.1,0.17,0.02,0,0.063,0.006,3.64,0.15,2018-01-25T01:00:00Z,71,109,6.9350000000000005,27.450000000000003,0.19,0.02,0,0.066,0.006,3.9000000000000004,0.16999999999999998,0.874,0.992,13759.199999999999,3.048,0.9555,0.034507718103283076,0.874,0.992,389617.16124239995,0.01000000032,0.009065764148998436,1.1030510120986081,343675.9086696,429768,36773.3222276472,2374.800528906936,9657.29303361576,58.424904473832,6.873518173392,0,21.6515822461848,2.0620554520175998,1250.980307557344,51.55138630044,36.7733222276472,2.374800528906936,9.65729303361576,0.058424904473832,0.006873518173392,0,0.0216515822461848,0.0020620554520175997,1.250980307557344,0.05155138630044,2.6080370374217874,0.16842556942602382,0.684914399547217,0.004143610246371064,4.8748355839659576e-4,0,0.0015355732089492766,1.462450675189787e-4,0.08872200762818043,0.0036561266879744678,37460.674044986394,2383.392426623676,9433.90369298052,65.298422647224,6.873518173392,0,22.6826099721936,2.0620554520175998,1340.33604381144,58.424904473831994,37.4606740449864,2.383392426623676,9.43390369298052,0.06529842264722399,0.006873518173392,0,0.0226826099721936,0.0020620554520175997,1.34033604381144,0.058424904473831994,2.6567853932614467,0.16903492387401958,0.6690711838993276,0.004631093804767659,4.8748355839659576e-4,0,0.0016086957427087658,1.462450675189787e-4,0.09505929388733617,0.004143610246371063
531,2018-01-25T05:00:00Z,NA,NA,TRE,102,6.85,27,0.19,0.02,0.002,0.066,0.003,2.9,0.168,2018-01-25T05:00:00Z,72,104.5,6.88,27.55,0.18,0.02,0.001,0.0645,0.0045000000000000005,3.27,0.159,0.992,0.773,32502,7.366,0.9028333333333334,0.06901047983954041,0.773,0.992,920354.1611939999,0.02416666744,0.021415159774605147,1.1284841063225541,389617.16124239995,1038605.9999999999,39740.9504467248,2668.8775545104395,10519.663353544798,74.02726063605598,7.792343224848,0.7792343224848,25.7147326419984,1.1688514837271997,1129.8897676029599,65.45568308872319,39.740950446724796,2.668877554510439,10.519663353544798,0.07402726063605598,0.007792343224848,7.792343224847999e-4,0.0257147326419984,0.0011688514837271998,1.1298897676029598,0.0654556830887232,2.8185071238811914,0.18928209606457014,0.7460754151450212,0.005250160328798297,5.526484556629787e-4,5.5264845566297866e-5,0.0018237399036878299,8.289726834944679e-5,0.0801340260711319,0.004642247027569021,40714.993349830795,2680.5660693477116,10733.95279222812,70.13108902363199,7.792343224848,0.3896171612424,25.130306900134798,1.7532772255908,1274.0481172626478,61.9491286375416,40.71499334983079,2.680566069347712,10.73395279222812,0.07013108902363198,0.007792343224848,3.8961716124239995e-4,0.025130306900134798,0.0017532772255908,1.2740481172626477,0.061949128637541595,2.8875881808390633,0.19011106874806466,0.7612732476757532,0.0049738361009668075,5.526484556629787e-4,2.7632422783148933e-5,0.0017822912695131064,1.2434590252417022e-4,0.090358022500897,0.00439355522252068
532,2018-01-25T15:00:00Z,NA,NA,TRE,105,6.95,18.7,0.21,0.02,0,0.043,0.003,2.28,0.19,2018-01-25T15:00:00Z,73,103.5,6.9,22.85,0.2,0.02,0.001,0.0545,0.003,2.59,0.179,0.773,0.549,32197.2,7.619999999999999,0.6388333333333334,0.06522802142573747,0.549,0.773,911723.1862284,0.025000000799999998,0.02121433088102015,1.1784487071598746,920354.1611939999,1074419.9999999998,96637.18692537,6396.461420298299,17210.6228143278,193.27437385073998,18.40708322388,0,39.575228931342,2.761062483582,2098.4074875223196,174.86729062685998,96.63718692536999,6.3964614202983,17.2106228143278,0.19327437385073998,0.01840708322388,0,0.039575228931341994,0.002761062483582,2.0984074875223193,0.17486729062686,6.853701200380851,0.4536497461204468,1.2206115471154468,0.0137074024007617,0.0013054668953106383,0,0.002806753824917872,1.9582003429659573e-4,0.14882322606541273,0.012401935505451064,95256.655683579,6350.4437122386,21030.092583282898,184.07083223880002,18.40708322388,0.9203541611939999,50.159301785073,2.761062483582,2383.7172774924597,164.74339485372596,95.256655683579,6.3504437122386,21.0300925832829,0.1840708322388,0.01840708322388,9.20354161194e-4,0.050159301785072996,0.002761062483582,2.38371727749246,0.16474339485372597,6.755791183232553,0.4503860788821702,1.4914959278924043,0.013054668953106384,0.0013054668953106383,6.527334476553192e-5,0.0035573972897214893,1.9582003429659573e-4,0.16905796294272765,0.011683928713030211
533,2018-01-26T05:00:00Z,NA,NA,TRE,101,6.96,17.1,0.13,0.01,0,0.034,0.004,2.27,0.12,2018-01-26T05:00:00Z,74,103,6.955,17.9,0.16999999999999998,0.015,0,0.0385,0.0035,2.275,0.155,0.546,0.0531,171326.28,1.016,0.1571512383048982,0.12769841622530204,0.0531,0.549,4851420.05783916,0.0033333334400000004,0.11288473508672507,0.029528646521065283,911723.1862284,143256,92084.0418090684,6345.5933761496635,15590.46648450564,118.524014209692,9.117231862284,0,30.9985883317656,3.6468927449136,2069.611632738468,109.406782347408,92.0840418090684,6.3455933761496635,15.59046648450564,0.118524014209692,0.009117231862284,0,0.0309985883317656,0.0036468927449136,2.069611632738468,0.109406782347408,6.530783107026127,0.4500420834148698,1.1057068428727406,0.008405958454588086,6.46612188814468e-4,0,0.0021984814419691917,2.5864487552578727e-4,0.14678096686088427,0.007759346265773617,93907.4881815252,6341.034760218522,16319.845033488358,154.99294165882796,13.675847793426,0,35.1013426697934,3.1910311517994,2074.17024866961,141.31709386540197,93.9074881815252,6.3410347602185215,16.319845033488356,0.15499294165882796,0.013675847793426,0,0.035101342669793395,0.0031910311517994,2.07417024866961,0.14131709386540198,6.660105544789021,0.4497187773204625,1.1574358179778976,0.010992407209845954,9.699182832217021e-4,0,0.002489456926935702,2.2631426608506382e-4,0.1471042729552915,0.010022488926624254
546,2018-02-07T19:50:00Z,NA,NA,TRE,131,7.19,3.49,0.07,0.01,0,0.037,0.052,1.2,0.06,2018-02-07T19:50:00Z,75,116,7.075,10.295000000000002,0.1,0.01,0,0.035500000000000004,0.027999999999999997,1.7349999999999999,0.09,0.0544,0.0334,61402.98,12.954,0.04451426707264028,0.005914405127057998,0.0323,0.0557,1738738.7900040601,0.042500001360000005,0.04045765267789319,1.050481146258463,4851420.05783916,1826514.0000000002,635536.0275769299,34881.71021586356,16931.45600185867,339.59940404874123,48.5142005783916,0,179.5025421400489,252.27384300763632,5821.704069406992,291.0852034703496,635.5360275769299,34.88171021586356,16.93145600185867,0.3395994040487412,0.048514200578391606,0,0.1795025421400489,0.25227384300763633,5.821704069406992,0.2910852034703496,45.073477133115595,2.4738801571534443,1.2008124824013242,0.024085064116932002,0.0034407234452760007,0,0.0127306767475212,0.017891761915435202,0.41288681343312,0.020644340671656002,562764.7267093426,34323.79690921206,49945.369495454164,485.142005783916,48.5142005783916,0,172.2254120532902,135.83976161949644,8417.213800350943,436.6278052055244,562.7647267093427,34.323796909212064,49.94536949545416,0.485142005783916,0.048514200578391606,0,0.1722254120532902,0.13583976161949646,8.417213800350941,0.43662780520552436,39.91239196520161,2.4343118375327704,3.5422247869116426,0.03440723445276,0.0034407234452760007,0,0.012214568230729802,0.0096340256467728,0.596965517755386,0.030966511007483998
561,2018-02-23T18:58:00Z,NA,NA,TRE,146,7.34,4.68,0.12,0,0,0.05,0.033,1,0.12,2018-02-23T19:00:00Z,76,138.5,7.265000000000001,4.085,0.095,0.005,0,0.0435,0.042499999999999996,1.1,0.09,0.0323,0.249,26127.96,45.526959999999995,0.050991334894613584,0.03698625668966116,0.0301,0.249,739861.4457421199,0.14936667144639998,0.017215384837379003,8.676348095459751,1738738.7900040601,6419301.359999999,253855.86334059277,12762.342718629801,8137.297537219001,208.6486548004872,0,0,86.93693950020301,57.378380070133986,1738.73879000406,208.6486548004872,253.85586334059278,12.762342718629801,8.137297537219,0.20864865480048722,0,0,0.08693693950020301,0.05737838007013399,1.73873879000406,0.20864865480048722,18.003961939049134,0.9051306892645249,0.5771133005119858,0.014797776936204769,0,0,0.00616574039008532,0.004069388657456311,0.1233148078017064,0.014797776936204769,240815.32241556232,12631.937309379498,7102.747957166585,165.18018505038572,8.6936939500203,0,75.6351373651766,73.89639857517255,1912.6126690044664,156.4864911003654,240.81532241556232,12.631937309379497,7.102747957166585,0.1651801850503857,0.008693693950020301,0,0.0756351373651766,0.07389639857517255,1.9126126690044665,0.15648649110036542,17.079100880536334,0.895882078679397,0.5037409898699706,0.011714906741162106,6.16574039008532e-4,0,0.0053641941393742275,0.0052408793315725215,0.13564628858187705,0.011098332702153576
581,2018-03-01T17:20:00Z,NA,NA,TRE,121,7.08,26,0.18,0,0,0.057,0.015,3.23,0.18,2018-03-01T17:20:00Z,77,133.5,7.21,15.34,0.15,0,0,0.053500000000000006,0.024,2.115,0.15,0.247,0.226,10417.8,3.8049199999999996,0.22846052631578948,0.010250776607293302,0.215,0.249,294999.2486766,0.012483333732799999,0.006864157636449496,1.8186257358822893,739861.4457421199,536493.72,89523.2349347965,5238.219035854209,19236.39758929512,133.17506023358158,0,0,42.17210240730084,11.097921686131798,2389.7524697470476,133.17506023358158,89.5232349347965,5.238219035854209,19.23639758929512,0.13317506023358158,0,0,0.042172102407300835,0.011097921686131797,2.3897524697470476,0.13317506023358158,6.349165598212518,0.37150489615987303,1.364283516971285,0.009445039732878127,0,0,0.0029909292487447403,7.870866444065105e-4,0.16948599076220197,0.009445039732878127,98771.50300657301,5334.401023800684,11349.47457768412,110.97921686131798,0,0,39.58258734720342,17.75667469781088,1564.8069577445838,110.97921686131798,98.77150300657301,5.334401023800684,11.34947457768412,0.11097921686131798,0,0,0.03958258734720342,0.01775667469781088,1.5648069577445838,0.11097921686131798,7.0050711352179444,0.37832631374472936,0.8049272750130582,0.007870866444065105,0,0,0.0028072756983832216,0.001259338631050417,0.110979216861318,0.007870866444065105
599,2018-03-02T06:00:00Z,NA,NA,TRE,122,6.57,22.7,0.44,0,0.297,0.057,0.056,2.64,0.143,2018-03-02T06:00:00Z,78,121.5,6.825,24.35,0.31,0,0.1485,0.057,0.035500000000000004,2.935,0.16149999999999998,0.228,0.237,18298.2,17.122139999999998,0.2310378787878788,0.009409598236777264,0.215,0.247,518147.3297754,0.056175001797599995,0.012056454267050641,4.659330227057049,294999.2486766,2414221.74,35989.908338545196,1938.145063805262,6696.48294495882,129.799669417704,0,87.61477685695019,16.8149571745662,16.5199579258896,778.798016506224,42.184892560753795,35.9899083385452,1.9381450638052622,6.69648294495882,0.12979966941770402,0,0.0876147768569502,0.0168149571745662,0.0165199579258896,0.778798016506224,0.0421848925607538,2.552475768691149,0.13745709672377746,0.47492786843679574,0.009205650313312342,0,0.00621381396148583,0.0011925501542245532,0.0011716282216942978,0.05523390187987405,0.0029918363518265105,35842.4087142069,2013.369872217795,7183.2317052752105,91.44976708974599,0,43.80738842847509,16.8149571745662,10.472473328019301,865.822794865821,47.6423786612709,35.8424087142069,2.0133698722177953,7.183231705275211,0.09144976708974599,0,0.0438073884284751,0.0168149571745662,0.010472473328019302,0.865822794865821,0.04764237866127089,2.542014802426021,0.14279218951899258,0.5094490571117171,0.006485799084379148,0,0.003106906980742915,0.0011925501542245532,7.42728604824064e-4,0.06140587197629937,0.0033788921036362334
604,2018-03-03T04:00:00Z,NA,NA,TRE,114,6.69,18.8,0.2,0,0,0.044,0.028,2.61,0.2,2018-03-03T04:00:00Z,79,118,6.630000000000001,20.75,0.32,0,0.1485,0.0505,0.042,2.625,0.17149999999999999,0.237,0.277,9415.2,4.0767,0.26153333333333334,0.013565243057499551,0.237,0.277,266608.7778744,0.013375000428,0.006203557082944508,2.1560211744922926,518147.3297754,574814.7,59068.7955943956,3466.4056361974262,9741.16979977752,103.62946595508,0,0,22.798482510117598,14.5081252337112,1352.3645307137938,103.62946595508,59.0687955943956,3.4664056361974263,9.74116979977752,0.10362946595508,0,0,0.0227984825101176,0.0145081252337112,1.352364530713794,0.10362946595508,4.189276283290468,0.2458443713615196,0.6908631063672,0.007349607514544681,0,0,0.0016169136531998297,0.0010289450520362554,0.09591237806480808,0.007349607514544681,61141.384913497204,3435.3167964109025,10751.55709283955,165.807145528128,0,76.94487847164689,26.166440153657703,21.762187850566804,1360.136740660425,88.8622670564811,61.141384913497205,3.4353167964109024,10.75155709283955,0.165807145528128,0,0.0769448784716469,0.026166440153657704,0.021762187850566803,1.360136740660425,0.08886226705648109,4.336268433581362,0.24363948910715622,0.7625217796340106,0.01175937202327149,0,0.0054570835795494255,0.0018557758974225322,0.0015434175780543833,0.09646359862839894,0.006302288443722063
614,2018-03-03T14:00:00Z,NA,NA,TRE,136,6.84,16.1,0.14,0,0.002,0.031,0.019,2.39,0.138,2018-03-03T14:00:00Z,80,125,6.765000000000001,17.450000000000003,0.17,0,0.001,0.0375,0.0235,2.5,0.169,0.277,0.101,61281.6,7.338059999999999,0.16909933774834437,0.05465695884764185,0.101,0.277,1735301.6911151998,0.024075000770399996,0.040377676919680104,0.5962453168935489,266608.7778744,1034666.4599999997,36258.793790918404,1823.604040660896,4292.401323777841,37.32522890241601,0,0.5332175557488,8.264872114106401,5.065566779613601,637.1949791198161,36.7920113466672,36.2587937909184,1.8236040406608962,4.292401323777841,0.037325228902416005,0,5.332175557488001e-4,0.008264872114106401,0.005065566779613601,0.6371949791198162,0.0367920113466672,2.571545658930383,0.1293336199050281,0.3044256257998469,0.002647179354781277,0,3.7816847925446814e-5,5.861611428444256e-4,3.5926005529174473e-4,0.04519113327090895,0.00260936250685583,33326.0972343,1803.6083823203162,4652.323173908281,45.32349223864801,0,0.2666087778744,9.99782917029,6.2653062800484,666.521944686,45.056883460773605,33.3260972343,1.8036083823203162,4.6523231739082815,0.04532349223864801,0,2.6660877787440003e-4,0.00999782917029,0.0062653062800484,0.666521944686,0.045056883460773606,2.3635529953404255,0.12791548810782385,0.32995199814952353,0.0032144320736629795,0,1.8908423962723407e-5,7.090658986021278e-4,4.4434796312400003e-4,0.047271059906808514,0.003195523649700256
586,2018-03-07T18:35:00Z,NA,NA,TRE,118,7.05,21,0.13,0,0,0.057,0.015,1.37,0.13,2018-03-07T18:40:00Z,81,127,6.945,18.55,0.135,0,0.001,0.044,0.017,1.8800000000000001,0.134,0.103,0.26,76147.92,62.84468,0.109502329594478,0.037151017760590974,0.0728,0.26,2156269.00000824,0.2061833399312,0.0501729085380546,4.109455599426059,1735301.6911151998,8861099.88,204765.59955159356,12233.876922362158,36441.335513419195,225.589219844976,0,0,98.91219639356639,26.029525366728,2377.363316827824,225.589219844976,204.76559955159357,12.233876922362159,36.4413355134192,0.22558921984497599,0,0,0.0989121963935664,0.026029525366727996,2.377363316827824,0.22558921984497599,14.52238294692153,0.8676508455576,2.5844918803843404,0.015999235449998296,0,0,0.007015049389614638,0.0018460656288459573,0.16860732743459744,0.015999235449998296,220383.31477163036,12051.670244795063,32189.84637018696,234.265728300552,0,1.7353016911152,76.35327440906879,29.5001287489584,3262.367179296576,232.53042660943677,220.38331477163038,12.051670244795064,32.189846370186956,0.234265728300552,0,0.0017353016911151999,0.07635327440906879,0.0295001287489584,3.262367179296576,0.2325304266094368,15.630022324229106,0.8547283861556784,2.282967827672834,0.01661459065961362,0,1.2307104192306383e-4,0.0054151258446148084,0.002092207712692085,0.23137355881536,0.016491519617690555
655,2018-03-15T19:50:00Z,NA,NA,TRE,109,6.98,14.5,0.06,0.01,0,0.027,0.042,3.4,0.05,2018-03-15T19:50:00Z,82,113.5,7.015000000000001,17.75,0.095,0.005,0,0.042,0.0285,2.385,0.09,0.26,0.26,156,0,0.26,NA,0.26,0.26,4417.428132,0,1.0278644159862173e-4,0,2156269.00000824,0,235033.32100089814,15050.757620057515,31265.90050011948,129.3761400004944,21.562690000082398,0,58.219263000222476,90.56329800034608,7331.314600028016,107.813450000412,235.03332100089816,15.050757620057515,31.26590050011948,0.12937614000049438,0.0215626900000824,0,0.058219263000222475,0.09056329800034608,7.331314600028016,0.10781345000041201,16.669029858219726,1.0674296184437955,2.2174397517815234,0.00917561276599251,0.001529268794332085,0,0.00412902574469663,0.006422928936194758,0.5199513900729089,0.0076463439716604265,244736.53150093523,15126.227035057804,38273.77475014626,204.8455550007828,10.781345000041199,0,90.56329800034608,61.45366650023484,5142.701565019652,194.06421000074158,244.73653150093523,15.126227035057804,38.27377475014625,0.2048455550007828,0.0107813450000412,0,0.09056329800034608,0.06145366650023484,5.142701565019651,0.1940642100007416,17.357200815669167,1.0727820592239576,2.7144521099394505,0.01452805354615481,7.646343971660425e-4,0,0.006422928936194758,0.004358416063846442,0.36473060744820224,0.013763419148988765
629,2018-03-15T20:00:00Z,NA,NA,TRE,121,6.98,13,0.02,0.03,0,0.013,0.024,1.8,0,2018-03-15T20:00:00Z,83,115,6.98,13.75,0.04,0.02,0,0.02,0.033,2.6,0.025,0.267,0.495,8527.8,6.603999999999999,0.3948055555555556,0.07128927767281072,0.267,0.495,241480.40784659996,0.02166666736,0.005618860363235424,3.8560608307276043,4417.428132,931163.9999999999,534.508803972,30.83364836136,57.426565716,0.08834856264,0.13252284396,0,0.057426565716,0.106018275168,7.9513706376,0,0.5345088039720001,0.030833648361360003,0.057426565715999994,8.834856264e-5,1.3252284396e-4,0,5.7426565716e-5,1.06018275168e-4,0.0079513706376,0,0.03790842581361703,0.00218678357172766,0.004072806079148936,6.265855506382978e-6,9.398783259574467e-6,0,4.072806079148936e-6,7.519026607659574e-6,5.639269955744681e-4,0,508.00423518,30.83364836136,60.739636815,0.17669712528,0.08834856264,0,0.08834856264,0.145775128356,11.4853131432,0.1104357033,0.50800423518,0.030833648361360003,0.060739636815,1.7669712528e-4,8.834856264e-5,0,8.834856264e-5,1.4577512835600002e-4,0.011485313143200001,1.104357033e-4,0.03602866916170213,0.00218678357172766,0.004307775660638298,1.2531711012765956e-5,6.265855506382978e-6,0,6.265855506382978e-6,1.0338661585531916e-5,8.145612158297873e-4,7.832319382978723e-6
628,2018-03-16T02:00:00Z,NA,NA,TRE,129,7.01,15.9,0.03,0.03,0.027,0.03,0.028,2.62,0,2018-03-16T02:00:00Z,84,125,6.995,14.45,0.025,0.03,0.0135,0.0215,0.026000000000000002,2.21,0,0.498,0.633,39064.8,6.604,0.6028518518518519,0.034378545476240856,0.498,0.64,1106191.9646856,0.021666667360000003,0.025739306306165628,0.8417735545114493,241480.40784659996,931164,31150.972612211393,1692.7776590046656,3839.53848476094,7.2444122353979985,7.2444122353979985,6.519971011858199,7.2444122353979985,6.761451419704799,632.678668558092,0,31.150972612211394,1.6927776590046657,3.8395384847609395,0.007244412235397998,0.007244412235397998,0.006519971011858199,0.007244412235397998,0.0067614514197047995,0.632678668558092,0,2.209288837745489,0.12005515312089828,0.2723076939546766,5.137881018012764e-4,5.137881018012764e-4,4.624092916211489e-4,5.137881018012764e-4,4.795355616811915e-4,0.04487082755731149,0,30185.050980824995,1689.1554528869667,3489.3918933833693,6.037010196165,7.2444122353979985,3.2599855059290994,5.1918287687019,6.2784906040115995,533.6717013409859,0,30.185050980824997,1.6891554528869668,3.4893918933833694,0.006037010196165,0.007244412235397998,0.0032599855059290994,0.005191828768701899,0.0062784906040116,0.533671701340986,0,2.140783757505319,0.11979825906999765,0.24747460236761487,4.281567515010638e-4,5.137881018012764e-4,2.3120464581057444e-4,3.6821480629091485e-4,4.4528302156110635e-4,0.03784905683269404,0
627,2018-03-16T20:00:00Z,NA,NA,TRE,132,6.98,11,0.07,0.03,0,0.024,0.028,2.94,0.04,2018-03-16T20:00:00Z,85,130.5,6.995,13.45,0.05,0.03,0.0135,0.027,0.028,2.7800000000000002,0.02,0.63,0.513,29335.2,3.556,0.582047619047619,0.03713145153448683,0.513,0.633,830680.3701144,0.01166666704,0.01932859501015313,0.6035962279654372,1106191.9646856,501396.00000000006,146017.33933849918,7721.219913505489,12168.1116115416,77.43343752799201,33.185758940568,0,26.5486071524544,30.9733750111968,3252.204376175664,44.247678587424,146.0173393384992,7.721219913505489,12.168111611541601,0.077433437527992,0.033185758940567994,0,0.0265486071524544,0.0309733750111968,3.252204376175664,0.044247678587424004,10.355839669397106,0.5476042491847865,0.8629866391164256,0.005491733158013617,0.0023535999248629784,0,0.0018828799398903833,0.002196693263205447,0.2306527926365719,0.0031381332331506385,144358.0513914708,7737.812792975772,14878.281925021318,55.30959823428,33.185758940568,14.9335915232556,29.8671830465112,30.9733750111968,3075.2136618259683,22.123839293712,144.35805139147078,7.737812792975772,14.87828192502132,0.05530959823428001,0.033185758940567994,0.0149335915232556,0.0298671830465112,0.0309733750111968,3.0752136618259684,0.022123839293712002,10.238159673153957,0.5487810491472179,1.0551972996469021,0.003922666541438299,0.0023535999248629784,0.0010591199661883403,0.0021182399323766807,0.002196693263205447,0.2181002597039694,0.0015690666165753193
630,2018-03-17T10:00:00Z,NA,NA,TRE,123,6.91,13.3,0,0.05,0,0.007,0.024,1.95,0,2018-03-17T10:00:00Z,86,127.5,6.945,12.15,0.035,0.04,0,0.0155,0.026000000000000002,2.445,0.02,0.51,0.427,13503.6,0,0.468875,0.0246788952820102,0.427,0.51,382379.3751492,0,0.008897352517763772,0,830680.3701144,0,102173.6855240712,5740.001357490504,11048.04892252152,0,41.534018505720006,0,5.8147625908008,19.936328882745602,1619.8267217230803,0,102.1736855240712,5.740001357490504,11.04804892252152,0,0.041534018505720006,0,0.0058147625908008,0.019936328882745602,1.6198267217230802,0,7.246360675466043,0.4070922948574826,0.7835495689731575,0,0.00294567507132766,0,0.00041239450998587233,0.0014139240342372769,0.11488132778177874,0,105911.747189586,5769.075170444509,10092.76649688996,29.073812954004005,33.22721480457601,0,12.875545736773201,21.5976896229744,2031.013504929708,16.613607402288004,105.91174718958601,5.769075170444509,10.09276649688996,0.029073812954004005,0.033227214804576,0,0.012875545736773202,0.0215976896229744,2.031013504929708,0.016613607402288,7.511471431885533,0.409154267407412,0.7157990423326213,0.002061972549929362,0.002356540057062128,0,9.131592721115747e-4,0.001531751037090383,0.14404351098792256,0.001178270028531064
631,2018-03-17T18:00:00Z,NA,NA,TRE,121,6.96,10.5,0,0.03,0,0.01,0.028,1.5,0,2018-03-17T18:00:00Z,87,122,6.9350000000000005,11.9,0,0.04,0,0.0085,0.026000000000000002,1.725,0,0.427,0.125,76195.2,11.43,0.2152406779661017,0.07911097515535975,0.125,0.427,2157607.8205343997,0.0375000012,0.05020406073650834,0.7469515543138134,382379.3751492,1611630,46267.9043930532,2661.3604510384316,4014.9834390665997,0,11.471381254475999,0,3.823793751492,10.7066225041776,573.5690627237999,0,46.26790439305319,2.6613604510384317,4.0149834390666,0,0.011471381254475999,0,0.003823793751492,0.0107066225041776,0.5735690627237999,0,3.281411659081787,0.18874896815875403,0.2847505985153617,0,8.13573138615319e-4,0,2.7119104620510636e-4,7.593349293742979e-4,0.04067865693076595,0,46650.2837682024,2651.8009666597018,4550.31456427548,0,15.295175005968,0,3.2502246887682,9.9418637538792,659.6044221323699,0,46.65028376820239,2.6518009666597018,4.55031456427548,0,0.015295175005968,0,0.0032502246887682,0.0099418637538792,0.6596044221323699,0,3.3085307637022976,0.18807099054324128,0.3227173449840766,0,0.0010847641848204255,0,2.3051238927434043e-4,7.050967201332767e-4,0.046780455470380844,0
632,2018-03-21T20:20:00Z,NA,NA,TRE,134,7.03,5.38,0,0,0,0.048,0.033,1.3,0,2018-03-21T20:20:00Z,88,127.5,6.995,7.9399999999999995,0,0.015,0,0.029,0.0305,1.4,0,0.125,0.113,166741.2,49.022,0.24165391304347825,0.12107797751154668,0.113,0.475,4721585.0489964,0.16083333848,0.10986368343515451,1.4639354284432817,2157607.8205343997,6912102,289119.44795160956,15167.982978356831,11607.93007447507,0,0,0,103.56517538565119,71.2010580776352,2804.89016669472,0,289.1194479516096,15.16798297835683,11.607930074475071,0,0,0,0.10356517538565119,0.0712010580776352,2.8048901666947197,0,20.504925386638977,1.0757434736423284,0.8232574520904306,0,0,0,0.007345047899691573,0.005049720431037958,0.1989283806166468,0,275094.997118136,15092.466704638126,17131.406095043134,0,32.36411730801599,0,62.57062679549759,65.8070385262992,3020.6509487481594,0,275.094997118136,15.092466704638126,17.131406095043133,0,0.03236411730801599,0,0.06257062679549759,0.0658070385262992,3.0206509487481594,0,19.510283483555746,1.0703877095488032,1.214993340073981,0,0.0022953274686536166,0,0.004437633106063659,0.004667165852929021,0.21423056374100422,0
691,2018-03-29T19:55:00Z,NA,NA,TRE,109,7.13,4.69,0,0.05,0,0.001,0.028,0.99,0,2018-03-29T20:00:00Z,89,121.5,7.08,5.035,0,0.025,0,0.0245,0.0305,1.145,0,0.113,0.0531,43817.58,10.922,0.07332259036144578,0.016349755172105993,0.0517,0.113,1240775.70877026,0.035833334480000006,0.028870853382454712,1.2411595184012298,4721585.0489964,1540002,514652.77034060756,33664.90139934433,22144.23387979312,0,236.07925244982002,0,4.721585048996401,132.20438137189922,4674.369198506436,0,514.6527703406076,33.66490139934433,22.14423387979312,0,0.23607925244982003,0,0.0047215850489964,0.13220438137189922,4.674369198506437,0,36.500196478057276,2.387581659527967,1.5705130411200794,0,0.01674320939360426,0,3.348641878720851e-4,0.009376197260418384,0.3315155459933643,0,573672.5834530627,33428.82214689451,23773.180721696877,0,118.03962622491001,0,115.6788337004118,144.0083439943902,5406.214881100878,0,573.6725834530627,33.42882214689451,23.773180721696875,0,0.11803962622491002,0,0.1156788337004118,0.1440083439943902,5.406214881100878,0,40.685998826458345,2.3708384501343627,1.6860411859359485,0,0.00837160469680213,0,0.008204172602866086,0.010213357730098595,0.38341949511353746,0
707,2018-04-05T18:00:00Z,NA,NA,TRE,126,7.3,2.14,0,0.05,0,0.001,0.042,0.92,0,2018-04-05T18:00:00Z,90,117.5,7.215,3.415,0,0.05,0,0.001,0.035,0.9550000000000001,0,0.0517,0.253,5660.28,89.408,0.09248823529411765,0.049805262941349474,0.0517,0.253,160281.28273715999,0.29333334272,0.003729487433665683,78.65245504572864,1240775.70877026,12606528,156337.73930505276,9057.6626740228985,2655.2600167683563,0,62.038785438513,0,1.24077570877026,52.112579768350926,1141.5136520686392,0,156.33773930505276,9.057662674022898,2.655260016768356,0,0.062038785438513,0,0.00124077570877026,0.052112579768350924,1.141513652068639,0,11.087782929436367,0.6423874236895672,0.18831631324598272,0,0.004399913860887447,0,8.799827721774894e-5,0.0036959276431454556,0.08095841504032901,0,145791.14578050553,8952.196738777426,4237.249045450438,0,62.038785438513,0,1.24077570877026,43.4271498069591,1184.9408018755983,0,145.79114578050553,8.952196738777426,4.2372490454504375,0,0.062038785438513,0,0.00124077570877026,0.0434271498069591,1.1849408018755982,0,10.339797573085498,0.6349075701260586,0.3005141166986126,0,0.004399913860887447,0,8.799827721774894e-5,0.003079939702621213,0.08403835474295024,0
773,2018-04-06T11:00:00Z,NA,NA,TRE,110,6.93,18,0.47,0.08,0,0.059,0.007,3.84,0.39,2018-04-06T11:00:00Z,91,118,7.115,10.07,0.235,0.065,0,0.03,0.0245,2.38,0.195,0.272,1.29,8329.2,13.207999999999998,0.5784166666666667,0.281399594676428,0.272,1.29,235856.68203240001,0.04333333472,0.005488005316431026,7.896008152590611,160281.28273715999,1862327.9999999998,17630.9411010876,1110.7492893685187,2885.06308926888,75.3322028864652,12.8225026189728,0,9.45659568149244,1.12196897916012,615.4801257106943,62.50970026749239,17.6309411010876,1.1107492893685187,2.88506308926888,0.0753322028864652,0.0128225026189728,0,0.009456595681492439,0.0011219689791601198,0.6154801257106943,0.06250970026749239,1.250421354687064,0.07877654534528501,0.2046144034942468,0.005342709424572,9.093973488633191e-4,0,6.706805447866978e-4,7.957226802554042e-5,0.043651072745439314,0.004433312075708681,18913.19136298488,1140.4013266748932,1614.032517163201,37.6661014432326,10.4182833779154,0,4.808438482114799,3.9268914270604194,381.46945291444075,31.254850133746196,18.913191362984875,1.1404013266748934,1.614032517163201,0.0376661014432326,0.010418283377915399,0,0.004808438482114799,0.003926891427060419,0.3814694529144408,0.031254850133746195,1.3413610895733954,0.08087952671453144,0.1144703912881703,0.002671354712286,7.388853459514467e-4,0,3.4102400582374464e-4,2.7850293808939146e-4,0.027054571128683744,0.0022166560378543403
744,2018-04-06T15:00:00Z,NA,NA,TRE,91,6.8,145,0.34,0.02,0,0.298,0.012,5.39,0.32,2018-04-06T15:00:00Z,92,100.5,6.865,81.5,0.405,0.05,0,0.1785,0.0095,4.615,0.355,1.5,5.62,58794,8.636,4.082916666666667,1.3412955423336268,1.5,5.68,1664860.702518,0.028333334239999997,0.03873862850864978,0.7313974534145826,235856.68203240001,1217676,21462.9580649484,1603.82543782032,34199.218894698,80.191271891016,4.717133640648,0,70.2852912456552,2.8302801843888,1271.267516154636,75.474138250368,21.462958064948403,1.60382543782032,34.199218894698,0.080191271891016,0.004717133640648,0,0.0702852912456552,0.0028302801843888,1.2712675161546358,0.075474138250368,1.522195607443149,0.11374648495179575,2.425476517354468,0.005687324247589788,3.3454848515234044e-4,0,0.004984772428769873,2.0072909109140424e-4,0.09016081674855574,0.005352775762437447,23703.596544256205,1619.156122152426,19222.319585640602,95.52195622312202,11.79283410162,0,42.1004177427834,2.2406384793078002,1088.478587579526,83.729122121502,23.703596544256204,1.619156122152426,19.2223195856406,0.09552195622312201,0.011792834101620001,0,0.0421004177427834,0.0022406384793078,1.088478587579526,0.083729122121502,1.681106137890511,0.11483376752854085,1.3632850769957874,0.0067746068243348945,8.363712128808511e-4,0,0.002985845229984638,1.5891053044736172e-4,0.07719706294890255,0.005938235611454043
774,2018-04-06T19:00:00Z,NA,NA,TRE,78,6.82,348,0.55,0.01,0,0.557,0.007,3.42,0.54,2018-04-06T19:00:00Z,93,84.5,6.8100000000000005,246.5,0.44500000000000006,0.015,0,0.4275,0.0095,4.404999999999999,0.43000000000000005,5.79,5.79,3474,1.016,5.79,NA,5.79,5.79,98372.726478,0.0033333334400000004,0.0022889749879077682,1.4562559475788879,1664860.702518,143256,129859.134796404,11354.349991172761,579371.524476264,915.6733863849,16.648607025180002,0,927.3274113025261,11.654024917626,5693.82360261156,899.02477935972,129.859134796404,11.35434999117276,579.371524476264,0.9156733863849,0.01664860702518,0,0.9273274113025262,0.011654024917626,5.693823602611561,0.89902477935972,9.20986771605702,0.8052730490193447,41.090179040869785,0.0649413749209149,0.0011807522712893616,0,0.06576790151081746,8.265265899025532e-4,0.40381727678096174,0.06376062264962554,140680.729362771,11337.70138414758,410388.16317068704,740.8630126205101,24.972910537769998,0,711.727950326445,15.816176673921,7333.711394591789,715.8901020827401,140.68072936277102,11.33770138414758,410.388163170687,0.74086301262051,0.02497291053777,0,0.7117279503264451,0.015816176673921,7.333711394591789,0.7158901020827401,9.977356692395109,0.8040922967480554,29.105543487282766,0.052543476072376596,0.0017711284069340425,0,0.05047715959762022,0.0011217146577248936,0.5201213755029638,0.05077234766544256
711,2018-04-06T19:10:00Z,NA,NA,TRE,72,7,391,0.38,0.03,0,0.554,0.012,3.47,0.35,2018-04-06T19:10:00Z,94,75,6.91,369.5,0.465,0.02,0,0.5555000000000001,0.0095,3.4450000000000003,0.445,5.69,2.87,139806,26.162,3.949322033898305,0.9152517354988862,2.81,5.69,3958865.111682,0.08583333608,0.09211641829574942,0.9317919396781481,98372.726478,3688842,7082.836306415999,688.609085346,38463.736052898,37.381636061639995,2.9511817943399996,0,54.498490468812,1.1804727177360002,341.35336087866,34.43045426729999,7.082836306416,0.6886090853460001,38.463736052898,0.037381636061639995,0.00295118179434,0,0.054498490468812,0.001180472717736,0.34135336087866,0.034430454267299994,0.5023288160578723,0.04883752378340426,2.7279245427587235,0.002651179862527659,2.093036733574468e-4,0,0.003865141168000851,8.372146934297873e-5,0.02420945821834468,0.0024418761891702124,7377.954485849999,679.7555399629799,36348.722433621,45.74331781227,1.96745452956,0,54.646049558529015,0.9345409015409999,338.89404271671003,43.77586328271,7.37795448585,0.67975553996298,36.348722433621,0.04574331781227,0.00196745452956,0,0.05464604955852901,9.345409015409999e-4,0.33889404271671003,0.04377586328271,0.523259183393617,0.04820961276333192,2.577923576852553,0.0032442069370404256,1.3953578223829788e-4,0,0.0038756063516687243,6.627949656319149e-5,0.02403503849054681,0.0031046711548021275
775,2018-04-07T05:00:00Z,NA,NA,TRE,88,6.73,647,0.69,0.01,0,0.694,0.007,2.46,0.68,2018-04-07T05:00:00Z,95,80,6.865,519,0.5349999999999999,0.02,0,0.624,0.0095,2.965,0.515,2.92,3.36,44304,0,3.0766666666666667,0.14968566097475489,2.9,3.36,1254549.589488,0,0.02919134941400857,0,3958865.111682,0,348380.129828016,26643.162201619863,2561385.727258254,2731.6169270605797,39.58865111682,0,2747.452387507308,27.712055781774,9738.80817473772,2692.0282759437605,348.380129828016,26.643162201619862,2561.385727258254,2.7316169270605797,0.03958865111682,0,2.747452387507308,0.027712055781774002,9.73880817473772,2.6920282759437604,24.707810626100425,1.8895859717460897,181.65856221689745,0.19373169695465103,0.0028077057529659576,0,0.19485477925583744,0.0019653940270761704,0.6906956152296255,0.19092399120168513,316709.20893456,27177.608991696932,2054650.992962958,2117.9928347498694,79.17730223364,0,2470.3318296895677,37.609218560979,11738.035056137129,2038.8155325162302,316.70920893456,27.177608991696932,2054.6509929629583,2.1179928347498693,0.07917730223364,0,2.470331829689568,0.037609218560979006,11.73803505613713,2.0388155325162303,22.461646023727663,1.9274899994111299,145.7199285789332,0.15021225778367867,0.005615411505931915,0,0.17520083898507574,0.00266732046531766,0.8324847557544064,0.14459684627774683
776,2018-04-07T09:00:00Z,NA,NA,TRE,87,6.69,888,0.62,0.01,0,0.828,0.007,2.34,0.61,2018-04-07T09:00:00Z,96,87.5,6.710000000000001,767.5,0.655,0.01,0,0.7609999999999999,0.007,2.4,0.645,3.38,1.81,78864,0,2.7383333333333333,0.5031024316554121,1.81,3.45,2233179.821808,0,0.05196249955278015,0,1254549.589488,0,109145.81428545598,8392.93675367472,1114040.0354653439,777.8207454825599,12.54549589488,0,1038.767060096064,8.781847126416,2935.6460394019196,765.27524958768,109.14581428545598,8.39293675367472,1114.0400354653439,0.7778207454825599,0.01254549589488,0,1.038767060096064,0.008781847126416,2.9356460394019197,0.76527524958768,7.740837892585531,0.5952437413953702,79.0099315932868,0.05516459187819574,8.89751481906383e-4,0,0.07367142270184851,6.228260373344681e-4,0.2082018467660936,0.05427484039628936,109773.08908019999,8418.02774546448,962866.8099320399,821.72998111464,12.54549589488,0,954.7122376003678,8.781847126416,3010.9190147711997,809.18448521976,109.77308908019998,8.41802774546448,962.8668099320399,0.82172998111464,0.01254549589488,0,0.9547122376003677,0.008781847126416,3.0109190147711997,0.8091844852197599,7.78532546668085,0.597023244359183,68.28842623631489,0.05827872206486809,8.89751481906383e-4,0,0.06771008777307573,6.228260373344681e-4,0.2135403556575319,0.0573889705829617
777,2018-04-07T17:00:00Z,NA,NA,TRE,92,6.76,495,0.39,0.01,0,0.514,0.007,1.87,0.38,2018-04-07T17:00:00Z,97,89.5,6.725,691.5,0.505,0.01,0,0.671,0.007,2.105,0.495,1.78,1.27,44664,2.032,1.5508333333333333,0.15021733663911882,1.27,1.8,1264743.654408,0.006666666880000001,0.029428548894620772,0.22653739754115423,2233179.821808,286512,205452.543606336,15096.29559542208,1105424.0117949601,870.94013050512,22.331798218080003,0,1147.854428409312,15.632258752656002,4176.046266780961,848.6083322870401,205.452543606336,15.09629559542208,1105.42401179496,0.87094013050512,0.022331798218080002,0,1.1478544284093122,0.015632258752656003,4.17604626678096,0.84860833228704,14.571102383428086,1.0706592620866724,78.39886608474895,0.0617688035819234,0.0015838154764595746,0,0.08140811549002214,0.0011086708335217024,0.29617349409794047,0.060184988105463834,199869.594051816,15018.1343016588,1544243.846780232,1127.75581001304,22.331798218080003,0,1498.4636604331681,15.632258752656002,4700.84352490584,1105.42401179496,199.86959405181602,15.0181343016588,1544.243846780232,1.12775581001304,0.022331798218080002,0,1.498463660433168,0.015632258752656003,4.70084352490584,1.10542401179496,14.175148514313193,1.0651159079190637,109.52084019717957,0.07998268156120851,0.0015838154764595746,0,0.10627401847043745,0.0011086708335217024,0.3333931577947404,0.07839886608474894
778,2018-04-08T01:00:00Z,NA,NA,TRE,96,6.72,13.2,0.21,0.01,0,0.018,0.007,1.59,0.2,2018-04-08T01:00:00Z,98,94,6.74,254.1,0.3,0.01,0,0.266,0.007,1.73,0.29000000000000004,1.25,0.204,105727.2,1.524,0.4565077720207254,0.2655466133008341,0.204,1.25,2993860.9461383997,0.00500000016,0.06966232479606281,0.07177481048238848,1264743.654408,214884,121415.390823168,8499.07735762176,16694.616238185597,265.59616742568,12.64743654408,0,22.765385779343998,8.853205580856,2010.94241050872,252.9487308816,121.415390823168,8.49907735762176,16.6946162381856,0.26559616742568,0.01264743654408,0,0.022765385779343998,0.008853205580856,2.01094241050872,0.2529487308816,8.611020625756595,0.6027714438029617,1.184015336041532,0.018836607618842552,8.969813151829787e-4,0,0.0016145663673293616,6.278869206280851e-4,0.1426200291140936,0.017939626303659577,118885.90351435199,8524.37223070992,321371.36258507275,379.4230963224,12.64743654408,0,336.421812072528,8.853205580856,2188.0065221258396,366.77565977832006,118.885903514352,8.52437223070992,321.37136258507275,0.37942309632239996,0.01264743654408,0,0.336421812072528,0.008853205580856,2.1880065221258396,0.36677565977832005,8.43162436272,0.6045654064333277,22.792295218799485,0.02690943945548936,8.969813151829787e-4,0,0.023859702983867238,6.278869206280851e-4,0.1551777675266553,0.026012458140306387
745,2018-04-10T17:15:00Z,NA,NA,TRE,109,6.9,10.9,0,0.03,0,0.01,0.012,1.33,0,2018-04-10T17:20:00Z,99,102.5,6.8100000000000005,12.05,0.105,0.02,0,0.013999999999999999,0.0095,1.46,0.1,0.202,0.0655,160350.54,37.338,0.1223676282051282,0.04157666227858195,0.0641,0.222,4540621.70754738,0.12250000392,0.10565295778857343,1.1594564552100841,2993860.9461383997,5264658,326330.84312908555,20657.640528354957,32633.084312908555,0,89.81582838415198,0,29.938609461383997,35.9263313536608,3981.8350583640718,0,326.33084312908557,20.657640528354957,32.63308431290856,0,0.08981582838415199,0,0.029938609461383995,0.035926331353660794,3.981835058364072,0,23.144031427594722,1.4650808885358126,2.3144031427594722,0,0.0063699169066774464,0,0.0021233056355591485,0.0025479667626709785,0.2823996495293668,0,306870.74697918596,20388.193043202504,36076.02440096772,314.3553993445319,59.877218922767995,0,41.91405324593759,28.4416789883148,4371.036981362064,299.38609461384,306.8707469791859,20.388193043202506,36.07602440096772,0.31435539934453194,0.05987721892276799,0,0.04191405324593759,0.028441678988314796,4.371036981362064,0.29938609461383997,21.76388276448127,1.4459711378157807,2.5585832908487744,0.02229470917337106,0.004246611271118297,0,0.002972627889782808,0.002017140353781191,0.31000262279163576,0.021233056355591487
796,2018-04-25T21:15:00Z,NA,NA,TRE,113,7.18,3.57,0.12,0.01,0,0.004,0.007,1.01,0.11,2018-04-25T21:20:00Z,100,111,7.04,7.235,0.06,0.02,0,0.007,0.0095,1.17,0.055,0.0655,0.038,67677.3,10.668,0.04910557248585111,0.008377083927952974,0.0369,0.0669,1916407.7494731,0.03500000112,0.044591723358989754,0.7848990459110379,4540621.70754738,1504188,513090.2529528539,32601.663860190183,16210.019495944145,544.8746049056855,45.4062170754738,0,18.16248683018952,31.784351952831656,4586.027924622853,499.4683878302118,513.0902529528539,32.601663860190186,16.210019495944145,0.5448746049056855,0.0454062170754738,0,0.01816248683018952,0.031784351952831656,4.5860279246228535,0.4994683878302118,36.38937964204638,2.31217474185746,1.1496467727619961,0.03864358900040323,0.003220299083366936,0,0.0012881196333467744,0.002254209358356855,0.32525020742006056,0.0354232899170363,504009.0095377591,31965.976821133554,32851.398054105295,272.43730245284274,90.8124341509476,0,31.784351952831656,43.135906221700104,5312.527397830434,249.7341939151059,504.00900953775914,31.965976821133555,32.851398054105296,0.27243730245284276,0.0908124341509476,0,0.031784351952831656,0.043135906221700104,5.312527397830434,0.2497341939151059,35.74531982537299,2.267090554690323,2.3298863868159785,0.019321794500201616,0.006440598166733872,0,0.002254209358356855,0.003059284129198589,0.3767749927539315,0.01771164495851815
813,2018-05-11T20:05:00Z,NA,NA,TRE,144,7.47,2.04,0.31,0.01,0,0.01,0.012,1.05,0.3,2018-05-11T20:10:00Z,101,128.5,7.324999999999999,2.8049999999999997,0.215,0.01,0,0.007,0.0095,1.03,0.205,0.038,0.0357,43593.18,9.144,0.03623705735660848,0.0014770460349032965,0.0334,0.0404,1234421.4083034599,0.030000000960000002,0.028722999039539773,1.044459212587875,1916407.7494731,1289304,275962.7159241264,14315.565888564057,3909.471808925124,594.086402336661,19.164077494731004,0,19.164077494731004,22.9968929936772,2012.2281369467553,574.9223248419299,275.96271592412637,14.315565888564057,3.909471808925124,0.594086402336661,0.019164077494731,0,0.019164077494731,0.0229968929936772,2.012228136946755,0.57492232484193,19.571823824406128,1.0152883608910679,0.2772675041790868,0.042133787399763194,0.0013591544322504256,0,0.0013591544322504256,0.0016309853187005108,0.1427112153862947,0.04077463296751276,246258.39580729336,14037.686764890457,5375.523737272046,412.0276661367165,19.164077494731004,0,13.414854246311702,18.20587361999445,1973.8999819572932,392.8635886419855,246.25839580729337,14.037686764890456,5.3755237372720455,0.4120276661367165,0.019164077494731,0,0.0134148542463117,0.01820587361999445,1.973899981957293,0.3928635886419855,17.46513445441797,0.9955806216234366,0.38124281824624434,0.02922182029338415,0.0013591544322504256,0,9.514081025752979e-4,0.0012911967106379043,0.13999290652179383,0.027862665861133725
827,2018-05-25T18:15:00Z,NA,NA,TRE,155,7.45,1.65,0,0.01,0,0.015,0.016,0.89,0,2018-05-25T18:20:00Z,102,149.5,7.46,1.845,0.155,0.01,0,0.0125,0.014,0.97,0.15,0.0357,0.00993,46961.478,6.604,0.028471855220080028,0.002499220208689177,0.00993,0.0369,1329800.987419866,0.021666667360000003,0.03094232830661512,0.7002274407180895,1234421.4083034599,931164,191335.31828703627,9196.439491860778,2036.7953237007086,0,12.3442140830346,0,18.516321124551897,19.75074253285536,1098.6350533900795,0,191.33531828703627,9.196439491860778,2.0367953237007086,0,0.0123442140830346,0,0.0185163211245519,0.01975074253285536,1.0986350533900795,0,13.569880729577042,0.6522297511957998,0.14445356905678786,0,8.754761761017447e-4,0,0.001313214264152617,0.0014007618817627914,0.07791737967305529,0,184546.00054136728,9208.78370594381,2277.5074983198833,191.33531828703627,12.3442140830346,0,15.430267603793249,17.281899716248436,1197.388766054356,185.16321124551897,184.54600054136725,9.20878370594381,2.2775074983198835,0.19133531828703626,0.0123442140830346,0,0.015430267603793249,0.01728189971624844,1.197388766054356,0.18516321124551896,13.088368832721082,0.6531052273719015,0.16152535449077188,0.01356988072957704,8.754761761017447e-4,0,0.0010943452201271808,0.0012256666465424425,0.08492118908186923,0.013132142641526168
835,2018-06-13T20:30:00Z,NA,NA,TRE,155,7.23,0.99,0.04,0.01,0.054918546,0.108,0.006,3.03,0,2018-06-13T20:30:00Z,103,155,7.34,1.3199999999999998,0.02,0.01,0.027459273,0.0615,0.011,1.96,0,0.00993,0.0108,20997.402,0,0.011039643533123028,8.899239789389009e-4,0.00878,0.0137,594580.2198314939,0,0.013834924579460145,0,1329800.987419866,0,206119.1530500792,9614.461139045632,1316.5029775456674,53.19203949679464,13.29800987419866,73.03073669846333,143.61850664134553,7.978805924519196,4029.2969918821937,0,206.11915305007923,9.614461139045632,1.3165029775456674,0.053192039496794644,0.013298009874198661,0.07303073669846333,0.14361850664134554,0.007978805924519196,4.029296991882194,0,14.61837964894179,0.6818766765280591,0.09336900549969272,0.0037724850706946558,9.431212676736639e-4,0.005179484872231441,0.01018570969087557,5.658727606041983e-4,0.2857657441051201,0,206119.1530500792,9760.739247661815,1755.3373033942228,26.59601974839732,13.29800987419866,36.515368349231665,81.78276072632177,14.627810861618526,2606.4099353429374,0,206.11915305007923,9.760739247661816,1.7553373033942228,0.026596019748397322,0.013298009874198661,0.036515368349231664,0.08178276072632176,0.014627810861618526,2.606409935342937,0,14.61837964894179,0.6922510104724692,0.12449200733292361,0.0018862425353473279,9.431212676736639e-4,0.0025897424361157207,0.005800195796193033,0.0010374333944410303,0.18485176846403809,0
859,2018-07-05T20:45:00Z,NA,NA,TRE,166,7.31,0.95,0.11,0.01,0,0.029,0.003,1.29,0.1,2018-07-05T20:50:00Z,104,160.5,7.27,0.97,0.075,0.01,0.027459273,0.0685,0.0045000000000000005,2.16,0.05,0.0108,0.00601,9864.798,0,0.007722559887271019,0.0013995812593117088,0.00533,0.011,279339.975651906,0,0.006499791560956413,0,594580.2198314939,0,98700.31649202798,4346.38140696822,564.8512088399192,65.40382418146433,5.945802198314939,0,17.242826375113324,1.7837406594944818,767.0084835826272,59.45802198314939,98.70031649202798,4.34638140696822,0.5648512088399192,0.06540382418146433,0.005945802198314939,0,0.017242826375113325,0.0017837406594944818,0.7670084835826272,0.059458021983149395,7.000022446243119,0.3082540004942,0.04006036942127087,0.004638569090883995,4.216880991712723e-4,0,0.0012228954875966897,1.265064297513817e-4,0.054397764793094126,0.004216880991712723,95430.12528295477,4322.598198174961,576.7428132365491,44.593516487362045,5.945802198314939,16.326740576753004,40.728745058457335,2.675610989241723,1284.2932748360267,29.729010991574697,95.43012528295476,4.322598198174961,0.5767428132365491,0.044593516487362046,0.005945802198314939,0.016326740576753006,0.04072874505845734,0.002675610989241723,1.2842932748360267,0.029729010991574698,6.76809399169892,0.30656724809751495,0.04090374561961341,0.0031626607437845425,4.216880991712723e-4,0.001157924863599504,0.0028885634793232155,1.8975964462707254e-4,0.09108462942099481,0.0021084404958563617
870,2018-07-20T15:40:00Z,NA,NA,TRE,171,7.27,0.43,0,0.03,0,0.044,0.012,1.07,0,2018-07-20T15:40:00Z,105,168.5,7.289999999999999,0.69,0.055,0.02,0,0.0365,0.0075,1.1800000000000002,0.05,0.00601,0.00566,6272.784,0,0.005578783351120597,5.041868620921528e-4,0.00455,0.00702,177625.46479204798,0,0.004133058629979287,0,279339.975651906,0,47767.13583647592,2030.8016229893565,120.11618953031957,0,8.38019926955718,0,12.290958928683864,3.352079707822872,298.89377394753944,0,47.76713583647592,2.0308016229893564,0.12011618953031958,0,0.008380199269557178,0,0.012290958928683864,0.003352079707822872,0.29889377394753947,0,3.3877401302465193,0.14402848389995435,0.008518878690093587,0,5.943403737274595e-4,0,8.71699214800274e-4,2.3773614949098383e-4,0.021198139996279394,0,47068.78589734616,2036.3884225023946,192.74458319981514,15.363698660854828,5.58679951303812,0,10.195909111294569,2.095049817389295,329.6211712692491,13.966998782595299,47.06878589734616,2.0363884225023945,0.19274458319981513,0.01536369866085483,0.00558679951303812,0,0.010195909111294569,0.0020950498173892946,0.3296211712692491,0.013966998782595299,3.3382117657692314,0.14442471081577266,0.01366982859573157,0.0010896240185003425,3.9622691581830635e-4,0,7.231141213684091e-4,1.4858509343186488e-4,0.02337738803328008,9.90567289545766e-4
