sample,datetime,id,branch,SUBWS,ec,ph,turb,tn,nh4n,no3n,tp,po4,doc,time_round,date_group,tn_avg,nh4n_avg,no3n_avg,tp_avg,po4_avg,doc_avg,volume_cf,rain_mm,mean_Q_cfs,sd_Q_cfs,min_Q_cfs,max_Q_cfs,volume_liters,rain_ft,runoff_ft,runoff_ratio,vol_shift,rain_liters,tn_avg_grams,nh4n_avg_grams,no3n_avg_grams,tp_avg_grams,po4_avg_grams,doc_avg_grams,tn_avg_kg,nh4n_avg_kg,no3n_avg_kg,tp_avg_kg,po4_avg_kg,doc_avg_kg,tn_avg_ha,nh4n_avg_ha,no3n_avg_ha,tp_avg_ha,po4_avg_ha,doc_avg_ha
13,2016-05-26T16:50:00Z,TRE,SF,TRE,152,7.21,1.83,0.18,0,0,0.008,0.005,1.63,2016-05-26T16:50:00Z,2,NA,NA,NA,NA,NA,NA,83318.1,0.51,0.026750818724715856,0.0030766863421325718,0.02,0.0369,2359305.8900307002,0.0016732284,0.05489725012665465,0.030479275303219346,NA,71910,NA,NA,NA,NA,NA,NA,NA,NA,NA,NA,NA,NA,NA,NA,NA,NA,NA,NA
41,2016-07-01T17:55:00Z,TRE  TCK,SF,TRE,168,8.42,0.8,0.09,0.01,0,0.019,0.016,1.2,2016-07-01T18:00:00Z,3,0.135,0.005,0,0.0135,0.0105,1.415,173696.1,0.06,0.022593732927495513,0.0026560284159154396,0.0122,0.0301,4918525.8881967,1.968504e-4,0.11444617973434845,0.0017200259585503643,2359305.8900307002,8460,318.5062951541446,11.796529450153502,0,31.850629515414454,24.772711845322355,3338.417834393441,0.3185062951541446,0.011796529450153501,0,0.03185062951541445,0.024772711845322357,3.3384178343934408,0.022589098947102454,8.366332943371277e-4,0,0.002258909894710245,0.0017569299181079685,0.23676722229740715
54,2016-09-28T17:25:00Z,TRE ETK,SF,TRE,217,8.41,1,0.08,0.01,0.02,0.018,0.014,1,2016-09-28T17:30:00Z,4,0.08499999999999999,0.01,0.01,0.0185,0.015,1.1,64726.74,5.7508,0.025845208433157643,0.012514688606014025,0.0122,0.115,1832857.1933887799,0.018867454672,0.04264763641589213,0.44240329025524305,4918525.8881967,810862.8,418.0747004967195,49.18525888196701,49.18525888196701,90.99272893163895,73.7778883229505,5410.378477016371,0.4180747004967195,0.04918525888196701,0.04918525888196701,0.09099272893163896,0.0737778883229505,5.410378477016371,0.029650687978490745,0.003488316232763618,0.003488316232763618,0.006453385030612692,0.005232474349145425,0.38371478560399797
64,2016-10-27T17:10:00Z,TRE,SF,TRE,161,7.74,15.6,0.29,0.01,0.09,0.032,0.018,9.09,2016-10-27T17:10:00Z,5,0.185,0.01,0.055,0.025,0.016,5.045,161887.08,4.320600000000001,0.1375888832228455,0.12688457063059008,0.0453,0.759,4584131.67563676,0.014175197304000003,0.10666536470507308,0.13289409681571943,1832857.1933887799,609204.6000000001,339.07858077692424,18.3285719338878,100.80714563638288,45.8214298347195,29.325715094220477,9246.764540646394,0.33907858077692427,0.018328571933887802,0.10080714563638289,0.0458214298347195,0.029325715094220477,9.246764540646394,0.024048126296235765,0.001299898718715447,0.007149442952934957,0.003249746796788617,0.0020798379499447146,0.6557989035919428
88,2016-11-10T07:00:00Z,5  Tr  01,SF,TRE,140,8.06,19.9,0.26,0,0,0.078,0.015,8.25,2016-11-10T07:00:00Z,9,0.275,0.005,0.045,0.055,0.0165,8.67,504988.56,9.4166,0.19176295283663705,0.2958721526593264,0.0345,1.77,14299683.79027032,0.030894357944000004,0.3327306226308467,0.0928509606351329,4584131.67563676,1327740.6,1260.6362108001092,22.920658378183802,206.2859254036542,252.12724216002178,75.63817264800655,39744.42162777071,1.2606362108001092,0.0229206583781838,0.2062859254036542,0.2521272421600218,0.07563817264800654,39.744421627770706,0.08940682346100065,0.0016255786083818299,0.014630207475436469,0.017881364692200127,0.005364409407660038,2.818753306934093
89,2016-11-10T07:00:00Z,5  Tr  02,SF,TRE,136,8.01,15.7,0.27,0,0,0.071,0.01,5.46,2016-11-10T07:00:00Z,9,0.265,0,0,0.0745,0.0125,6.855,504988.56,9.4166,0.19176295283663705,0.2958721526593264,0.0345,1.77,14299683.79027032,0.030894357944000004,0.3327306226308467,0.0928509606351329,14299683.79027032,1327740.6,3789.4162044216346,0,0,1065.3264423751386,178.74604737837902,98024.33238230305,3.789416204421635,0,0,1.0653264423751387,0.178746047378379,98.02433238230304,0.2687529222994067,0,0,0.07555506683511623,0.01267702463676447,6.952080310801635
90,2016-11-10T07:00:00Z,5  Tr  03,SF,TRE,136,7.88,12.2,0.44,0,0,0.078,0.025,4.76,2016-11-10T07:00:00Z,9,0.355,0,0,0.0745,0.0175,5.109999999999999,504988.56,9.4166,0.19176295283663705,0.2958721526593264,0.0345,1.77,14299683.79027032,0.030894357944000004,0.3327306226308467,0.0928509606351329,14299683.79027032,1327740.6,5076.387745545962,0,0,1065.3264423751386,250.2444663297306,73071.38416828132,5.076387745545963,0,0,1.0653264423751387,0.25024446632973063,73.07138416828131,0.36002749968411085,0,0,0.07555506683511623,0.017747834491470257,5.182367671509313
91,2016-11-10T07:00:00Z,5  Tr  04,SF,TRE,134,7.93,7.93,0.23,0,0,0.026,0.005,3.44,2016-11-10T07:00:00Z,9,0.335,0,0,0.052,0.015000000000000001,4.1,504988.56,9.4166,0.19176295283663705,0.2958721526593264,0.0345,1.77,14299683.79027032,0.030894357944000004,0.3327306226308467,0.0928509606351329,14299683.79027032,1327740.6,4790.394069740557,0,0,743.5835570940565,214.49525685405482,58628.7035401083,4.790394069740557,0,0,0.7435835570940565,0.21449525685405482,58.6287035401083,0.33974426026528776,0,0,0.052736422488940185,0.015212429564117363,4.158064080858745
98,2016-12-10T18:30:00Z,D 8 TP 05,SF,TRE,99,7.6,30.7,0.3,0.04,0.04,0.067,0.009,2.95,2016-12-10T18:30:00Z,10,0.265,0.02,0.02,0.0465,0.006999999999999999,3.1950000000000003,94138.8,0.04,1.053006711409396,0.3097512187582482,0.608,1.64,2665713.9963636,1.312336e-4,0.06202687351515596,0.0021157539073436244,14299683.79027032,5640,3789.4162044216346,285.99367580540644,285.99367580540644,664.9352962475698,100.09778653189223,45687.48970991367,3.789416204421635,0.2859936758054064,0.2859936758054064,0.6649352962475699,0.10009778653189223,45.68748970991367,0.2687529222994067,0.02028323941882315,0.02028323941882315,0.047158531648763824,0.0070991337965881016,3.240247497156998
104,2016-12-11T19:20:00Z,D 8 TR 11,SF,TRE,110,7.44,18.5,0.16,0.02,0.02,0.036,0.007,1.64,2016-12-11T19:20:00Z,11,0.22999999999999998,0.03,0.03,0.051500000000000004,0.008,2.295,70582.2,0.54,0.2940925,0.11528367081091366,0.177,0.605,1998665.3583234,0.0017716536000000002,0.0465057255012964,0.03809538677018625,2665713.9963636,76140.00000000001,613.1142191636279,79.97141989090798,79.97141989090798,137.2842708127254,21.3257119709088,6117.813621654461,0.613114219163628,0.07997141989090799,0.07997141989090799,0.13728427081272537,0.0213257119709088,6.117813621654461,0.043483277954867235,0.005671731907156595,0.005671731907156595,0.009736473107285488,0.0015124618419084255,0.4338874908974795
48,2016-12-14T14:00:00Z,TRE ETK,SF,TRE,180,7.78,2.5,0.12,0.06,0.02,0.024,0.016,2.17,2016-12-14T14:00:00Z,12,0.14,0.04,0.02,0.03,0.0115,1.9049999999999998,72015.6,2.45,0.6898045977011494,0.7571490157937653,0.215,2.58,2039254.7268132002,0.008038058,0.04745017476660066,0.16939996616530584,1998665.3583234,345450.00000000006,279.813150165276,79.946614332936,39.973307166468,59.959960749702,22.9846516207191,3807.4575076060764,0.279813150165276,0.079946614332936,0.039973307166468,0.059959960749701995,0.0229846516207191,3.8074575076060766,0.019844904267040855,0.005669972647725958,0.002834986323862979,0.004252479485794468,0.0016301171362212128,0.2700324473479487
112,2016-12-15T19:00:00Z,D 9 TR 05,SF,TRE,93,7.42,51.9,0.3,0,0.02,0.109,0.007,3.29,2016-12-15T19:00:00Z,13,0.21,0.03,0.02,0.0665,0.0115,2.73,159948,0.21,1.825890410958904,0.6902216947527918,0.86,2.92,4529223.043955999,6.889764e-4,0.10538772923600222,0.006537539094870583,2039254.7268132002,29609.999999999996,428.243492630772,61.177641804396,40.785094536264005,135.6104393330778,23.451429358351803,5567.165404200036,0.428243492630772,0.061177641804396,0.040785094536264006,0.13561043933307781,0.023451429358351802,5.567165404200036,0.03037187890998383,0.004338839844283404,0.0028925598961889367,0.009617761654828213,0.0016632219403086386,0.39483442582978984
105,2016-12-16T19:20:00Z,D 9 TR 12,SF,TRE,104,7.35,16.1,0.18,0.03,0.02,0.039,0.011,1.72,2016-12-16T19:20:00Z,14,0.24,0.015,0.02,0.074,0.009,2.505,254782.74,2.84,0.16078678530859522,0.11393647809729228,0.0698,0.839,7214643.86682078,0.009317585599999999,0.16787314888042834,0.05550372803596287,4529223.043955999,400439.99999999994,1087.0135305494398,67.93834565933999,90.58446087911999,335.1625052527439,40.76300739560399,11345.703725109779,1.08701353054944,0.06793834565934,0.09058446087911999,0.33516250525274394,0.04076300739560399,11.345703725109779,0.07709315819499574,0.0048183223871872335,0.006424429849582978,0.023770390443457017,0.0028909934323123397,0.804659838660268
168,2017-01-04T03:30:00Z,11 TR 01 (19),SF,TRE,107,7.68,24.9,0.41,0.05,0.01,0.033,0.008,5.25,2017-01-04T03:30:00Z,15,0.295,0.04,0.015,0.036000000000000004,0.0095,3.485,14280,0.12,0.4857142857142857,0.04735020239309086,0.383,0.546,404364.57516,3.937008e-4,0.009408912730950757,0.04184338948164706,7214643.86682078,16920,2128.3199407121297,288.58575467283123,108.21965800231169,259.7271792055481,68.53911673479742,25143.033875870417,2.12831994071213,0.2885857546728312,0.10821965800231169,0.2597271792055481,0.06853911673479741,25.14303387587042,0.15094467664625036,0.020467074799491575,0.0076751530498093395,0.01842036731954242,0.004860930264879249,1.7831938919057035
169,2017-01-04T11:40:00Z,11 TR 02,SF,TRE,105,7.79,25.8,0.37,0.02,0.01,0.033,0.011,3.55,2017-01-04T11:40:00Z,16,0.39,0.035,0.01,0.033,0.0095,4.4,15760.800000000001,0,0.5360816326530613,0.012402682395846682,0.513,0.552,446296.1621976,0,0.01038459326120229,0,404364.57516,0,157.7021843124,14.1527601306,4.0436457516,13.34403098028,3.8414634640200003,1779.2041307040001,0.1577021843124,0.014152760130600002,0.0040436457516,0.013344030980280001,0.00384146346402,1.779204130704,0.011184552078893616,0.0010037418532340427,2.867833866382979e-4,9.463851759063831e-4,2.72444217306383e-4,0.12618469012085107
170,2017-01-04T19:50:00Z,11 TR 03,SF,TRE,105,7.69,21.4,0.3,0.02,0.01,0.027,0.008,2.87,2017-01-04T19:50:00Z,17,0.33499999999999996,0.02,0.01,0.03,0.0095,3.21,14071.2,0,0.47861224489795917,0.020496764304123113,0.441,0.513,398452.0175064,0,0.00927133703219568,0,446296.1621976,0,149.50921433619598,8.925923243952,4.462961621976,13.388884865927999,4.2398135408772,1432.610680654296,0.149509214336196,0.008925923243952,0.004462961621976,0.013388884865928,0.004239813540877199,1.432610680654296,0.010603490378453616,6.330442016987234e-4,3.165221008493617e-4,9.495663025480851e-4,3.0069599580689356e-4,0.1016035943726451
171,2017-01-05T04:00:00Z,11 TR 04,SF,TRE,107,7.72,20.5,0.37,0.01,0.01,0.024,0.008,2.49,2017-01-05T04:00:00Z,18,0.33499999999999996,0.015,0.01,0.025500000000000002,0.008,2.68,88876.2,1.82,0.2950737051792829,0.10706686657402827,0.19,0.842,2516693.7573414,0.0059711288,0.058559412441073225,0.10196702034892491,398452.0175064,256620,133.481425864644,5.976780262596001,3.9845201750640005,10.160526446413202,3.1876161400512,1067.851406917152,0.133481425864644,0.005976780262596001,0.003984520175064001,0.010160526446413201,0.0031876161400512,1.067851406917152,0.009466767791818724,4.2388512500680855e-4,2.825900833378724e-4,7.206047125115746e-4,2.2607206667029788e-4,0.0757341423345498
172,2017-01-08T15:40:00Z,11 TR 06,SF,TRE,97,7.65,30.1,0.4,0.02,0.01,0.033,0.006,4.14,2017-01-08T15:40:00Z,19,0.385,0.015,0.01,0.0285,0.007,3.315,45550.8,0.73,1.6870666666666667,0.68328056928588,0.857,2.63,1289855.0343276002,0.0023950132,0.03001285028186217,0.07979959175844727,2516693.7573414,102930,968.927096576439,37.75040636012099,25.166937573413996,71.7257720842299,17.6168563013898,8342.83980558674,0.9689270965764389,0.037750406360120996,0.025166937573413997,0.07172577208422991,0.0176168563013898,8.34283980558674,0.06871823379974744,0.0026773337844057444,0.0017848891896038296,0.005086934190370916,0.0012494224327226809,0.5916907663536696
173,2017-01-08T23:10:00Z,11 TR 14,SF,TRE,84,7.62,58.1,0.17,0.01,0.02,0.053,0.008,4.23,2017-01-08T23:10:00Z,20,0.28500000000000003,0.015,0.015,0.043,0.007,4.1850000000000005,41430,0.04,2.3016666666666667,0.20460362576983068,1.96,2.63,1173166.9712099999,1.312336e-4,0.027297706893787806,0.00480749538818827,1289855.0343276002,5640,367.60868478336613,19.347825514914003,19.347825514914003,55.463766476086796,9.028985240293201,5398.043318661007,0.3676086847833661,0.019347825514914003,0.019347825514914003,0.0554637664760868,0.009028985240293202,5.398043318661007,0.026071537927898306,0.0013721862067314896,0.0013721862067314896,0.003933600459296936,6.403535631413619e-4,0.38283995167808565
174,2017-01-09T04:10:00Z,11 TR 17,SF,TRE,89,7.61,31.4,0.11,0.04,0.02,0.033,0.006,3.55,2017-01-09T04:10:00Z,21,0.14,0.025,0.02,0.043,0.007,3.89,649857,5.2,0.7654381625441696,0.9473323844528476,0.118,4.97,18401901.240879,0.017060368000000003,0.4281826190894584,0.039843672394454785,1173166.9712099999,733200,164.24337596939998,29.329174280249998,23.4633394242,50.44617976202999,8.21216879847,4563.619518006899,0.1642433759694,0.029329174280249996,0.023463339424199998,0.05044617976202999,0.00821216879847,4.5636195180069,0.011648466380808511,0.002080083282287234,0.0016640666258297872,0.003577743245534042,5.824233190404256e-4,0.3236609587238936
180,2017-01-19T00:00:00Z,15 DT 01,SF,TRE,101,7.56,20.2,0.29,0.04,0.02,0.051,0.03,5.35,2017-01-19T00:00:00Z,22,0.19999999999999998,0.04,0.02,0.041999999999999996,0.018,4.449999999999999,88023,1.21,0.7640885416666666,0.11832061100433025,0.402,0.9,2492533.823481,0.0039698164,0.05799724967202231,0.06844835612808425,18401901.240879,170610,3680.3802481757994,736.07604963516,368.03802481758,772.8798521169178,331.2342223358219,81888.46052191153,3.6803802481757995,0.73607604963516,0.36803802481758,0.7728798521169178,0.33123422233582195,81.88846052191153,0.2610198757571489,0.05220397515142979,0.026101987575714896,0.054814173909001264,0.0234917888181434,5.807692235596562
175,2017-01-20T08:00:00Z,15 DT 17,SF,TRE,101,7.62,15.3,0.08,0.01,0.01,0.024,0.008,3.01,2017-01-20T08:00:00Z,23,0.185,0.025,0.015,0.0375,0.019,4.18,21519,0.64,0.99625,0.23404619507390292,0.718,1.43,609350.230593,0.0020997376,0.014178598953594492,0.14809203694048237,2492533.823481,90240,461.118757343985,62.313345587025005,37.388007352215,93.4700183805375,47.358142646139,10418.791382150579,0.461118757343985,0.062313345587025004,0.037388007352215,0.09347001838053749,0.047358142646139,10.418791382150578,0.032703457967658514,0.004419386211845745,0.002651631727107447,0.0066290793177686165,0.003358733521002766,0.7389213746206085
176,2017-01-20T14:00:00Z,15 DT 20,SF,TRE,90,7.64,36.4,0.15,0.03,0.01,0.065,0.027,4.37,2017-01-20T14:00:00Z,24,0.11499999999999999,0.02,0.01,0.0445,0.0175,3.69,23856,0.18,1.6566666666666667,0.09585617245175945,1.48,1.79,675526.702032,5.905512e-4,0.015718418915235382,0.03757064900640845,609350.230593,25379.999999999996,70.075276518195,12.187004611859999,6.0935023059299995,27.116085261388495,10.6636290353775,2248.50235088817,0.07007527651819499,0.012187004611859998,0.006093502305929999,0.027116085261388496,0.0106636290353775,2.24850235088817,0.004969877767247872,8.643265682170212e-4,4.321632841085106e-4,0.001923126614282872,7.562857471898937e-4,0.1594682518360404
177,2017-01-20T18:00:00Z,DT 22,SF,TRE,90,7.68,31.6,0.11,0.02,0.01,0.03,0.006,3.75,2017-01-20T18:00:00Z,25,0.13,0.025,0.01,0.0475,0.0165,4.0600000000000005,44946,0.32,1.560625,0.09075115027698404,1.44,1.76,1272729.005262,0.0010498688,0.029614355154433666,0.03545134764964891,675526.702032,45120,87.81847126416,16.888167550800002,6.75526702032,32.08751834652,11.146190583528,2742.63841024992,0.08781847126416,0.016888167550800002,0.00675526702032,0.032087518346519996,0.011146190583527999,2.74263841024992,0.006228260373344681,0.001197742379489362,4.790969517957447e-4,0.002275710521029787,7.905099704629786e-4,0.19451336242907236
178,2017-01-21T02:00:00Z,15 DT 24,SF,TRE,93,7.77,22.2,0.08,0,0.01,0.024,0.006,3.29,2017-01-21T02:00:00Z,26,0.095,0.01,0.01,0.027,0.006,3.52,269055,1.85,1.1468670076726342,0.1795193945982453,0.832,1.45,7618789.269584999,0.0060695540000000004,0.17727696182254593,0.03423769190085522,1272729.005262,260850,120.90925549989001,12.72729005262,12.72729005262,34.363683142073995,7.636374031572001,4480.00609852224,0.12090925549989,0.01272729005262,0.01272729005262,0.034363683142074,0.007636374031572001,4.4800060985222405,0.008575124503538298,9.026446845829788e-4,9.026446845829788e-4,0.0024371406483740424,5.415868107497873e-4,0.31773092897320854
179,2017-01-23T19:10:00Z,15 DT-MAN GAL,SF,TRE,96,7.69,19.9,0.13,0.01,0.01,0.021,0.004,3.29,2017-01-23T19:10:00Z,27,0.10500000000000001,0.005,0.01,0.0225,0.005,3.29,385353,3.85,0.31132089190499274,0.21003002368346385,0.122,0.932,10911981.941991,0.012631234000000002,0.25390425403431843,0.049748020363190634,7618789.269584999,542850,799.9728733064251,38.093946347925,76.18789269585,171.4227585656625,38.093946347925,25065.81669693465,0.7999728733064251,0.038093946347925,0.07618789269585,0.1714227585656625,0.038093946347925,25.065816696934647,0.05673566477350533,0.0027016983225478723,0.005403396645095745,0.012157642451465426,0.0027016983225478723,1.7777174962364999
192,2017-02-07T03:00:00Z,DT02,SF,TRE,97,7.53,16.1,0.28,0.17,0.01,0.039,0.002,3,2017-02-07T03:00:00Z,28,0.20500000000000002,0.09000000000000001,0.01,0.03,0.003,3.145,37929,1.34,1.3169791666666666,0.4269798186263426,0.907,2.49,1074029.689863,0.004396325600000001,0.024990941944834123,0.1759167625495911,10911981.941991,188940,2236.956298108155,982.0783747791901,109.11981941991,327.35945825972993,32.735945825973,34318.18320756169,2.2369562981081548,0.98207837477919,0.10911981941991,0.32735945825972995,0.032735945825973,34.318183207561695,0.15864938284455,0.0696509485659,0.0077389942851,0.023216982855299998,0.00232169828553,2.43391370266395
193,2017-02-07T11:00:00Z,DT06,SF,TRE,82,7.54,65.7,0.2,0.04,0.01,0.103,0.002,3.96,2017-02-07T11:00:00Z,29,0.24000000000000002,0.10500000000000001,0.01,0.071,0.002,3.48,22380,0.07,3.1083333333333334,0.2637779139328914,2.65,3.43,633731.03586,2.2965880000000004e-4,0.014745901044725347,0.015574416192230564,1074029.689863,9870.000000000002,257.76712556712005,112.77311743561502,10.74029689863,76.256107980273,2.1480593797260004,3737.6233207232403,0.25776712556712006,0.11277311743561501,0.01074029689863,0.07625610798027299,0.002148059379726,3.73762332072324,0.018281356423200005,0.00799809343515,7.617231843e-4,0.0054082346085299994,1.5234463686000002e-4,0.2650796681364
194,2017-02-07T13:00:00Z,DT07,SF,TRE,79,7.5,120,0.24,0.05,0.01,0.154,0.004,3.68,2017-02-07T13:00:00Z,30,0.22,0.045,0.01,0.1285,0.003,3.8200000000000003,119730,0.08,2.7715277777777776,0.5937340888239548,1.85,3.6,3390376.09131,2.624672e-4,0.07888859392694217,0.003327061453815084,633731.03586,11280,139.42082788919998,28.517896613699996,6.3373103586,81.43443810801,1.90119310758,2420.8525569852,0.1394208278892,0.028517896613699995,0.0063373103586,0.08143443810801,0.0019011931075799998,2.4208525569851997,0.009888001977957446,0.0020225458591276594,4.494546353617021e-4,0.005775492064397873,1.3483639060851062e-4,0.1716916707081702
195,2017-02-08T01:00:00Z,DT13,SF,TRE,91,7.48,21.2,0.09,0.03,0.01,0.034,0.004,2.18,2017-02-08T01:00:00Z,31,0.16499999999999998,0.04,0.01,0.094,0.004,2.93,50682,0.16,1.4078333333333333,0.23301336010774268,1.07,1.83,1435154.4396539999,5.249344e-4,0.03339373354552145,0.015719548078816148,3390376.09131,22560,559.41205506615,135.6150436524,33.9037609131,318.69535258314,13.56150436524,9933.8019475383,0.5594120550661499,0.13561504365239999,0.033903760913099996,0.31869535258314,0.01356150436524,9.933801947538301,0.03967461383447871,0.009618088202297871,0.002404522050574468,0.022602507275400002,9.618088202297873e-4,0.7045249608183193
196,2017-02-08T11:00:00Z,DT19,SF,TRE,95,7.5,25.2,0.13,0.06,0.01,0.051,0.01,2.06,2017-02-08T11:00:00Z,32,0.11,0.045,0.01,0.042499999999999996,0.007,2.12,NA,7.01,NA,NaN,NA,NA,NA,0.0229986884,NA,NA,1435154.4396539999,988409.9999999999,157.86698836194,64.58194978443,14.35154439654,60.99406368529499,10.046081077577998,3042.52741206648,0.15786698836194,0.06458194978442999,0.01435154439654,0.06099406368529499,0.010046081077578,3.04252741206648,0.011196240309357447,0.004580280126555319,0.0010178400281234043,0.004325820119524468,7.12488019686383e-4,0.2157820859621617
217,2017-02-20T19:00:00Z,DT 13,SF,TRE,97,7.41,11.1,0.31,0.17,0,0.018,0,2.07,2017-02-20T19:00:00Z,33,0.22,0.115,0.005,0.034499999999999996,0.005,2.065,19227.6,0.6,0.8901666666666667,0.07748308571184148,0.807,1.1,544465.0073772,0.001968504,0.012668824259497813,0.155381743378768,NA,84600,NA,NA,NA,NA,NA,NA,NA,NA,NA,NA,NA,NA,NA,NA,NA,NA,NA,NA
218,2017-02-21T01:00:00Z,DT 16,SF,TRE,93,7.65,19.6,0.32,0.17,0,0.033,0.001,2.73,2017-02-21T01:00:00Z,34,0.315,0.17,0,0.025500000000000002,5e-4,2.4,33456,0.47000000000000003,1.5488888888888888,0.29282640179345437,1.11,2.05,947368.433232,0.0015419948000000001,0.02204373839822749,0.06995160131840387,544465.0073772,66270,171.506477323818,92.559051254124,0,13.8838576881186,0.27223250368859997,1306.71601770528,0.171506477323818,0.092559051254124,0,0.0138838576881186,2.722325036886e-4,1.30671601770528,0.01216357995204383,0.0065644717201506384,0,9.846707580225959e-4,1.9307269765148936e-5,0.0926748948727149
219,2017-02-21T07:00:00Z,DT 19,SF,TRE,88,7.52,33,0.37,0.18,0,0.061,0.003,2.93,2017-02-21T07:00:00Z,35,0.345,0.175,0,0.047,0.002,2.83,31374,0.17,2.17875,0.042560698343404396,2.07,2.22,888412.757778,5.577428e-4,0.020671934735353576,0.026980677287362784,947368.433232,23970,326.84210946504,165.78947581559999,0,44.526316361904,1.894736866464,2681.05266604656,0.32684210946504,0.1657894758156,0,0.044526316361903996,0.001894736866464,2.68105266604656,0.023180291451421278,0.011758118852170213,0,0.0031578947774399996,1.3437850116765958e-4,0.1901455791522383
220,2017-02-21T11:00:00Z,DT 21,SF,TRE,88,7.53,23.9,0.36,0.19,0,0.036,0.001,2.52,2017-02-21T11:00:00Z,36,0.365,0.185,0,0.0485,0.002,2.725,151547.4,0.19,1.262895,0.4446780145884117,0.675,2.2,4291344.5390478,6.233596000000001e-4,0.09985267935591643,0.0062427929227425885,888412.757778,26790,324.27065658897,164.35636018893,0,43.088018752233005,1.776825515556,2420.92476494505,0.32427065658897,0.16435636018893002,0,0.043088018752233004,0.0017768255155560001,2.42092476494505,0.022997918907019146,0.011656479446023407,0,0.0030558878547682984,1.2601599401106385e-4,0.17169679184007447
221,2017-02-22T20:20:00Z,Manual,SF,TRE,95,7.49,13.7,0.06,0,0,0.024,0.006,1.6,2017-02-22T20:20:00Z,37,0.21,0.095,0,0.03,0.0035,2.06,508862.4,4.22,0.21165560269528325,0.16321546916229898,0.0995,1.03,14409378.7248528,0.0138451448,0.33528304717522106,0.04129390053164376,4291344.5390478,595020,901.1823532000379,407.67773120954104,0,128.740336171434,15.0197058866673,8840.169750438468,0.9011823532000379,0.40767773120954104,0,0.128740336171434,0.0150197058866673,8.840169750438468,0.06391364207092468,0.028913314270180217,0,0.009130520295846382,0.0010652273678487447,0.6269623936481183
254,2017-03-22T17:13:00Z,NA,SF,TRE,106,7.66,27.3,0.56,0,0.01,0.044,0,1.67,2017-03-22T17:10:00Z,38,0.31000000000000005,0,0.005,0.034,0.003,1.635,49825.2,0.79,0.3231206225680934,0.06515831863324047,0.247,0.487,1410892.5651443999,0.0025918636000000004,0.032829198781664404,0.0789499499283423,14409378.7248528,111390,4466.907404704369,0,72.046893624264,489.91887664499524,43.2281361745584,23559.33421513433,4.466907404704369,0,0.072046893624264,0.4899188766449952,0.0432281361745584,23.55933421513433,0.3168019435960545,0,0.005109708767678298,0.034746019620212426,0.003065825260606979,1.6708747670308037
222,2017-03-24T12:00:00Z,NA,SF,TRE,104,7.1,16.5,0.48,0.17,0.09,0.052,0,3.4,2017-03-24T12:00:00Z,39,0.52,0.085,0.049999999999999996,0.048,0,2.535,7679.4,0.75,0.5332916666666667,0.13342396602614137,0.357,0.811,217456.3948518,0.00246063,0.005059860253925998,0.4863039444796468,1410892.5651443999,105750,733.6641338750879,119.925868037274,70.54462825721998,67.7228431269312,0,3576.612652641054,0.733664133875088,0.11992586803727401,0.07054462825721998,0.06772284312693119,0,3.576612652641054,0.052032917296105534,0.008505380711863405,0.005003165124625531,0.00480303851964051,0,0.2536604718185145
223,2017-03-24T16:00:00Z,NA,SF,TRE,98,7.05,40.4,0.51,0.18,0.07,0.085,0,4.33,2017-03-24T16:00:00Z,40,0.495,0.175,0.08,0.0685,0,3.865,26367.6,0.03,1.2207222222222223,0.17038336791920763,0.849,1.39,746647.2949572,9.84252e-5,0.017373280624973193,0.005665320334405861,217456.3948518,4230,107.64091545164099,38.054869099065,17.396511588144,14.8957630473483,0,840.4689661022071,0.10764091545164099,0.038054869099065,0.017396511588144,0.0148957630473483,0,0.8404689661022071,0.007634107478839787,0.0026989268864585107,0.001233795148095319,0.001056437095556617,0,0.059607728092355115
224,2017-03-24T22:00:00Z,NA,SF,TRE,98,7.31,35.2,0.52,0.22,0.01,0.058,0,3.05,2017-03-24T22:00:00Z,41,0.515,0.2,0.04,0.07150000000000001,0,3.69,43006.2,0,1.1946166666666667,0.13127020802194336,0.977,1.39,1217799.9854513998,0,0.028336245286401572,0,746647.2949572,0,384.523356902958,149.32945899144,29.865891798287997,53.3852815894398,0,2755.1285183920677,0.384523356902958,0.14932945899143998,0.029865891798287997,0.0533852815894398,0,2.755128518392068,0.02727116006403958,0.010590741772442552,0.0021181483544885104,0.003786190183648213,0,0.19539918570156511
225,2017-03-25T08:00:00Z,NA,SF,TRE,100,7.23,25.1,0.35,0.15,0.02,0.041,0,2.2,2017-03-25T08:00:00Z,42,0.435,0.185,0.015,0.0495,0,2.625,29157.6,0,0.8099333333333333,0.08458670542386244,0.679,0.962,825651.2980871999,0,0.019211576599717773,0,1217799.9854513998,0,529.7429936713589,225.29299730850897,18.266999781770995,60.2810992798443,0,3196.7249618099245,0.5297429936713589,0.22529299730850896,0.018266999781770994,0.0602810992798443,0,3.1967249618099243,0.0375704250830751,0.015978226759468722,0.0012955318994163827,0.004275255268074064,0,0.22671808239786698
226,2017-03-25T18:00:00Z,NA,SF,TRE,103,7.35,31.7,0.33,0.16,0.03,0.064,0,1.52,2017-03-25T18:00:00Z,43,0.33999999999999997,0.155,0.025,0.052500000000000005,0,1.86,24514.2,0,0.5674583333333333,0.05799682786371615,0.481,0.679,694164.8507274,0,0.01615209863228803,0,825651.2980871999,0,280.72144134964793,127.97595120351599,20.64128245218,43.346693149578,0,1535.7114144421919,0.28072144134964794,0.127975951203516,0.02064128245218,0.043346693149578,0,1.5357114144421917,0.019909322081535317,0.009076308595994042,0.0014639207412893616,0.0030742335567076596,0,0.1089157031519285
227,2017-03-26T06:00:00Z,NA,SF,TRE,105,7.43,19.5,0.2,0.06,0.05,0.046,0,1.46,2017-03-26T06:00:00Z,44,0.265,0.11,0.04,0.055,0,1.49,319766.28,3.3444,0.2104002368732728,0.10727496247952477,0.0946,0.493,9054772.826519161,0.010972441296,0.21068998759249052,0.052078608107484096,694164.8507274,471560.39999999997,183.953685442761,76.35813358001401,27.766594029096,38.179066790007006,0,1034.305627583826,0.18395368544276103,0.076358133580014,0.027766594029096002,0.038179066790007,0,1.034305627583826,0.013046360669699364,0.00541547046666766,0.001969261987879149,0.00270773523333383,0,0.0733550090484983
267,2017-04-12T20:05:00Z,NA,SF,TRE,121,7.69,9.62,0.29,0.01,0.01,0.026,0.002,1.39,2017-04-12T20:10:00Z,45,0.245,0.034999999999999996,0.030000000000000002,0.036,0.001,1.4249999999999998,216546.6,2.6288,0.18072658988482723,0.06421189682938372,0.115,0.336,6131916.9405702,0.008624672192,0.14267983624538524,0.06044772981913871,9054772.826519161,370660.8,2218.4193424971945,316.91704892817063,271.6431847955749,325.9718217546898,9.054772826519162,12903.051277789804,2.2184193424971945,0.31691704892817063,0.27164318479557487,0.3259718217546898,0.009054772826519161,12.903051277789803,0.157334705141645,0.022476386448806427,0.019265474098976942,0.023118568918772328,6.421824699658979e-4,0.9151100197014045
272,2017-04-26T17:00:00Z,NA,SF,TRE,129,7.26,6.82,0.39,0.01,0.01,0.026,0,1.67,2017-04-26T17:00:00Z,46,0.33999999999999997,0.01,0.01,0.026,0.001,1.5299999999999998,127331.1,0.1436,0.09802240184757506,0.031419153678741346,0.0598,0.171,3605615.2770417,4.71128624e-4,0.08389686329383501,0.005615568991536063,6131916.9405702,20247.6,2084.851759793868,61.319169405702,61.319169405702,159.4298404548252,6.1319169405702,9381.832919072405,2.084851759793868,0.061319169405702,0.061319169405702,0.1594298404548252,0.006131916940570199,9.381832919072405,0.14786182693573532,0.004348877262815745,0.004348877262815745,0.011307080883320936,4.3488772628157444e-4,0.6653782212108089
296,2017-05-11T17:50:00Z,NA,SF,TRE,136,7.79,5.64,0.21,0,0,0.019,0.006,1.09,2017-05-11T17:50:00Z,47,0.3,0.005,0.005,0.0225,0.003,1.38,71423.04000000001,0.39,0.05498309468822171,0.003590686843506072,0.0479,0.0655,2022475.29595488,0.0012795276000000001,0.04705974442151297,0.027189429431220512,3605615.2770417,54990,1081.68458311251,18.0280763852085,18.0280763852085,81.12634373343825,10.816845831125102,4975.749082317546,1.08168458311251,0.0180280763852085,0.0180280763852085,0.08112634373343824,0.010816845831125101,4.975749082317546,0.0767152186604617,0.0012785869776743618,0.0012785869776743618,0.005753641399534627,7.671521866046172e-4,0.35289000583812385
308,2017-05-26T18:40:00Z,NA,SF,TRE,150,7.91,3.73,0.47,0.08,0,0.015,0.008,1.67,2017-05-26T18:40:00Z,48,0.33999999999999997,0.04,0,0.017,0.007,1.38,75454.44,0.31,0.04151779465170023,0.004374627776891584,0.0334,0.0504,2136631.83295068,0.0010170604,0.049715983271901965,0.020457412949827208,2022475.29595488,43710,687.6416006246592,80.89901183819521,0,34.38208003123297,14.157327071684161,2791.0159084177344,0.6876416006246592,0.0808990118381952,0,0.03438208003123297,0.014157327071684161,2.791015908417734,0.04876890784572051,0.005737518570084766,0,0.002438445392286026,0.0010040657497648342,0.1979443906679244
321,2017-06-16T19:30:00Z,NA,SF,TRE,149,7.87,3.27,0.04,0.02,0,0.02,0.007,1.07,2017-06-16T19:30:00Z,49,0.255,0.05,0,0.0175,0.0075,1.37,50599.560000000005,0,0.03109609144542773,0.002853259770910397,0.0259,0.0369,1432819.99878732,0,0.03333941486446126,0,2136631.83295068,0,544.8411174024234,106.83159164753401,0,37.391057076636905,16.024738747130097,2927.1856111424318,0.5448411174024234,0.106831591647534,0,0.037391057076636904,0.016024738747130098,2.927185611142432,0.03864121400017187,0.007576708627484681,0,0.0026518480196196384,0.001136506294122702,0.20760181639308029
334,2017-07-05T15:32:00Z,NA,SF,TRE,281,7.49,17.7,0.07,0.01,0.03,0.071,0.01,1.14,2017-07-05T15:30:00Z,50,0.05500000000000001,0.015,0.015,0.0455,0.0085,1.105,51870.54,0,0.0220369360183533,0.0022547676255248042,0.0155,0.028,1468810.14498738,0,0.03417684763076264,0,1432819.99878732,0,78.80509993330261,21.4922999818098,21.4922999818098,65.19330994482306,12.178969989692222,1583.2660986599885,0.0788050999333026,0.0214922999818098,0.0214922999818098,0.06519330994482306,0.012178969989692222,1.5832660986599885,0.0055890141796668515,0.0015242765944545958,0.0015242765944545958,0.00462363900317894,8.637567368576044e-4,0.11228837579148855
349,2017-08-01T21:20:00Z,NA,SF,TRE,294,7.75,5.34,0.05,0.01,0.01,0.028,0.011,1.09,2017-08-01T21:20:00Z,51,0.060000000000000005,0.01,0.02,0.049499999999999995,0.010499999999999999,1.115,63162.942,0.21,0.014363701732842134,0.0026854330650238315,0.00849,0.0209,1788575.364683874,6.889764e-4,0.04161726954538546,0.01655506013551997,1468810.14498738,29609.999999999996,88.1286086992428,14.688101449873798,29.376202899747597,72.7061021768753,15.422506522367486,1637.7233116609286,0.0881286086992428,0.014688101449873798,0.029376202899747596,0.0727061021768753,0.015422506522367487,1.6377233116609287,0.00625025593611651,0.001041709322686085,0.00208341864537217,0.005156461147296121,0.0010937947888203891,0.1161505894794985
362,2017-09-21T18:45:00Z,NA,NA,TRE,309,7.79,0.97,0.13,0.03,0.007,0.039,0.017,1.28,2017-09-21T18:50:00Z,52,0.09,0.02,0.0085,0.0335,0.014,1.185,36658.02,0,0.01521332171314741,0.001167607348868805,0.0122,0.019,1038039.5436629399,0,0.024153509178532734,0,1788575.364683874,0,160.97178282154863,35.77150729367748,15.20289059981293,59.91727471690978,25.040055105574236,2119.461807150391,0.16097178282154864,0.03577150729367748,0.01520289059981293,0.05991727471690978,0.025040055105574235,2.119461807150391,0.011416438497982174,0.0025369863328849277,0.0010782191914760944,0.004249452107582254,0.0017758904330194493,0.15031644022343196
373,2017-10-19T16:10:00Z,NA,NA,TRE,325,7.89,8.76,0.15,0.02,0.023,0.072,0.014,1.12,2017-10-19T16:10:00Z,53,0.14,0.025,0.015,0.055499999999999994,0.0155,1.2000000000000002,26571.36,1.0111,0.021676749877630935,0.0030042449252034678,0.0163,0.0517,752417.13570192,0.0033172573240000005,0.0175075355309997,0.18947597268195185,1038039.5436629399,142565.1,145.3255361128116,25.9509885915735,15.570593154944097,57.61119467329316,16.08961292677557,1245.647452395528,0.1453255361128116,0.0259509885915735,0.015570593154944098,0.05761119467329316,0.01608961292677557,1.245647452395528,0.010306775610837702,0.0018404956447924468,0.001104297386875468,0.004085900331439231,0.001141107299771317,0.08834379095003746
385,2017-11-02T20:40:00Z,NA,NA,TRE,281,8.14,7.04,0.11,0.01,0.001,0.026,0.013,3.64,2017-11-02T20:40:00Z,54,0.13,0.015,0.012,0.048999999999999995,0.0135,2.38,62035.62,4.9558,0.037803546617915906,0.027970404044511787,0.0181,0.188,1756653.16009014,0.016259186872000002,0.04087449123182237,0.39778322327695653,752417.13570192,698767.8,97.8142276412496,11.2862570355288,9.029005628423041,36.868439649394084,10.15763133197592,1790.7527829705696,0.0978142276412496,0.011286257035528801,0.00902900562842304,0.03686843964939408,0.010157631331975921,1.7907527829705696,0.006937179265336851,8.004437613850214e-4,6.403550091080171e-4,0.0026147829538577362,7.203993852465192e-4,0.12700374347309004
396,2017-11-21T19:32:00Z,NA,NA,TRE,335,8.43,3.49,0.21,0.01,0.012,0.059,0.024,1.24,2017-11-21T19:30:00Z,55,0.16,0.01,0.006500000000000001,0.042499999999999996,0.0185,2.44,84622.38,2.5989999999999998,0.07013291894579811,0.07071755360899316,0.0238,0.354,2396238.98723586,0.00852690316,0.05575662384491266,0.15293076538704398,1756653.16009014,366458.99999999994,281.06450561442244,17.566531600901403,11.418245540585911,74.65775930383094,32.49808346166759,4286.233710619941,0.2810645056144224,0.0175665316009014,0.011418245540585912,0.07465775930383094,0.03249808346166759,4.286233710619942,0.019933652880455493,0.0012458533050284683,8.098046482685044e-4,0.005294876546370989,0.002304828614302666,0.30398820642694624
412,2017-12-05T18:40:00Z,NA,NA,TRE,284,6.82,2.46,0.09,0.03,0.014,0.018,0.011,1.45,2017-12-05T18:40:00Z,56,0.15,0.02,0.013000000000000001,0.0385,0.0175,1.345,27110.76,0.01,0.02222557796360059,0.0030764656216840896,0.0163,0.0312,767691.24297372,3.28084e-5,0.01786293941945032,0.001836674201798843,2396238.98723586,1410,359.435848085379,47.9247797447172,31.151106834066184,92.25520100858061,41.93418227662755,3222.9414378322317,0.359435848085379,0.0479247797447172,0.031151106834066185,0.09225520100858062,0.04193418227662755,3.2229414378322314,0.025491904119530426,0.0033989205492707232,0.0022092983570259706,0.006542922057346143,0.002974055480611883,0.22857740693845613
426,2017-12-19T21:28:00Z,NA,NA,TRE,301,6.92,10.4,0.3,0.01,0.014,0.098,0.001,1.28,2017-12-19T21:30:00Z,57,0.195,0.02,0.014,0.058,0.006,1.365,48520.8,1.55,0.033237977805178794,0.006834593906705294,0.0249,0.0865,1373956.0699176001,0.005085302000000001,0.03196974599691285,0.1590660745472004,767691.24297372,218550,149.69979237987542,15.3538248594744,10.74767740163208,44.52609209247576,4.60614745784232,1047.8985466591278,0.1496997923798754,0.0153538248594744,0.010747677401632079,0.04452609209247576,0.004606147457842319,1.0478985466591277,0.010617006551764214,0.0010889237488988937,7.622466242292254e-4,0.0031578788718067915,3.26677124669668e-4,0.07431904586234948
440,2018-01-05T19:00:00Z,NA,NA,TRE,196,6.89,8.87,0.03,0.02,0,0.028,0.008,3.52,2018-01-05T19:00:00Z,58,0.16499999999999998,0.015,0.007,0.063,0.0045000000000000005,2.4,14138.7,1.41,0.053073198198198196,0.01516731300789183,0.0416,0.161,400363.4046789,0.0046259844,0.009315811934810467,0.4965733993313076,1373956.0699176001,198809.99999999997,226.70275153640398,20.609341048764,9.617692489423202,86.55923240480881,6.1828023146292015,3297.49456780224,0.22670275153640398,0.020609341048764003,0.009617692489423202,0.08655923240480881,0.006182802314629201,3.2974945678022403,0.01607820932882298,0.001461655393529362,6.821058503137023e-4,0.00613895265282332,4.3849661805880864e-4,0.23386486296469788
447,2018-01-08T21:00:00Z,NA,NA,TRE,146,6.59,25.8,0.31,0.02,0,0.086,0.003,9.72,2018-01-08T21:00:00Z,59,0.16999999999999998,0.02,0,0.056999999999999995,0.0055,6.62,4945.8,0.47,0.3434583333333333,0.13420716600016966,0.177,0.589,140049.4618926,0.0015419948,0.0032587255311439956,0.47318952923865093,400363.4046789,66270,68.061778795413,8.007268093578,0,22.8207140666973,2.20199872573395,2650.4057389743184,0.068061778795413,0.008007268093578001,0,0.0228207140666973,0.00220199872573395,2.6504057389743183,0.004827076510312979,5.678913541544682e-4,0,0.001618490359340234,1.5617012239247874e-4,0.18797203822512895
448,2018-01-09T01:00:00Z,NA,NA,TRE,142,6.93,65.1,0.34,0.01,0,0.191,0.004,7.53,2018-01-09T01:00:00Z,60,0.325,0.015,0,0.1385,0.0035,8.625,9993,0.2,0.6939583333333333,0.03494154020480575,0.592,0.729,282970.252071,6.56168e-4,0.006584262249327095,0.0996570268851396,140049.4618926,28200,45.516075115095,2.100741928389,0,19.396850472125102,0.49017311662409996,1207.926608823675,0.045516075115095,0.002100741928389,0,0.0193968504721251,4.901731166241e-4,1.2079266088236749,0.0032280904336946807,1.4898878924744682e-4,0,0.0013756631540514255,3.476405082440426e-5,0.0856685538172819
449,2018-01-09T05:00:00Z,NA,NA,TRE,142,6.8,38.1,0.25,0.01,0,0.108,0.001,4.96,2018-01-09T05:00:00Z,61,0.29500000000000004,0.01,0,0.1495,0.0025,6.245,14118.6,0.22,0.6536388888888889,0.04359498842611403,0.571,0.715,399794.2360542,7.217848e-4,0.009302568297142953,0.0775898415302877,282970.252071,31020,83.47622436094501,2.82970252071,0,42.3040526846145,0.7074256301775,1767.149224183395,0.08347622436094501,0.00282970252071,0,0.0423040526846145,7.074256301775e-4,1.767149224183395,0.0059202996000670225,2.0068812203617023e-4,0,0.0030002874244407446,5.017203050904256e-5,0.1253297322115883
450,2018-01-09T11:00:00Z,NA,NA,TRE,120,6.76,28.1,0.16,0.01,0,0.062,0.001,3.65,2018-01-09T11:00:00Z,62,0.20500000000000002,0.01,0,0.08499999999999999,0.001,4.305,10521.6,0.27,0.4871111111111111,0.04404269213114396,0.421,0.568,297938.5373952,8.858268000000001e-4,0.006932550153359348,0.12777791438995212,399794.2360542,38070.00000000001,81.95781839111099,3.997942360542,0,33.982510064607,0.3997942360542,1721.1141862133309,0.08195781839111099,0.003997942360542,0,0.033982510064607,3.997942360542e-4,1.7211141862133308,0.005812611233412127,2.8354201138595746e-4,0,0.0024101070967806385,2.8354201138595745e-5,0.12206483590165466
451,2018-01-09T17:00:00Z,NA,NA,TRE,139,6.75,21.9,0.19,0.02,0,0.052,0.001,3.27,2018-01-09T17:00:00Z,63,0.175,0.015,0,0.056999999999999995,0.001,3.46,31371.6,0.06,0.33516666666666667,0.05815062014850671,0.226,0.421,888344.7973452,1.968504e-4,0.020670353405482827,0.009523320484098994,297938.5373952,8460,52.139244044159994,4.469078060928,0,16.9824966315264,0.2979385373952,1030.867339387392,0.052139244044159996,0.004469078060928,0,0.0169824966315264,2.979385373952e-4,1.030867339387392,0.00369781872653617,3.1695589084595744e-4,0,0.0012044323852146383,2.113039272306383e-5,0.07311115882180085
452,2018-01-10T19:00:00Z,NA,NA,TRE,145,6.73,18.3,0.12,0.01,0,0.043,0.003,2.38,2018-01-10T19:00:00Z,64,0.155,0.015,0,0.0475,0.002,2.825,72068.16,1.62,0.10481116928446771,0.038067033463486305,0.0557,0.222,2040743.06029152,0.005314960800000001,0.04748480589077004,0.11192971520671431,888344.7973452,228420,137.693443588506,13.325171960177999,0,42.196377873897,1.7766895946903998,2509.57405250019,0.137693443588506,0.013325171960177998,0,0.042196377873897,0.0017766895946904,2.50957405250019,0.009765492453085532,9.450476567502127e-4,0,0.0029926509130423404,1.260063542333617e-4,0.17798397535462343
485,2018-01-18T18:00:00Z,NA,NA,TRE,151,7.01,10.5,0.09,0,0,0.028,0.008,3.98,2018-01-18T18:00:00Z,65,0.105,0.005,0,0.0355,0.0055,3.1799999999999997,196.8,0.01,0.164,0.0014142135623730963,0.163,0.165,5572.7554896,3.28084e-5,1.2966904940133817e-4,0.2530164303006098,2040743.06029152,1410,214.2780213306096,10.203715301457601,0,72.44637864034895,11.22408683160336,6489.562931727033,0.2142780213306096,0.010203715301457602,0,0.07244637864034895,0.011224086831603359,6.489562931727033,0.015197022789404937,7.236677518764257e-4,0,0.0051380410383226206,7.96034527064068e-4,0.4602526901934066
509,2018-01-18T18:20:00Z,NA,NA,TRE,133,6.87,12.9,0.09,0.01,0,0.037,0.001,4.58,2018-01-18T18:20:00Z,66,0.09,0.005,0,0.0325,0.0045000000000000005,4.28,20137.8,0.48,0.34961458333333334,0.1224612823704887,0.167,0.516,570239.0015165999,0.0015748032,0.013268543612979002,0.11868696715587998,5572.7554896,67680,0.501547994064,0.027863777448,0,0.18111455341200003,0.025077399703200005,23.851393495488,5.01547994064e-4,2.7863777448e-5,0,1.8111455341200002e-4,2.5077399703200006e-5,0.023851393495488003,3.557077972085107e-5,1.97615442893617e-6,0,1.2845003788085109e-5,1.7785389860425536e-6,0.001691588191169362
510,2018-01-19T10:20:00Z,NA,NA,TRE,124,6.86,18.9,0.11,0.01,0,0.049,0.004,3.02,2018-01-19T10:20:00Z,67,0.1,0.01,0,0.043,0.0025,3.8,34783.8,0.18,0.34507738095238094,0.08861745796722316,0.22,0.51,984967.5426786001,5.905512e-4,0.022918609149218835,0.02576732279672951,570239.0015165999,25379.999999999996,57.023900151659994,5.702390015165999,0,24.520277065213794,1.4255975037914999,2166.90820576308,0.05702390015166,0.005702390015165999,0,0.024520277065213796,0.0014255975037914999,2.1669082057630797,0.004044248237706383,4.0442482377063825e-4,0,0.0017390267422137445,1.0110620594265956e-4,0.15368143303284254
511,2018-01-20T14:20:00Z,NA,NA,TRE,122,6.74,13.6,0.05,0.01,0,0.028,0.004,0,2018-01-20T14:20:00Z,68,0.08,0.01,0,0.0385,0.004,1.51,155316.6,2.14,0.5461202531645569,0.5398216566854038,0.125,2.23,4398076.3987602005,0.0070209976,0.10233615791792622,0.06860720338583409,984967.5426786001,301740.00000000006,78.79740341428801,9.849675426786002,0,37.9212503931261,3.9398701707144004,1487.3009894446861,0.07879740341428801,0.009849675426786001,0,0.037921250393126105,0.003939870170714401,1.487300989444686,0.005588468327254469,6.985585409068087e-4,0,0.002689450382491213,2.794234163627235e-4,0.10548233967692809
512,2018-01-23T21:15:00Z,NA,NA,TRE,110,6.99,18.1,0.16,0.02,0,0.04,0.009,1.86,2018-01-23T21:20:00Z,69,0.10500000000000001,0.015,0,0.034,0.0065,0.93,18902.4,1.12,0.24233846153846153,0.031062466157991055,0.198,0.301,535256.3687328,0.0036745408000000007,0.012454554062011458,0.2950359187253428,4398076.3987602005,157920.00000000003,461.79802186982107,65.97114598140301,0,149.53459755784684,28.5874965919413,4090.2110508469864,0.46179802186982105,0.06597114598140301,0,0.14953459755784684,0.028587496591941302,4.090211050846986,0.0327516327567249,0.0046788046795321284,0,0.010605290606939493,0.0020274820277972555,0.29008589013099195
529,2018-01-24T19:00:00Z,NA,NA,TRE,111,6.96,26.8,0.21,0.02,0,0.069,0.006,4.16,2018-01-24T19:00:00Z,70,0.185,0.02,0,0.05450000000000001,0.0075,3.0100000000000002,12136.8,0.39,0.5618888888888889,0.17771659264567083,0.299,0.86,343675.9086696,0.0012795276000000001,0.00799678515637277,0.1600052489818766,535256.3687328,54990,99.022428215568,10.705127374656,0,29.171472095937602,4.014422765496,1611.1216698857281,0.099022428215568,0.010705127374656,0,0.029171472095937602,0.004014422765496,1.611121669885728,0.007022867249331064,7.592288918195745e-4,0,0.0020688987302083404,2.847108344323404e-4,0.11426394821884596
530,2018-01-25T01:00:00Z,NA,NA,TRE,107,6.91,28.1,0.17,0.02,0,0.063,0.006,3.64,2018-01-25T01:00:00Z,71,0.19,0.02,0,0.066,0.006,3.9000000000000004,13759.199999999999,0,0.9555,0.034507718103283076,0.874,0.992,389617.16124239995,0,0.009065764148998436,0,343675.9086696,0,65.298422647224,6.873518173392,0,22.6826099721936,2.0620554520175998,1340.33604381144,0.06529842264722399,0.006873518173392,0,0.0226826099721936,0.0020620554520175997,1.34033604381144,0.004631093804767659,4.8748355839659576e-4,0,0.0016086957427087658,1.462450675189787e-4,0.09505929388733617
531,2018-01-25T05:00:00Z,NA,NA,TRE,102,6.85,27,0.19,0.02,0.002,0.066,0.003,2.9,2018-01-25T05:00:00Z,72,0.18,0.02,0.001,0.0645,0.0045000000000000005,3.27,32502,0.21000000000000002,0.9028333333333334,0.06901047983954041,0.773,0.992,920354.1611939999,6.889764000000001e-4,0.021415159774605147,0.03217236795109102,389617.16124239995,29610,70.13108902363199,7.792343224848,0.3896171612424,25.130306900134798,1.7532772255908,1274.0481172626478,0.07013108902363198,0.007792343224848,3.8961716124239995e-4,0.025130306900134798,0.0017532772255908,1.2740481172626477,0.0049738361009668075,5.526484556629787e-4,2.7632422783148933e-5,0.0017822912695131064,1.2434590252417022e-4,0.090358022500897
532,2018-01-25T15:00:00Z,NA,NA,TRE,105,6.95,18.7,0.21,0.02,0,0.043,0.003,2.28,2018-01-25T15:00:00Z,73,0.2,0.02,0.001,0.0545,0.003,2.59,32197.2,0.42,0.6388333333333334,0.06522802142573747,0.549,0.773,911723.1862284,0.0013779528,0.02121433088102015,0.06495386574896947,920354.1611939999,59219.99999999999,184.07083223880002,18.40708322388,0.9203541611939999,50.159301785073,2.761062483582,2383.7172774924597,0.1840708322388,0.01840708322388,9.20354161194e-4,0.050159301785072996,0.002761062483582,2.38371727749246,0.013054668953106384,0.0013054668953106383,6.527334476553192e-5,0.0035573972897214893,1.9582003429659573e-4,0.16905796294272765
533,2018-01-26T05:00:00Z,NA,NA,TRE,101,6.96,17.1,0.13,0.01,0,0.034,0.004,2.27,2018-01-26T05:00:00Z,74,0.16999999999999998,0.015,0,0.0385,0.0035,2.275,171326.28,0.12,0.1571512383048982,0.12769841622530204,0.0531,0.549,4851420.05783916,3.937008e-4,0.11288473508672507,0.0034876354158738516,911723.1862284,16920,154.99294165882796,13.675847793426,0,35.1013426697934,3.1910311517994,2074.17024866961,0.15499294165882796,0.013675847793426,0,0.035101342669793395,0.0031910311517994,2.07417024866961,0.010992407209845954,9.699182832217021e-4,0,0.002489456926935702,2.2631426608506382e-4,0.1471042729552915
546,2018-02-07T19:50:00Z,NA,NA,TRE,131,7.19,3.49,0.07,0.01,0,0.037,0.052,1.2,2018-02-07T19:50:00Z,75,0.1,0.01,0,0.035500000000000004,0.027999999999999997,1.7349999999999999,61402.98,0.51,0.04451426707264028,0.005914405127057998,0.0323,0.0557,1738738.7900040601,0.0016732284,0.04045765267789319,0.041357525443246564,4851420.05783916,71910,485.142005783916,48.5142005783916,0,172.2254120532902,135.83976161949644,8417.213800350943,0.485142005783916,0.048514200578391606,0,0.1722254120532902,0.13583976161949646,8.417213800350941,0.03440723445276,0.0034407234452760007,0,0.012214568230729802,0.0096340256467728,0.596965517755386
561,2018-02-23T18:58:00Z,NA,NA,TRE,146,7.34,4.68,0.12,0,0,0.05,0.033,1,2018-02-23T19:00:00Z,76,0.095,0.005,0,0.0435,0.042499999999999996,1.1,26127.96,1.6212,0.050991334894613584,0.03698625668966116,0.0301,0.249,739861.4457421199,0.005318897808,0.017215384837379003,0.30896188834834015,1738738.7900040601,228589.19999999998,165.18018505038572,8.6936939500203,0,75.6351373651766,73.89639857517255,1912.6126690044664,0.1651801850503857,0.008693693950020301,0,0.0756351373651766,0.07389639857517255,1.9126126690044665,0.011714906741162106,6.16574039008532e-4,0,0.0053641941393742275,0.0052408793315725215,0.13564628858187705
581,2018-03-01T17:20:00Z,NA,NA,TRE,121,7.08,26,0.18,0,0,0.057,0.015,3.23,2018-03-01T17:20:00Z,77,0.15,0,0,0.053500000000000006,0.024,2.115,10417.8,0.31029999999999996,0.22846052631578948,0.010250776607293302,0.215,0.249,294999.2486766,0.0010180446519999998,0.006864157636449496,0.14831312244259387,739861.4457421199,43752.299999999996,110.97921686131798,0,0,39.58258734720342,17.75667469781088,1564.8069577445838,0.11097921686131798,0,0,0.03958258734720342,0.01775667469781088,1.5648069577445838,0.007870866444065105,0,0,0.0028072756983832216,0.001259338631050417,0.110979216861318
599,2018-03-02T06:00:00Z,NA,NA,TRE,122,6.57,22.7,0.44,0,0.297,0.057,0.056,2.64,2018-03-02T06:00:00Z,78,0.31,0,0.1485,0.057,0.035500000000000004,2.935,18298.2,0.6313,0.2310378787878788,0.009409598236777264,0.215,0.247,518147.3297754,0.002071194292,0.012056454267050641,0.17179132820670284,294999.2486766,89013.29999999999,91.44976708974599,0,43.80738842847509,16.8149571745662,10.472473328019301,865.822794865821,0.09144976708974599,0,0.0438073884284751,0.0168149571745662,0.010472473328019302,0.865822794865821,0.006485799084379148,0,0.003106906980742915,0.0011925501542245532,7.42728604824064e-4,0.06140587197629937
604,2018-03-03T04:00:00Z,NA,NA,TRE,114,6.69,18.8,0.2,0,0,0.044,0.028,2.61,2018-03-03T04:00:00Z,79,0.32,0,0.1485,0.0505,0.042,2.625,9415.2,0.0963,0.26153333333333334,0.013565243057499551,0.237,0.277,266608.7778744,3.15944892e-4,0.006203557082944508,0.05092963404312502,518147.3297754,13578.3,165.807145528128,0,76.94487847164689,26.166440153657703,21.762187850566804,1360.136740660425,0.165807145528128,0,0.0769448784716469,0.026166440153657704,0.021762187850566803,1.360136740660425,0.01175937202327149,0,0.0054570835795494255,0.0018557758974225322,0.0015434175780543833,0.09646359862839894
614,2018-03-03T14:00:00Z,NA,NA,TRE,136,6.84,16.1,0.14,0,0.002,0.031,0.019,2.39,2018-03-03T14:00:00Z,80,0.17,0,0.001,0.0375,0.0235,2.5,61281.6,0.1605,0.16909933774834437,0.05465695884764185,0.101,0.277,1735301.6911151998,5.2657482e-4,0.040377676919680104,0.013041236152527317,266608.7778744,22630.500000000004,45.32349223864801,0,0.2666087778744,9.99782917029,6.2653062800484,666.521944686,0.04532349223864801,0,2.6660877787440003e-4,0.00999782917029,0.0062653062800484,0.666521944686,0.0032144320736629795,0,1.8908423962723407e-5,7.090658986021278e-4,4.4434796312400003e-4,0.047271059906808514
586,2018-03-07T18:35:00Z,NA,NA,TRE,118,7.05,21,0.13,0,0,0.057,0.015,1.37,2018-03-07T18:40:00Z,81,0.135,0,0.001,0.044,0.017,1.8800000000000001,75854.04,2.4103,0.10964735472679965,0.037192990426063756,0.0728,0.26,2147947.2450118796,0.007907808652,0.049979274695381506,0.1582217569221897,1735301.6911151998,339852.3,234.265728300552,0,1.7353016911152,76.35327440906879,29.5001287489584,3262.367179296576,0.234265728300552,0,0.0017353016911151999,0.07635327440906879,0.0295001287489584,3.262367179296576,0.01661459065961362,0,1.2307104192306383e-4,0.0054151258446148084,0.002092207712692085,0.23137355881536
655,2018-03-15T19:50:00Z,NA,NA,TRE,109,6.98,14.5,0.06,0.01,0,0.027,0.042,3.4,2018-03-15T19:50:00Z,82,0.095,0.005,0,0.042,0.0285,2.385,156,0,0.26,NaN,0.26,0.26,4417.428132,0,1.0278644159862173e-4,0,2147947.2450118796,0,204.05498827612857,10.739736225059398,0,90.21378429049895,61.21649648283857,5122.854179353332,0.20405498827612856,0.010739736225059398,0,0.09021378429049895,0.06121649648283857,5.122854179353332,0.014471984984122593,7.616834202169786e-4,0,0.006398140729822621,0.004341595495236778,0.3633229914434988
629,2018-03-15T20:00:00Z,NA,NA,TRE,121,6.98,13,0.02,0.03,0,0.013,0.024,1.8,2018-03-15T20:00:00Z,83,0.04,0.02,0,0.02,0.033,2.6,8527.8,0.28,0.3948055555555556,0.07128927767281072,0.267,0.495,241480.40784659996,9.186352000000002e-4,0.005618860363235424,0.16349137380432002,4417.428132,39480.00000000001,0.17669712528,0.08834856264,0,0.08834856264,0.145775128356,11.4853131432,1.7669712528e-4,8.834856264e-5,0,8.834856264e-5,1.4577512835600002e-4,0.011485313143200001,1.2531711012765956e-5,6.265855506382978e-6,0,6.265855506382978e-6,1.0338661585531916e-5,8.145612158297873e-4
628,2018-03-16T02:00:00Z,NA,NA,TRE,129,7.01,15.9,0.03,0.03,0.027,0.03,0.028,2.62,2018-03-16T02:00:00Z,84,0.025,0.03,0.0135,0.0215,0.026000000000000002,2.21,39064.8,0.48,0.6028518518518519,0.034378545476240856,0.498,0.64,1106191.9646856,0.0015748032,0.025739306306165628,0.06118281437999631,241480.40784659996,67680,6.037010196165,7.2444122353979985,3.2599855059290994,5.1918287687019,6.2784906040115995,533.6717013409859,0.006037010196165,0.007244412235397998,0.0032599855059290994,0.005191828768701899,0.0062784906040116,0.533671701340986,4.281567515010638e-4,5.137881018012764e-4,2.3120464581057444e-4,3.6821480629091485e-4,4.4528302156110635e-4,0.03784905683269404
627,2018-03-16T20:00:00Z,NA,NA,TRE,132,6.98,11,0.07,0.03,0,0.024,0.028,2.94,2018-03-16T20:00:00Z,85,0.05,0.03,0.0135,0.027,0.028,2.7800000000000002,29335.2,0.21,0.582047619047619,0.03713145153448683,0.513,0.633,830680.3701144,6.889764e-4,0.01932859501015313,0.03564544653339196,1106191.9646856,29609.999999999996,55.30959823428,33.185758940568,14.9335915232556,29.8671830465112,30.9733750111968,3075.2136618259683,0.05530959823428001,0.033185758940567994,0.0149335915232556,0.0298671830465112,0.0309733750111968,3.0752136618259684,0.003922666541438299,0.0023535999248629784,0.0010591199661883403,0.0021182399323766807,0.002196693263205447,0.2181002597039694
630,2018-03-17T10:00:00Z,NA,NA,TRE,123,6.91,13.3,0,0.05,0,0.007,0.024,1.95,2018-03-17T10:00:00Z,86,0.035,0.04,0,0.0155,0.026000000000000002,2.445,13503.6,0,0.468875,0.0246788952820102,0.427,0.51,382379.3751492,0,0.008897352517763772,0,830680.3701144,0,29.073812954004005,33.22721480457601,0,12.875545736773201,21.5976896229744,2031.013504929708,0.029073812954004005,0.033227214804576,0,0.012875545736773202,0.0215976896229744,2.031013504929708,0.002061972549929362,0.002356540057062128,0,9.131592721115747e-4,0.001531751037090383,0.14404351098792256
631,2018-03-17T18:00:00Z,NA,NA,TRE,121,6.96,10.5,0,0.03,0,0.01,0.028,1.5,2018-03-17T18:00:00Z,87,0,0.04,0,0.0085,0.026000000000000002,1.725,76195.2,0.28,0.2152406779661017,0.07911097515535975,0.125,0.427,2157607.8205343997,9.186352000000002e-4,0.05020406073650834,0.01829802582746,382379.3751492,39480.00000000001,0,15.295175005968,0,3.2502246887682,9.9418637538792,659.6044221323699,0,0.015295175005968,0,0.0032502246887682,0.0099418637538792,0.6596044221323699,0,0.0010847641848204255,0,2.3051238927434043e-4,7.050967201332767e-4,0.046780455470380844
632,2018-03-21T20:20:00Z,NA,NA,TRE,134,7.03,5.38,0,0,0,0.048,0.033,1.3,2018-03-21T20:20:00Z,88,0,0.015,0,0.029,0.0305,1.4,166741.2,2.1,0.24165391304347825,0.12107797751154668,0.113,0.475,4721585.0489964,0.0068897640000000005,0.10986368343515451,0.06271193341215968,2157607.8205343997,296100,0,32.36411730801599,0,62.57062679549759,65.8070385262992,3020.6509487481594,0,0.03236411730801599,0,0.06257062679549759,0.0658070385262992,3.0206509487481594,0,0.0022953274686536166,0,0.004437633106063659,0.004667165852929021,0.21423056374100422
691,2018-03-29T19:55:00Z,NA,NA,TRE,109,7.13,4.69,0,0.05,0,0.001,0.028,0.99,2018-03-29T20:00:00Z,89,0,0.025,0,0.0245,0.0305,1.145,43817.58,0,0.07332259036144578,0.016349755172105993,0.0517,0.113,1240775.70877026,0,0.028870853382454712,0,4721585.0489964,0,0,118.03962622491001,0,115.6788337004118,144.0083439943902,5406.214881100878,0,0.11803962622491002,0,0.1156788337004118,0.1440083439943902,5.406214881100878,0,0.00837160469680213,0,0.008204172602866086,0.010213357730098595,0.38341949511353746
707,2018-04-05T18:00:00Z,NA,NA,TRE,126,7.3,2.14,0,0.05,0,0.001,0.042,0.92,2018-04-05T18:00:00Z,90,0,0.05,0,0.001,0.035,0.9550000000000001,5660.28,1.61,0.09248823529411765,0.049805262941349474,0.0517,0.253,160281.28273715999,0.0052821524,0.003729487433665683,1.4163212757652908,1240775.70877026,227010,0,62.038785438513,0,1.24077570877026,43.4271498069591,1184.9408018755983,0,0.062038785438513,0,0.00124077570877026,0.0434271498069591,1.1849408018755982,0,0.004399913860887447,0,8.799827721774894e-5,0.003079939702621213,0.08403835474295024
773,2018-04-06T11:00:00Z,NA,NA,TRE,110,6.93,18,0.47,0.08,0,0.059,0.007,3.84,2018-04-06T11:00:00Z,91,0.235,0.065,0,0.03,0.0245,2.38,8329.2,1.23,0.5784166666666667,0.281399594676428,0.272,1.29,235856.68203240001,0.0040354332,0.005488005316431026,0.7353187483106035,160281.28273715999,173430,37.6661014432326,10.4182833779154,0,4.808438482114799,3.9268914270604194,381.46945291444075,0.0376661014432326,0.010418283377915399,0,0.004808438482114799,0.003926891427060419,0.3814694529144408,0.002671354712286,7.388853459514467e-4,0,3.4102400582374464e-4,2.7850293808939146e-4,0.027054571128683744
744,2018-04-06T15:00:00Z,NA,NA,TRE,91,6.8,145,0.34,0.02,0,0.298,0.012,5.39,2018-04-06T15:00:00Z,92,0.405,0.05,0,0.1785,0.0095,4.615,58794,1.2,4.082916666666667,1.3412955423336268,1.5,5.68,1664860.702518,0.003937008,0.03873862850864978,0.10163003058099804,235856.68203240001,169200,95.52195622312202,11.79283410162,0,42.1004177427834,2.2406384793078002,1088.478587579526,0.09552195622312201,0.011792834101620001,0,0.0421004177427834,0.0022406384793078,1.088478587579526,0.0067746068243348945,8.363712128808511e-4,0,0.002985845229984638,1.5891053044736172e-4,0.07719706294890255
774,2018-04-06T19:00:00Z,NA,NA,TRE,78,6.82,348,0.55,0.01,0,0.557,0.007,3.42,2018-04-06T19:00:00Z,93,0.44500000000000006,0.015,0,0.4275,0.0095,4.404999999999999,3474,0.07,5.79,NaN,5.79,5.79,98372.726478,2.2965880000000004e-4,0.0022889749879077682,0.10033259481350607,1664860.702518,9870.000000000002,740.8630126205101,24.972910537769998,0,711.727950326445,15.816176673921,7333.711394591789,0.74086301262051,0.02497291053777,0,0.7117279503264451,0.015816176673921,7.333711394591789,0.052543476072376596,0.0017711284069340425,0,0.05047715959762022,0.0011217146577248936,0.5201213755029638
711,2018-04-06T19:10:00Z,NA,NA,TRE,72,7,391,0.38,0.03,0,0.554,0.012,3.47,2018-04-06T19:10:00Z,94,0.465,0.02,0,0.5555000000000001,0.0095,3.4450000000000003,139806,1.07,3.949322033898305,0.9152517354988862,2.81,5.69,3958865.111682,0.0035104988,0.09211641829574942,0.038109371433973645,98372.726478,150870.00000000003,45.74331781227,1.96745452956,0,54.646049558529015,0.9345409015409999,338.89404271671003,0.04574331781227,0.00196745452956,0,0.05464604955852901,9.345409015409999e-4,0.33889404271671003,0.0032442069370404256,1.3953578223829788e-4,0,0.0038756063516687243,6.627949656319149e-5,0.02403503849054681
775,2018-04-07T05:00:00Z,NA,NA,TRE,88,6.73,647,0.69,0.01,0,0.694,0.007,2.46,2018-04-07T05:00:00Z,95,0.5349999999999999,0.02,0,0.624,0.0095,2.965,44304,0.68,3.0766666666666667,0.14968566097475489,2.9,3.36,1254549.589488,0.0022309712,0.02919134941400857,0.07642576464551462,3958865.111682,95880,2117.9928347498694,79.17730223364,0,2470.3318296895677,37.609218560979,11738.035056137129,2.1179928347498693,0.07917730223364,0,2.470331829689568,0.037609218560979006,11.73803505613713,0.15021225778367867,0.005615411505931915,0,0.17520083898507574,0.00266732046531766,0.8324847557544064
776,2018-04-07T09:00:00Z,NA,NA,TRE,87,6.69,888,0.62,0.01,0,0.828,0.007,2.34,2018-04-07T09:00:00Z,96,0.655,0.01,0,0.7609999999999999,0.007,2.4,78864,0.02,2.7383333333333333,0.5031024316554121,1.81,3.45,2233179.821808,6.56168e-5,0.05196249955278015,0.001262772202352404,1254549.589488,2820,821.72998111464,12.54549589488,0,954.7122376003678,8.781847126416,3010.9190147711997,0.82172998111464,0.01254549589488,0,0.9547122376003677,0.008781847126416,3.0109190147711997,0.05827872206486809,8.89751481906383e-4,0,0.06771008777307573,6.228260373344681e-4,0.2135403556575319
777,2018-04-07T17:00:00Z,NA,NA,TRE,92,6.76,495,0.39,0.01,0,0.514,0.007,1.87,2018-04-07T17:00:00Z,97,0.505,0.01,0,0.671,0.007,2.105,44664,0,1.5508333333333333,0.15021733663911882,1.27,1.8,1264743.654408,0,0.029428548894620772,0,2233179.821808,0,1127.75581001304,22.331798218080003,0,1498.4636604331681,15.632258752656002,4700.84352490584,1.12775581001304,0.022331798218080002,0,1.498463660433168,0.015632258752656003,4.70084352490584,0.07998268156120851,0.0015838154764595746,0,0.10627401847043745,0.0011086708335217024,0.3333931577947404
778,2018-04-08T01:00:00Z,NA,NA,TRE,96,6.72,13.2,0.21,0.01,0,0.018,0.007,1.59,2018-04-08T01:00:00Z,98,0.3,0.01,0,0.266,0.007,1.73,105727.2,0.11,0.4565077720207254,0.2655466133008341,0.204,1.25,2993860.9461383997,3.608924e-4,0.06966232479606281,0.005180596557127778,1264743.654408,15510,379.4230963224,12.64743654408,0,336.421812072528,8.853205580856,2188.0065221258396,0.37942309632239996,0.01264743654408,0,0.336421812072528,0.008853205580856,2.1880065221258396,0.02690943945548936,8.969813151829787e-4,0,0.023859702983867238,6.278869206280851e-4,0.1551777675266553
745,2018-04-10T17:15:00Z,NA,NA,TRE,109,6.9,10.9,0,0.03,0,0.01,0.012,1.33,2018-04-10T17:20:00Z,99,0.105,0.02,0,0.013999999999999999,0.0095,1.46,160350.54,1.5,0.1223676282051282,0.04157666227858195,0.0641,0.222,4540621.70754738,0.00492126,0.10565295778857343,0.0465794815687805,2993860.9461383997,211500,314.3553993445319,59.877218922767995,0,41.91405324593759,28.4416789883148,4371.036981362064,0.31435539934453194,0.05987721892276799,0,0.04191405324593759,0.028441678988314796,4.371036981362064,0.02229470917337106,0.004246611271118297,0,0.002972627889782808,0.002017140353781191,0.31000262279163576
796,2018-04-25T21:15:00Z,NA,NA,TRE,113,7.18,3.57,0.12,0.01,0,0.004,0.007,1.01,2018-04-25T21:20:00Z,100,0.06,0.02,0,0.007,0.0095,1.17,67677.3,0.42,0.04910557248585111,0.008377083927952974,0.0369,0.0669,1916407.7494731,0.0013779528,0.044591723358989754,0.030901537240592043,4540621.70754738,59219.99999999999,272.43730245284274,90.8124341509476,0,31.784351952831656,43.135906221700104,5312.527397830434,0.27243730245284276,0.0908124341509476,0,0.031784351952831656,0.043135906221700104,5.312527397830434,0.019321794500201616,0.006440598166733872,0,0.002254209358356855,0.003059284129198589,0.3767749927539315
813,2018-05-11T20:05:00Z,NA,NA,TRE,144,7.47,2.04,0.31,0.01,0,0.01,0.012,1.05,2018-05-11T20:10:00Z,101,0.215,0.01,0,0.007,0.0095,1.03,43593.18,0.28,0.03623705735660848,0.0014770460349032965,0.0334,0.0404,1234421.4083034599,9.186352000000002e-4,0.028722999039539773,0.03198256556480807,1916407.7494731,39480.00000000001,412.0276661367165,19.164077494731004,0,13.414854246311702,18.20587361999445,1973.8999819572932,0.4120276661367165,0.019164077494731,0,0.0134148542463117,0.01820587361999445,1.973899981957293,0.02922182029338415,0.0013591544322504256,0,9.514081025752979e-4,0.0012911967106379043,0.13999290652179383
827,2018-05-25T18:15:00Z,NA,NA,TRE,155,7.45,1.65,0,0.01,0,0.015,0.016,0.89,2018-05-25T18:20:00Z,102,0.155,0.01,0,0.0125,0.014,0.97,46983.24,0.34,0.028485049108766824,0.002472081043665845,0.0238,0.0369,1330417.21864428,0.0011154856,0.030956667015218126,0.03603377584064956,1234421.4083034599,47940,191.33531828703627,12.3442140830346,0,15.430267603793249,17.281899716248436,1197.388766054356,0.19133531828703626,0.0123442140830346,0,0.015430267603793249,0.01728189971624844,1.197388766054356,0.01356988072957704,8.754761761017447e-4,0,0.0010943452201271808,0.0012256666465424425,0.08492118908186923
835,2018-06-13T20:30:00Z,NA,NA,TRE,155,7.23,0.99,0.04,0.01,0.054918546,0.108,0.006,3.03,2018-06-13T20:30:00Z,103,0.02,0.01,0.027459273,0.0615,0.011,1.96,37760.688,0,0.019853148264984227,0.007086908627690089,0.00471,0.0392,1069263.624710736,0,0.024880043280998566,0,1330417.21864428,0,26.6083443728856,13.3041721864428,36.53228961065397,81.82065894662321,14.634589405087079,2607.617748542789,0.0266083443728856,0.0133041721864428,0.03653228961065397,0.08182065894662321,0.01463458940508708,2.607617748542789,0.001887116622190468,9.43558311095234e-4,0.0025909425255782955,0.005802883613235689,0.0010379141422047575,0.1849374289746659
859,2018-07-05T20:45:00Z,NA,NA,TRE,166,7.31,0.95,0.11,0.01,0,0.029,0.003,1.29,2018-07-05T20:50:00Z,104,0.075,0.01,0.027459273,0.0685,0.0045000000000000005,2.16,27899.598,0,0.021840925317050258,0.005691003968023837,0.00919,0.0369,790028.647927506,0,0.01838269487469246,0,1069263.624710736,0,80.19477185330521,10.69263624710736,29.361201779901645,73.24455829268543,4.811686311198313,2309.6094293751903,0.08019477185330522,0.01069263624710736,0.029361201779901647,0.07324455829268543,0.004811686311198313,2.30960942937519,0.005687572471865619,7.58342996248749e-4,0.0020823547361632374,0.005194649524303932,3.4125434831193706e-4,0.1638020871897298
870,2018-07-20T15:40:00Z,NA,NA,TRE,171,7.27,0.43,0,0.03,0,0.044,0.012,1.07,2018-07-20T15:40:00Z,105,0.055,0.02,0,0.0365,0.0075,1.1800000000000002,NA,0,NA,NaN,NA,NA,NA,0,NA,NA,790028.647927506,0,43.45157563601283,15.800572958550122,0,28.836045649353967,5.925214859456295,932.2338045544572,0.04345157563601283,0.01580057295855012,0,0.028836045649353968,0.005925214859456295,0.9322338045544571,0.003081672030922896,0.0011206080112446894,0,0.002045109620521558,4.2022800421675854e-4,0.06611587266343667
884,2018-08-02T16:00:00Z,NA,NA,TRE,173,7.35,0.62,0.15,0.01,0.054918546,0.041,0.005,1.19,2018-08-02T16:00:00Z,106,0.075,0.02,0.027459273,0.042499999999999996,0.0085,1.13,NA,0.01,NA,NaN,NA,NA,NA,3.28084e-5,NA,NA,NA,1410,NA,NA,NA,NA,NA,NA,NA,NA,NA,NA,NA,NA,NA,NA,NA,NA,NA,NA
891,2018-08-24T22:30:00Z,NA,NA,TRE,189,7.53,4.29,0.09,0.01,0,0.049,0,1.33,2018-08-24T22:30:00Z,107,0.12,0.01,0.027459273,0.045,0.0025,1.26,NA,0,NA,NaN,NA,NA,NA,0,NA,NA,NA,0,NA,NA,NA,NA,NA,NA,NA,NA,NA,NA,NA,NA,NA,NA,NA,NA,NA,NA
907,2018-09-16T19:40:00Z,NA,NA,TRE,192,7.89,1.55,0.08,0.01,0.004794016,0.039,0.006,1.03,2018-09-16T19:40:00Z,108,0.08499999999999999,0.01,0.002397008,0.044,0.003,1.1800000000000002,NA,0.8300000000000001,NA,NaN,NA,NA,NA,0.0027230972000000003,NA,NA,NA,117030,NA,NA,NA,NA,NA,NA,NA,NA,NA,NA,NA,NA,NA,NA,NA,NA,NA,NA
915,2018-10-02T16:30:00Z,NA,NA,TRE,114,9.29,3.04,0.1,0.01,0,0.036,0.018,3.09,2018-10-02T16:30:00Z,109,0.09,0.01,0.002397008,0.0375,0.012,2.06,NA,0.27,NA,NaN,NA,NA,NA,8.858268000000001e-4,NA,NA,NA,38070.00000000001,NA,NA,NA,NA,NA,NA,NA,NA,NA,NA,NA,NA,NA,NA,NA,NA,NA,NA
926,2018-10-24T21:50:00Z,NA,NA,TRE,232,7.56,0.36,0.11,0.01,0,0.044,0.01004302,1.05,2018-10-24T21:50:00Z,110,0.10500000000000001,0.01,0,0.039999999999999994,0.01402151,2.07,46141.2,0.09,0.020523618895116093,0.0017223724719514608,0.0155,0.0238,1306573.3007963998,2.952756e-4,0.03040185743006618,0.00971241973222283,NA,12689.999999999998,NA,NA,NA,NA,NA,NA,NA,NA,NA,NA,NA,NA,NA,NA,NA,NA,NA,NA
948,2018-11-19T21:20:00Z,NA,NA,TRE,222,7.15,0.63,0.12,0.01,0,0.096,0,0.92,2018-11-19T21:20:00Z,111,0.11499999999999999,0.01,0,0.07,0.00502151,0.9850000000000001,80676.48,6.3,0.06253990697674419,0.04681479711020538,0.019,0.242,2284503.5406585597,0.020669292,0.05315671987116906,0.3888368591985024,1306573.3007963998,888300,150.25592959158598,13.065733007963997,0,91.46013105574801,6.5609708956821295,1286.9747012844539,0.15025592959158596,0.013065733007963997,0,0.091460131055748,0.006560970895682129,1.286974701284454,0.010656448907204678,9.266477310612764e-4,0,0.006486534117428937,4.6531708480015104e-4,0.09127480150953574
967,2018-12-04T19:40:00Z,NA,NA,TRE,98,7.96,1.79,0.09,0.02,0.15,0.036,0.009,1.85,2018-12-04T19:40:00Z,112,0.105,0.015,0.075,0.066,0.0045,1.385,32692.920000000002,2.2,0.03138721198156682,0.00885319448056224,0.0229,0.194,925760.4136232401,0.007217848000000001,0.021540954565823153,0.33507558720038466,2284503.5406585597,310200.00000000006,239.87287176914873,34.26755310987839,171.33776554939197,150.77723368346494,10.280265932963518,3164.0374038121054,0.23987287176914873,0.03426755310987839,0.17133776554939198,0.15077723368346493,0.010280265932963517,3.1640374038121055,0.017012260409159485,0.002430322915594212,0.012151614577971063,0.010693420828614535,7.290968746782637e-4,0.224399815873199
977,2018-12-16T21:00:00Z,NA,NA,TRE,123,6.7,13.4,0.15,0.01,0,0,0,10.31,2018-12-16T21:00:00Z,113,0.12,0.015,0.075,0.018,0.0045,6.08,1776.6,0.01,0.24675,0.027313416616614038,0.207,0.279,50307.7103802,3.28084e-5,0.0011705794368212265,0.02802748704444445,925760.4136232401,1410,111.09124963478881,13.886406204348601,69.43203102174301,16.663687445218322,4.1659218613045805,5628.6233148293,0.11109124963478881,0.013886406204348601,0.06943203102174302,0.01666368744521832,0.00416592186130458,5.628623314829301,0.007878812030836086,9.848515038545108e-4,0.004924257519272554,0.0011818218046254127,2.954554511563532e-4,0.3991931428956951
980,2018-12-16T23:00:00Z,NA,NA,TRE,134,7.03,26.1,0.3,0.03,0.02,0.035,0.003,8.06,2018-12-16T23:00:00Z,114,0.22499999999999998,0.02,0.01,0.0175,0.0015,9.185,2406.6,0,0.33425,0.0357850273413083,0.284,0.391,68147.32399019999,0,0.0015856785278925835,0,50307.7103802,0,11.319234835544998,1.006154207604,0.503077103802,0.8803849316535001,0.0754615655703,462.07631984213697,0.011319234835544997,0.001006154207604,5.03077103802e-4,8.803849316535001e-4,7.54615655703e-5,0.462076319842137,8.027826124499998e-4,7.135845444e-5,3.567922722e-5,6.2438647635e-5,5.351884083e-6,0.03277137020157
983,2018-12-17T01:00:00Z,NA,NA,TRE,137,6.98,26.5,0.09,0.01,0,0.014,0,6.16,2018-12-17T01:00:00Z,115,0.195,0.02,0.01,0.0245,0.0015,7.11,20042.4,0.12,0.2807058823529412,0.07929983360116515,0.177,0.416,567537.5743128001,3.937008e-4,0.01320568575061677,0.029812976579547353,68147.32399019999,16920,13.288728178088999,1.3629464798039999,0.6814732399019999,1.6696094377599,0.1022209859853,484.527473570322,0.013288728178088998,0.0013629464798039998,6.814732399019999e-4,0.0016696094377599,1.0222098598529999e-4,0.484527473570322,9.424629913538297e-4,9.666287090808509e-5,4.8331435454042543e-5,1.1841201686240426e-4,7.249715318106382e-6,0.03436365060782426
997,2018-12-17T20:50:00Z,NA,NA,TRE,140,6.94,7.85,0.07,0.01,0,0,0.003,2.79,2018-12-17T20:50:00Z,116,0.08,0.01,0,0.007,0.0015,4.475,152847.96,2.98,0.1961097767513472,0.14557950995212485,0.0773,0.725,4328172.29758212,0.009776903200000001,0.1007096020128748,0.0970801493064198,567537.5743128001,420180,45.403005945024006,5.675375743128001,0,3.9727630201896003,0.8513063614692001,2539.73064504978,0.04540300594502401,0.005675375743128001,0,0.003972763020189601,8.513063614692002e-4,2.5397306450497803,0.003220071343618724,4.025089179523405e-4,0,2.8175624256663836e-4,6.037633769285108e-5,0.18012274078367235
1008,2018-12-26T21:22:00Z,NA,NA,TRE,123,6.79,7.87,0.08,0.01,0,0,0.003,1.99,2018-12-26T21:20:00Z,117,0.07500000000000001,0.01,0,0,0.003,2.39,83092.98,1.94,0.08014369212962963,0.10293069798590596,0.0259,0.513,2352931.20143406,0.0063648296,0.05474892138477847,0.1162548857404445,4328172.29758212,273540,324.612922318659,43.2817229758212,0,0,12.98451689274636,10344.331791221266,0.324612922318659,0.043281722975821196,0,0,0.01298451689274636,10.344331791221267,0.02302219307224532,0.0030696257429660423,0,0,9.208877228898127e-4,0.7336405525688842
1038,2019-01-07T21:15:00Z,NA,NA,TRE,115,6.81,14.8,0,0.02,0.07,0.028,0.003,2.43,2019-01-07T21:20:00Z,118,0.04,0.015,0.035,0.014,0.003,2.21,31670.399999999998,0.72,0.22178151260504203,0.039840220896449646,0.179,0.324,896805.8712287999,0.0023622048,0.020867228974390955,0.11320165235638073,2352931.20143406,101519.99999999999,94.1172480573624,35.2939680215109,82.3525920501921,32.941036820076846,7.05879360430218,5199.977955169273,0.09411724805736241,0.0352939680215109,0.0823525920501921,0.03294103682007684,0.00705879360430218,5.199977955169272,0.00667498213172783,0.002503118299397936,0.005840609365261851,0.0023362437461047405,5.006236598795872e-4,0.3687927627779626
1050,2019-01-09T13:00:00Z,NA,NA,TRE,117,6.93,9.2,0.15,0.02,0.02,0.124,0,2.98,2019-01-09T13:00:00Z,119,0.075,0.02,0.045000000000000005,0.076,0.0015,2.705,6765.6,0.04,0.25627272727272726,0.012472040612512825,0.233,0.275,191580.4600632,1.312336e-4,0.004457768905638686,0.029439300865058533,896805.8712287999,5640,67.26044034215998,17.936117424575997,40.356264205296,68.15724621338879,1.3452088068432,2425.8598816739036,0.06726044034215999,0.017936117424575997,0.040356264205296,0.06815724621338878,0.0013452088068432,2.4258598816739037,0.0047702439958978715,0.0012720650655727657,0.002862146397538723,0.00483384724917651,9.540487991795745e-5,0.17204680011871656
1059,2019-01-09T20:15:00Z,NA,NA,TRE,116,7.03,14.6,0.08,0.03,0.1,0.122,0.003,2.5,2019-01-09T20:20:00Z,120,0.11499999999999999,0.025,0.060000000000000005,0.123,0.0015,2.74,4587,0,0.2730357142857143,0.0019903869502285784,0.27,0.275,129889.37718899999,0,0.0030223167154671657,0,191580.4600632,0,22.031752907268,4.78951150158,11.494827603792,23.5643965877736,0.2873706900948,524.930460573168,0.022031752907268002,0.00478951150158,0.011494827603792,0.023564396587773602,2.873706900948e-4,0.5249304605731681,0.0015625356671821278,3.396816667787234e-4,8.152360002689361e-4,0.0016712338005513193,2.0380900006723405e-5,0.03722911067894809
1069,2019-01-10T01:00:00Z,NA,NA,TRE,116,6.77,9.99,0.21,0.03,0,0.123,0,2.88,2019-01-10T01:00:00Z,121,0.145,0.03,0.05,0.1225,0.0015,2.69,34711.2,0.06,0.21913636363636363,0.03605567573220684,0.163,0.275,982911.7395863999,1.968504e-4,0.022870773920628706,0.008607072094855839,129889.37718899999,8460,18.833959692405,3.8966813156699995,6.49446885945,15.9114487056525,0.1948340657835,349.40242463840997,0.018833959692405,0.0038966813156699996,0.0064944688594500005,0.0159114487056525,1.948340657835e-4,0.34940242463841,0.001335741822156383,2.7636037699787234e-4,4.6060062832978726e-4,0.0011284715394079788,1.3818018849893618e-5,0.024780313804142553
1076,2019-01-11T21:00:00Z,NA,NA,TRE,130,6.75,8.14,NA,0.02,0.02,NA,0.011,2.09,2019-01-11T21:00:00Z,122,NA,0.025,0.01,NA,0.0055,2.485,42952.86,1.55,0.10125615275813296,0.023562889772116093,0.0713,0.163,1216289.56483242,0.005085302000000001,0.028301100230024197,0.1796856644677398,982911.7395863999,218550,NA,24.572793489659997,9.829117395864,NA,5.406014567725199,2442.5356728722036,NA,0.02457279348966,0.009829117395864,NA,0.005406014567725199,2.442535672872203,NA,0.0017427513113234042,6.971005245293617e-4,NA,3.834052884911489e-4,0.17322948034554633
1082,2019-01-16T18:50:00Z,NA,NA,TRE,118,6.95,8.11,NA,0.02,0.01,NA,0.005,4.76,2019-01-16T18:50:00Z,123,NA,0.02,0.015,NA,0.008,3.425,1930.2,0.35,0.24746153846153846,0.05170366747890551,0.167,0.339,54657.1780794,0.001148294,0.0012717845485491002,0.9028997885766241,1216289.56483242,49349.99999999999,NA,24.325791296648404,18.2443434724863,NA,9.730316518659361,4165.791759551039,NA,0.024325791296648403,0.0182443434724863,NA,0.009730316518659361,4.1657917595510385,NA,0.001725233425294213,0.0012939250689706595,NA,6.900933701176852e-4,0.29544622408163396
1089,2019-01-16T21:00:00Z,NA,NA,TRE,111,6.88,15.5,NA,0.021659202,0,NA,0,6.36,2019-01-16T21:00:00Z,124,NA,0.020829601,0.005,NA,0.0025,5.5600000000000005,12762,0.79,0.88625,0.3502672582099461,0.359,1.56,361379.601414,0.0025918636000000004,0.00840872158770263,0.3082351547696004,54657.1780794,111390,NA,1.1384872111798483,0.273285890397,NA,0.1366429451985,303.89391012146405,NA,0.0011384872111798484,2.73285890397e-4,NA,1.366429451985e-4,0.30389391012146405,NA,8.074377384254245e-5,1.9381978042340427e-5,NA,9.690989021170214e-6,0.021552759583082556
1095,2019-01-17T01:00:00Z,NA,NA,TRE,97,6.62,67.9,NA,0.015479401,0.1,NA,0,5.87,2019-01-17T01:00:00Z,125,NA,0.0185693015,0.05,NA,0,6.115,14088,0.01,1.9566666666666666,0.21664102412362563,1.64,2.26,398927.740536,3.28084e-5,0.009282406341290916,0.0035344714283901194,361379.601414,1410,NA,6.7105667746063915,18.0689800707,NA,0,2209.83626264661,NA,0.0067105667746063915,0.0180689800707,NA,0,2.20983626264661,NA,4.759267216032902e-4,0.0012814879482765957,NA,0,0.15672597607422767
1100,2019-01-17T03:00:00Z,NA,NA,TRE,97,6.66,66.5,NA,0.06285788,0.02,NA,0,4.6,2019-01-17T03:00:00Z,126,NA,0.039168640500000004,0.060000000000000005,NA,0,5.234999999999999,43200,0.03,2,0.24245176250721942,1.57,2.3,1223287.7904,9.84252e-5,0.028463937673464477,0.003457891214108333,398927.740536,4230,NA,15.625457254531863,23.935664432160003,NA,0,2088.3867217059596,NA,0.015625457254531863,0.023935664432160005,NA,0,2.0883867217059597,NA,0.0011081884577682172,0.0016975648533446813,NA,0,0.1481125334543234
1106,2019-01-17T09:00:00Z,NA,NA,TRE,97,6.93,28.5,NA,0.01,0.01,NA,0,3.02,2019-01-17T09:00:00Z,127,NA,0.03642894,0.015,NA,0,3.8099999999999996,74018.4,0.36,0.7907948717948718,0.2768944067504089,0.464,1.53,2095967.7079847998,0.0011811024,0.04876979454373988,0.024217908052508026,1223287.7904,50759.99999999999,NA,44.56307751921418,18.349316856,NA,0,4660.726481424,NA,0.04456307751921418,0.018349316856,NA,0,4.660726481424,NA,0.003160501951717318,0.001301369989787234,NA,0,0.3305479774059574
1123,2019-01-18T11:00:00Z,NA,NA,TRE,107,6.76,12.4,NA,0.01,0,NA,0.027,2.44,2019-01-18T11:00:00Z,128,NA,0.01,0.005,NA,0.0135,2.73,14479.800000000001,0.12,0.41608620689655174,0.02651863593827213,0.378,0.461,410022.2811906,3.937008e-4,0.009540558442690531,0.04126601208565864,2095967.7079847998,16920,NA,20.959677079848,10.479838539924,NA,28.295564057794795,5721.991842798503,NA,0.020959677079848,0.010479838539924,NA,0.028295564057794795,5.721991842798503,NA,0.0014865019205565957,7.432509602782978e-4,NA,0.002006777592751404,0.4058150243119506
1130,2019-01-18T20:40:00Z,NA,NA,TRE,108,6.7,12.9,NA,0.01,0,NA,0,1.89,2019-01-18T20:40:00Z,129,NA,0.01,0,NA,0.0135,2.165,220230,1.93,0.6350346020761246,0.2890754559820461,0.321,1.27,6236219.21481,0.0063320212,0.1451067822645158,0.04363697617150197,410022.2811906,272130,NA,4.100222811906,0,NA,5.5353007960731,887.698238777649,NA,0.0041002228119060005,0,NA,0.0055353007960731,0.887698238777649,NA,2.9079594410680857e-4,0,NA,3.925745245441915e-4,0.06295732189912404
1149,2019-01-22T20:55:00Z,NA,NA,TRE,12.44,5.5,8.76,0.06,0.05,0,0.001,0.013,1.73,2019-01-22T21:00:00Z,130,NA,0.030000000000000002,0,NA,0.0065,1.81,101823.6,0.09,0.11917556179775281,0.06291192300274545,0.0626,0.339,2883323.3021892,2.952756e-4,0.06709029176129115,0.004401167326125181,6236219.21481,12689.999999999998,NA,187.08657644430002,0,NA,40.53542489626499,11287.5567788061,NA,0.18708657644430002,0,NA,0.04053542489626499,11.287556778806099,NA,0.013268551520872342,0,NA,0.00287485282952234,0.8005359417592979
1159,2019-02-01T18:24:00Z,NA,NA,TRE,133,6.9,5.25,0,0.01,0.001423494,0.001,0.013,1.45,2019-02-01T18:20:00Z,131,0.03,0.030000000000000002,7.11747e-4,0.001,0.013,1.5899999999999999,24840.3,1.51,0.1083782722513089,0.024589177231092205,0.0655,0.167,703398.9745340999,0.0049540684,0.016366961828475916,0.3026871115065905,2883323.3021892,212910,86.499699065676,86.49969906567601,2.0521967103632566,2.8833233021892,37.4832029284596,4584.484050480828,0.086499699065676,0.08649969906567602,0.0020521967103632566,0.0028833233021892,0.0374832029284596,4.584484050480827,0.006134730430189788,0.006134730430189789,1.455458659832097e-4,2.044910143396596e-4,0.0026583831864155747,0.3251407128000587
1171,2019-02-04T10:00:00Z,NA,NA,TRE,126,6.87,9.35,0,0.01,0,0.018,0.012,3.04,2019-02-04T10:00:00Z,132,0,0.01,7.11747e-4,0.0095,0.0125,2.245,5023.8,0.21,0.23258333333333334,0.047522250427713186,0.169,0.316,142258.1759586,6.889764e-4,0.0033101187519433066,0.20814250231823717,703398.9745340999,29609.999999999996,0,7.033989745341,0.500642109927722,6.682290258073949,8.79248718167625,1579.1306978290545,0,0.007033989745340999,5.00642109927722e-4,0.006682290258073949,0.00879248718167625,1.5791306978290545,0,4.988645209461701e-4,3.5506532618987375e-5,4.7392129489886166e-4,6.235806511827128e-4,0.11199508495241521
1175,2019-02-04T16:00:00Z,NA,NA,TRE,97,6.92,12,0.01,0.01,0.004508015,0.042,0.012,3.65,2019-02-04T16:00:00Z,133,0.005,0.01,0.0022540075,0.03,0.012,3.3449999999999998,8089.2,0.01,0.3745,0.028004591460279202,0.321,0.41,229060.6387524,3.28084e-5,0.005329872329356223,0.006155569584527518,142258.1759586,1410,0.7112908797930001,1.4225817595860002,0.32065099554700405,4.267745278758,1.7070981115032002,475.853598581517,7.11290879793e-4,0.001422581759586,3.2065099554700406e-4,0.004267745278758,0.0017070981115032003,0.475853598581517,5.044616168744681e-5,1.0089232337489362e-4,2.2741205357943552e-5,3.026769701246809e-4,1.2107078804987236e-4,0.03374848216890192
1181,2019-02-04T22:00:00Z,NA,NA,TRE,127,6.72,15,0,0.01,0.007592536,0.021,0.013,3,2019-02-04T22:00:00Z,134,0.005,0.01,0.0060502755000000005,0.0315,0.0125,3.325,28747.2,0.24,0.38638709677419353,0.03494844278778914,0.324,0.432,814030.0640784,7.874016e-4,0.018941169191819863,0.041570907900450815,229060.6387524,33840,1.1453031937620002,2.2906063875240004,1.3858799706579965,7.2154101207006,2.863257984405,761.6266238517301,0.001145303193762,0.002290606387524,0.0013858799706579965,0.0072154101207006,0.002863257984405,0.7616266238517301,8.12271768625532e-5,1.624543537251064e-4,9.82893596211345e-5,5.117312142340851e-4,2.0306794215638297e-4,0.05401607261359788
1191,2019-02-05T18:35:00Z,NA,NA,TRE,119,6.94,11.4,0,0.01,0,0.025,0.015,2.27,2019-02-05T18:40:00Z,135,0,0.01,0.003796268,0.023,0.013999999999999999,2.635,109542.6,1.28,0.17916683022571148,0.043527418801106076,0.135,0.326,3101901.0441822,0.0041994752,0.07217624395808449,0.05818362067218123,814030.0640784,180480,0,8.140300640784,3.09027628329878,18.7226914738032,11.396420897097599,2144.9692188465838,0,0.008140300640784,0.0030902762832987797,0.018722691473803198,0.0113964208970976,2.1449692188465836,0,5.773262865804256e-4,2.1916853073040992e-4,0.0013278504591349785,8.082568012125958e-4,0.1521254765139421
1203,2019-02-12T20:30:00Z,NA,NA,TRE,115,6.92,6.99,0,0.01,0.001423494,0.021,0.013,1.71,2019-02-12T20:30:00Z,136,0,0.01,7.11747e-4,0.023,0.013999999999999999,1.99,8174.4,0.81,0.21625396825396825,0.03795029357443857,0.181,0.316,231473.23411679998,0.0026574804000000004,0.005386009539767778,0.4934043247377129,3101901.0441822,114210,0,31.019010441822,2.2077687624935485,71.34372401619059,43.42661461855079,6172.783077922578,0,0.031019010441822,0.0022077687624935485,0.07134372401619059,0.043426614618550796,6.172783077922578,0,0.002199929818568936,1.5657934485769848e-4,0.005059838582708552,0.0030799017459965106,0.4377860338952183
1208,2019-02-13T07:00:00Z,NA,NA,TRE,118,7.04,11.3,0,0.01,0,0.021,0.01,3.45,2019-02-13T07:00:00Z,137,0,0.01,7.11747e-4,0.021,0.0115,2.58,33336,0.57,0.9259999999999999,0.41796155852755135,0.326,1.46,943970.4115919999,0.0018700788,0.02196467190469009,0.08514030203204102,231473.23411679998,80370,0,2.314732341168,0.16475037996293002,4.8609379164528,2.6619421923432,597.200944021344,0,0.002314732341168,1.6475037996293004e-4,0.0048609379164528,0.0026619421923431996,0.5972009440213439,0,1.6416541426723404e-4,1.1684424110846103e-5,3.447473699611915e-4,1.8879022640731912e-4,0.04235467688094638
1218,2019-02-13T17:00:00Z,NA,NA,TRE,101,6.84,18.8,0.06,0.01,0,0.014,0.015,3.08,2019-02-13T17:00:00Z,138,0.03,0.01,0,0.0175,0.0125,3.265,36288,0.96,1.26,0.12074238445655823,1.06,1.44,1027561.7439359999,0.0031496064,0.02390970764571016,0.13172918910888887,943970.4115919999,135360,28.319112347759997,9.43970411592,0,16.51948220286,11.7996301449,3082.06339384788,0.02831911234776,0.00943970411592,0,0.016519482202859998,0.0117996301449,3.08206339384788,0.002008447684238298,6.694825614127659e-4,0,0.0011715944824723403,8.368532017659575e-4,0.2185860563012681
1230,2019-02-14T01:00:00Z,NA,NA,TRE,98.43,6.86,14.7,0.42,0.01,0,0.007,0.013,2.31,2019-02-14T01:00:00Z,139,0.24,0.01,0,0.0105,0.013999999999999999,2.6950000000000003,69810,0.99,2.423958333333333,0.8575440924916781,1.07,3.49,1976799.08907,0.0032480316,0.04599693261538322,0.07061409131690072,1027561.7439359999,139590,246.61481854463997,10.27561743936,0,10.789398311327998,14.385864415103997,2769.27889990752,0.24661481854463999,0.010275617439359999,0,0.010789398311327998,0.014385864415103996,2.76927889990752,0.017490412662740425,7.28767194280851e-4,0,7.652055539948935e-4,0.0010202740719931912,0.19640275885868935
1238,2019-02-14T09:00:00Z,NA,NA,TRE,86.06,6.72,41.9,0.25,0.01,0.001423494,0.014,0,3.75,2019-02-14T09:00:00Z,140,0.33499999999999996,0.01,7.11747e-4,0.0105,0.0065,3.0300000000000002,105816,0.49,2.9393333333333334,0.31899666151309036,2.35,3.43,2996375.482152,0.0016076116,0.06972083400128049,0.02305783662843842,1976799.08907,69090,662.2276948384499,19.7679908907,1.4069808212483053,20.756390435235,12.849194078955,5989.701239882101,0.6622276948384499,0.0197679908907,0.0014069808212483054,0.020756390435235,0.012849194078954998,5.9897012398821,0.046966503180031906,0.0014019851695531915,9.978587384739755e-5,0.001472084428030851,9.112903602095743e-4,0.42480150637461705
1250,2019-02-14T19:00:00Z,NA,NA,TRE,79.46,6.88,23.8,0.66,0.03,0,0.057,0.012,2.82,2019-02-14T19:00:00Z,141,0.455,0.02,7.11747e-4,0.035500000000000004,0.006,3.285,65454,0.28,1.8181666666666667,0.26705862789743995,1.46,2.35,1853450.9035379998,9.186352000000002e-4,0.04312681889997555,0.021300787385468884,2996375.482152,39480.00000000001,1363.35084437916,59.927509643040004,2.1326612602952397,106.37132961639603,17.978252892912003,9843.093458869322,1.36335084437916,0.05992750964304,0.0021326612602952395,0.10637132961639602,0.017978252892912,9.84309345886932,0.09669154924674894,0.0042501779888680855,1.5125257165214464e-4,0.007544065930240852,0.0012750533966604256,0.698091734671583
1257,2019-02-15T05:00:00Z,NA,NA,TRE,98.79,7.13,16.4,0.15,0.04,0,0.043,0.015,2.7,2019-02-15T05:00:00Z,142,0.405,0.035,0,0.05,0.0135,2.76,278666.4,1.21,0.7047708649468892,0.34223099701820026,0.226,1.46,7890953.812840801,0.0039698164,0.1836097926224241,0.02162094049179363,1853450.9035379998,170610,750.64761593289,64.87078162383,0,92.67254517689999,25.021587197762997,5115.5244937648795,0.75064761593289,0.06487078162383,0,0.09267254517689999,0.025021587197763,5.115524493764879,0.05323741956970851,0.004600764654172341,0,0.006572520934531915,0.001774580652323617,0.36280315558616166
1276,2019-02-19T18:50:00Z,NA,NA,TRE,104.7,6.85,7.56,0.1,0.02,0,0,0.01,1.58,2019-02-19T18:50:00Z,143,0.125,0.03,0,0.0215,0.0125,2.14,281049.9,3.9,0.4698259779338014,0.9189230113127279,0.0962,4.36,7958447.0176653005,0.012795276,0.18518025085031076,0.06909633149996636,7890953.812840801,549900,986.3692266051,236.728614385224,0,169.65550697607722,98.63692266051001,16886.641159479317,0.9863692266051001,0.236728614385224,0,0.16965550697607723,0.09863692266051001,16.886641159479318,0.06995526429823405,0.01678926343157617,0,0.012032305459296257,0.006995526429823405,1.1976341247857671
1296,2019-02-26T17:00:00Z,NA,NA,TRE,84.42,6.93,25.5,0.08,0.02,0.001,0.12,0.111,2.59,2019-02-26T17:00:00Z,144,0.09,0.02,5e-4,0.06,0.0605,2.085,23316,0.54,1.6191666666666666,0.01742478661005048,1.6,1.66,660235.604652,0.0017716536000000002,0.015362619694317077,0.11532236267329903,7958447.0176653005,76140.00000000001,716.2602315898771,159.168940353306,3.97922350883265,477.506821059918,481.4860445687507,16593.362031832152,0.7162602315898771,0.159168940353306,0.00397922350883265,0.47750682105991804,0.48148604456875066,16.59336203183215,0.050798597985097664,0.011288577330021702,2.8221443325054257e-4,0.03386573199006511,0.03414794642331565,1.1768341866547625
1305,2019-02-26T21:00:00Z,NA,NA,TRE,99.6,6.88,32.6,0.2,0.02,0,0.081,0.019,2.76,2019-02-26T21:00:00Z,145,0.14,0.02,5e-4,0.1005,0.065,2.675,50718,1.09,2.348055555555556,0.4855207480895094,1.67,3.33,1436173.8461459999,0.0035761156000000006,0.03341745349358267,0.10701340844797588,660235.604652,153690.00000000003,92.43298465128001,13.20471209304,0.330117802326,66.353678267526,42.91531430238,1766.1302424440998,0.09243298465128001,0.01320471209304,3.30117802326e-4,0.066353678267526,0.04291531430238,1.7661302424440999,0.006555530826331916,9.365044037617021e-4,2.3412610094042555e-5,0.0047059346289025535,0.0030436393122255318,0.12525746400312765
1306,2019-02-27T03:00:00Z,NA,NA,TRE,84.94,6.85,50.7,0.26,0.02,0,0.152,0.019,3.44,2019-02-27T03:00:00Z,146,0.23,0.02,0,0.11649999999999999,0.019,3.0999999999999996,107538,0.81,4.978611111111111,0.701342193950908,3.42,5.78,3045137.092686,0.0026574804000000004,0.0708554381835422,0.03750566601699827,1436173.8461459999,114210,330.31998461358,28.72347692292,0,167.31425307600895,27.287303076773995,4452.138923052598,0.33031998461358,0.02872347692292,0,0.16731425307600895,0.027287303076773996,4.4521389230525985,0.023426949263374467,0.0020371260229021275,0,0.01186625908340489,0.001935269721757021,0.3157545335498297
1310,2019-02-27T09:00:00Z,NA,NA,TRE,82.96,6.78,198,0.37,0.05,0,0.206,0.02,3.84,2019-02-27T09:00:00Z,147,0.315,0.035,0,0.179,0.0195,3.6399999999999997,64170,0.03,4.45625,0.6964557010164113,3.36,5.51,1817092.0719899999,9.84252e-5,0.042280807419125356,0.0023278931034670406,3045137.092686,4230,959.21818419609,106.57979824401001,0,545.0795395907938,59.38017330737699,11084.299017377038,0.95921818419609,0.10657979824401,0,0.5450795395907939,0.05938017330737699,11.084299017377038,0.0680296584536234,0.007558850939291489,0,0.03865812337523361,0.004211359809033829,0.7861204976863148
1312,2019-02-27T13:00:00Z,NA,NA,TRE,89.37,6.79,74.7,0.19,0.04,0,0.114,0.019,3.13,2019-02-27T13:00:00Z,148,0.28,0.045,0,0.16,0.0195,3.485,87912,0.35,2.035,0.5437713894125563,1.27,3.29,2489390.6534639997,0.001148294,0.05792411316550021,0.01982411015459323,1817092.0719899999,49349.99999999999,508.7857801572,81.76914323954999,0,290.73473151839994,35.43329540380499,6332.56587088515,0.5087857801572,0.08176914323955,0,0.29073473151839996,0.03543329540380499,6.3325658708851496,0.03608409788348936,0.005799230016989361,0,0.02061948450485106,0.002512999674028723,0.4491181468712872
1328,2019-02-28T01:00:00Z,NA,NA,TRE,96.17,6.82,34.9,0.07,0.01,0,0.069,0.025,2.34,2019-02-28T01:00:00Z,149,0.13,0.025,0,0.0915,0.022,2.735,62635.8,0.01,0.9077652173913043,0.20830352055184864,0.585,1.27,1773648.3653226001,3.28084e-5,0.041269942299249684,7.949708231260716e-4,2489390.6534639997,1410,323.62078495031994,62.234766336599996,0,227.779244791956,54.76659437620799,6808.483437224038,0.32362078495032,0.062234766336599995,0,0.22777924479195596,0.05476659437620799,6.808483437224039,0.02295182871988085,0.0044138132153617015,0,0.016154556368223827,0.003884155629518297,0.48287116576057015
1336,2019-02-28T20:10:00Z,NA,NA,TRE,84.03,6.92,12.3,0.03,0.01,0,0.048,0.019,1.85,2019-02-28T20:10:00Z,150,0.05,0.01,0,0.0585,0.022,2.0949999999999998,164526,1.03,0.3661014686248331,0.10209706433570258,0.263,0.783,4658857.569522,0.0033792652000000003,0.10840411596445408,0.031172849572502097,1773648.3653226001,145230,88.68241826613001,17.736483653226003,0,103.75842937137212,39.0202640370972,3715.7933253508468,0.08868241826613002,0.017736483653226002,0,0.10375842937137211,0.0390202640370972,3.715793325350847,0.006289533210363831,0.001257906642072766,0,0.007358753856125682,0.002767394612560085,0.26353144151424446
1352,2019-03-06T01:00:00Z,NA,NA,TRE,98.23,6.82,9.76,0.11,0.03,0,0,0.006,1.56,2019-03-06T01:00:00Z,151,0.07,0.02,0,0.024,0.0125,1.705,331013.28,2.72,0.280329674796748,0.17814418388671843,0.0978,0.786,9373252.404728161,0.0089238848,0.21810049469928347,0.04091638954007984,4658857.569522,383520,326.12002986654005,93.17715139044,0,111.812581668528,58.235719619025005,7943.35215603501,0.32612002986654004,0.09317715139044,0,0.111812581668528,0.058235719619025,7.94335215603501,0.023129080132378726,0.006608308609251064,0,0.007929970331101276,0.004130192880781915,0.5633583089386532
1383,2019-03-19T18:00:00Z,NA,NA,TRE,114,7.55,2.83,0.116629071,0.035998767,0,NA,0.013603323,1.84,2019-03-19T18:00:00Z,152,0.11331453550000001,0.0329993835,0,NA,0.0098016615,1.7000000000000002,135257.46,2.91,0.259113908045977,0.12456518363171219,0.0978,0.745,3830064.8004286196,0.009547244400000002,0.08911944239146098,0.10712863707184478,9373252.404728161,410310.00000000006,1062.1257423660297,309.3115507459218,0,NA,91.87344722520643,15934.529088037876,1.0621257423660297,0.3093115507459218,0,NA,0.09187344722520643,15.934529088037877,0.0753280668344702,0.021936989414604386,0,NA,0.006515847320936627,1.1301084459601332
1399,2019-03-25T19:00:00Z,NA,NA,TRE,98,7.6,26.5,0.104701819,0.012234975,0.001,NA,0.021002077,4.42,2019-03-25T19:00:00Z,153,0.110665445,0.024116871,5e-4,NA,0.0173027,3.13,130924.8,0.6784,0.5348235294117647,0.20137720723166921,0.299,0.911,3707377.5301056,0.002225721856,0.08626470710904634,0.025801071267609912,3830064.8004286196,95654.4,423.8558255182694,92.36917871357777,1.9150324002143098,NA,66.27046222237628,11988.102825341579,0.4238558255182694,0.09236917871357778,0.0019150324002143097,NA,0.06627046222237629,11.988102825341578,0.030060696845267333,0.006551005582523247,1.3581790072441914e-4,NA,0.004700032781728814,0.8502200585348637
1408,2019-03-28T15:00:00Z,NA,NA,TRE,94,7.41,14.7,0.051029184,0.004923039,0,NA,0.016562825,2.75,2019-03-28T15:00:00Z,154,0.0778655015,0.008579007,5e-4,NA,0.018782451,3.585,4431,0.106,0.3077083333333333,0.008264534846673716,0.299,0.331,125471.94905699999,3.4776904e-4,0.0029195302738685438,0.11911814825581042,3707377.5301056,14946,288.67681063150394,31.805617782418654,1.8536887650528002,NA,69.63363679770944,13290.948445428576,0.2886768106315039,0.03180561778241865,0.0018536887650528002,NA,0.06963363679770945,13.290948445428576,0.020473532668900986,0.002255717573221181,1.3146728830161703e-4,NA,0.004938555801255989,0.942620457122594
1416,2019-03-28T19:00:00Z,NA,NA,TRE,117,7.61,11,0.08681094,0.004923039,0,NA,0.023961578,2.47,2019-03-28T19:00:00Z,155,0.068920062,0.004923039,0,NA,0.0202622015,2.6100000000000003,9249.6,0.2226,0.32116666666666666,0.0062239528157339305,0.306,0.329,261919.5080112,7.30314984e-4,0.006094445321862894,0.11983288805301218,125471.94905699999,31386.599999999995,8.647534508269281,0.6177032986136242,0,NA,2.542337914390669,327.48178703877005,0.008647534508269283,6.177032986136241e-4,0,NA,0.0025423379143906686,0.32748178703877,6.133003197354101e-4,4.380874458252653e-5,0,NA,1.8030765350288431e-4,0.023225658655231917
1427,2019-03-29T03:00:00Z,NA,NA,TRE,114,7.59,9.41,0.033138305,0.025030863,0,NA,0.013603323,2.4,2019-03-29T03:00:00Z,156,0.059974622500000005,0.014976951,0,NA,0.0187824505,2.435,23334.600000000002,0.053,0.32409166666666667,0.005915363607644445,0.309,0.331,660762.2980062,1.7388452e-4,0.015374875000815375,0.011309654224231311,261919.5080112,7473,15.708523618357447,3.92275563742785,0,NA,4.919490194204717,637.774002007272,0.015708523618357447,0.00392275563742785,0,NA,0.004919490194204717,0.637774002007272,0.0011140796892452091,2.7820961967573403e-4,0,NA,3.489000137733842e-4,0.04523219872392
1434,2019-03-29T23:00:00Z,NA,NA,TRE,116,7.6,7.14,0.068920062,0.032342799,0.001,NA,0.016562825,2.38,2019-03-29T23:00:00Z,157,0.051029183500000005,0.028686831,5e-4,NA,0.015083074,2.3899999999999997,71979.6,0.0424,0.21851730418943532,0.045370958540135835,0.159,0.311,2038235.3203212002,1.39107616e-4,0.04742645481853944,0.0029331228010241565,660762.2980062,5978.4,33.71816055484007,18.9551763740755,0.3303811490031,NA,9.966326637237568,1579.221892234818,0.03371816055484007,0.018955176374075497,3.303811490031e-4,NA,0.009966326637237568,1.5792218922348178,0.0023913589045985863,0.0013443387499344325,2.3431287163340426e-5,NA,7.068316763998275e-4,0.11200155264076722
1440,2019-04-02T18:20:00Z,NA,NA,TRE,122,7.62,4.7,0.009283801,0.010406991,0,NA,0.021002077,1.750240489,2019-04-02T18:20:00Z,157,0.0391019315,0.021374894999999998,5e-4,NA,0.018782451,2.0651202445,71979.6,0.0424,0.21851730418943532,0.045370958540135835,0.159,0.311,2038235.3203212002,1.39107616e-4,0.04742645481853944,0.0029331228010241565,2038235.3203212002,5978.4,79.69893787608012,43.56706595715701,1.0191176601606002,NA,38.283055030402245,4209.201023050253,0.07969893787608012,0.043567065957157015,0.0010191176601606002,NA,0.03828305503040225,4.2092010230502535,0.005652406941565966,0.003089862833840923,7.227784823834043e-5,NA,0.002715110285844131,0.29852489525179104
