sample,datetime,SUBWS,ec,ph,turb,tn,nh4n,no3n,tp,po4,doc,don,time_round,date_group,sample_cfs,vol_ft3,time_secs,time_days,rain_mm,mean_Q_cfs,sd_Q_cfs,vol_L,vol_m3,rain_ft,rain_m,mean_Q_Ls,mean_Q_cms,runoff_ft,runoff_m,runoff_ratio,avg_L_per_day,rain_L,ec_grams,ph_grams,turb_grams,tn_grams,nh4n_grams,no3n_grams,tp_grams,po4_grams,doc_grams,don_grams,ec_kg,ph_kg,turb_kg,tn_kg,nh4n_kg,no3n_kg,tp_kg,po4_kg,doc_kg,don_kg,ec_ha,ph_ha,turb_ha,tn_ha,nh4n_ha,no3n_ha,tp_ha,po4_ha,doc_ha,don_ha
806,2018-05-11T21:40:00Z,SFC,168,7.77,1.32,0.26,0.01,0,0.02,0.02,1.48,0.25,2018-05-11T21:40:00Z,34,0.51,754011.6,1631400,18.881944444444446,10.16,0.4621868333946304,0.03276784736124788,21351231.1134252,21351.231113425198,0.033333334400000005,0.01016,13.08767384665024,0.01308767384665024,0.016521235289096135,0.05420352958587816,0.4956370428124986,1130775.0203505806,43078400,3587006.8270554333,165899.06575131378,28183.625069721264,5551.320089490551,213.512311134252,0,427.024622268504,427.024622268504,31599.822047869297,5337.807778356299,3587.0068270554334,165.89906575131377,28.183625069721263,5.5513200894905514,0.213512311134252,0,0.427024622268504,0.427024622268504,31.599822047869296,5.3378077783563,8.459921761923193,0.3912713814889476,0.06647081384368222,0.013092736060119224,5.035667715430472e-4,0,0.0010071335430860944,0.0010071335430860944,0.07452788218837098,0.01258916928857618
821,2018-05-30T18:50:00Z,SFC,168,7.3,1.1,1.4,1.4,0,0.57,0.57,3.93,0,2018-05-30T18:50:00Z,35,0.414,623061.6,1918200,22.20138888888889,5.588,0.32481576477948076,0.03127938661064417,17643139.9987752,17643.1399987752,0.01833333392,0.005588,9.197758314448546,0.009197758314448546,0.013651974708612838,0.04478994470300534,0.7446531420954361,794686.3183683542,23693120,2964047.519794233,128794.92199105895,19407.45399865272,24700.39599828528,24700.39599828528,0,10056.589799301863,10056.589799301863,69337.54019518654,0,2964.0475197942333,128.79492199105894,19.40745399865272,24.700395998285277,24.700395998285277,0,10.056589799301863,10.056589799301863,69.33754019518653,0,6.990678112722248,0.30376160846947864,0.04577229716663377,0.05825565093935207,0.05825565093935207,0,0.023718372168164772,0.023718372168164772,0.16353193442260974,0
849,2018-06-21T23:35:00Z,SFC,161,7.28,0.77,0.28,0.01,0,0.03,0,2.05,0.27,2018-06-21T23:40:00Z,36,0.296,221928,927600,10.736111111111112,0,0.2392496765847348,0.024400695316612802,6284301.221016,6284.3012210160005,0,0,6.774796486649418,0.006774796486649418,0.004862690050442894,0.015953708025095065,Inf,585342.4164465097,0,1011772.496583576,45749.71288899648,4838.91194018232,1759.6043418844802,62.84301221016,0,188.52903663048,0,12882.817503082799,1696.76132967432,1011.772496583576,45.749712888996484,4.83891194018232,1.75960434188448,0.06284301221016,0,0.18852903663047998,0,12.8828175030828,1.69676132967432,2.386255888168811,0.10790026624763321,0.011412528160807359,0.0041500102402935845,1.4821465143905662e-4,0,4.4464395431716977e-4,0,0.030384003545006602,0.004001795588854528
852,2018-07-02T17:15:00Z,SFC,160,7.17,3.01,0.27,0.01,0,0.03,0,2.2,0.26,2018-07-02T17:20:00Z,37,0.2,284904.6,1555200,18,0,0.18319483024691358,0.012554145343779471,8067599.967796199,8067.599967796199,0,0,5.187499979292824,0.005187499979292824,0.006242577609609478,0.02048089832471116,Inf,448199.99821089994,0,1290815.9948473917,57844.69176909875,24283.475903066555,2178.251991304974,80.675999677962,0,242.02799903388595,0,17748.71992915164,2097.5759916270117,1290.815994847392,57.844691769098745,24.283475903066556,2.178251991304974,0.080675999677962,0,0.24202799903388594,0,17.74871992915164,2.097575991627012,3.0443773463381887,0.13642615983278006,0.05727234882798716,0.005137386771945694,1.9027358414613682e-4,0,5.708207524384103e-4,0,0.04186018851215009,0.004947113187799557
875,2018-07-20T17:20:00Z,SFC,156,7.34,1.61,0.12,0.01,0.07,0.03,0,1.9,0.04,2018-07-20T17:20:00Z,38,0.152,152139,1050600,12.159722222222223,0,0.14481153626499144,0.010643785764941427,4308096.785732999,4308.096785733,0,0,4.100606116250714,0.004100606116250714,0.003333535207744545,0.010936795650976612,Inf,354292.3684440616,0,672063.098574348,31621.430407280215,6936.03582503013,516.9716142879599,43.080967857329995,301.56677500130996,129.24290357198998,0,8185.383892892699,172.32387142931998,672.0630985743479,31.621430407280215,6.936035825030129,0.5169716142879599,0.043080967857329996,0.30156677500130996,0.12924290357198998,0,8.185383892892698,0.17232387142931999,1.5850544777696884,0.07457884530018918,0.016358575059033324,0.0012192726752074526,1.0160605626728773e-4,7.112423938710141e-4,3.0481816880186316e-4,0,0.019305150690784666,4.0642422506915094e-4
880,2018-08-01T21:10:00Z,SFC,158,7.14,2.28,0.13,0.01,0,0.04,0,1.61,0.12,2018-08-01T21:10:00Z,39,0.144,252499.74,2244000,25.97222222222222,0.254,0.11252216577540107,0.011061491581316488,7149996.505119779,7149.99650511978,8.333333600000001e-4,2.54e-4,3.1862729523706683,0.0031862729523706684,0.005532550977963202,0.01815141455054079,6.6390609611058915,275293.98308482574,1076960,1129699.447808925,51050.97504655522,16301.992031673095,929.4995456655713,71.49996505119779,0,285.99986020479116,0,11511.494373242846,857.9995806143735,1129.6994478089252,51.05097504655522,16.301992031673095,0.9294995456655714,0.0714999650511978,0,0.2859998602047912,0,11.511494373242845,0.8579995806143734,2.66438549011539,0.12040324303432835,0.038448094414323335,0.002192215909588612,1.6863199304527782e-4,0,6.745279721811113e-4,0,0.02714975088028973,0.0020235839165433337
892,2018-08-27T20:30:00Z,SFC,154,7.22,0.82,0.03,0.01,0,0.03,0,0.58,0.02,2018-08-27T20:30:00Z,40,0.103,165605.1,1878600,21.743055555555557,0,0.08815346534653465,0.011636866472990934,4689414.2791197,4689.4142791197,0,0,2.4962281907376234,0.0024962281907376233,0.0036285924807712435,0.011904831354613527,Inf,215674.1156797307,0,722169.7989844339,33857.57109524424,3845.319708878154,140.68242837359102,46.894142791197005,0,140.68242837359102,0,2719.860281889426,93.78828558239401,722.1697989844339,33.85757109524424,3.845319708878154,0.14068242837359102,0.046894142791197004,0,0.14068242837359102,0,2.719860281889426,0.09378828558239401,1.7032306579821554,0.07985276201708547,0.0090691502567881,3.317981801263939e-4,1.1059939337546462e-4,0,3.317981801263939e-4,0,0.0064147648157769485,2.2119878675092925e-4
906,2018-09-18T14:20:00Z,SFC,65,9.38,1.79,0.09,0.01,0.09,0.04,0,0.85,0,2018-09-18T14:20:00Z,41,0.0672,82809.66,1233600,14.277777777777779,21.082,0.06712845330739299,0.03698354290072531,2344908.47234202,2344.90847234202,0.06916666888,0.021082,1.9008661416520913,0.0019008661416520913,0.0018144520284171393,0.005952926792912087,0.02623304053524833,164234.8346387407,89387680,152419.0507022313,21995.24147056815,4197.386165492216,211.04176251078178,23.4490847234202,211.04176251078178,93.7963388936808,0,1993.1722014907168,0,152.4190507022313,21.99524147056815,4.197386165492216,0.2110417625107818,0.0234490847234202,0.2110417625107818,0.0937963388936808,0,1.9931722014907167,0,0.35947889316563986,0.05187556950605696,0.009899495673330698,4.977400059216552e-4,5.5304445102406136e-5,4.977400059216552e-4,2.2121778040962454e-4,0,0.00470087783370452,0
924,2018-10-02T21:00:00Z,SFC,166,7.15,0.96,0.16,0.01,0,0.13,0.01,2.59,0.15,2018-10-02T21:00:00Z,42,0.183,113123.46,1209600,14.000000000000002,6.858,0.09352137896825397,0.023084895092301477,3203299.70893062,3203.29970893062,0.02250000072,0.0068579999999999995,2.6482305794730654,0.0026482305794730656,0.0024786612027940355,0.008132090820574783,0.11016271659897242,228807.12206647283,29077920,531747.7516824829,22903.592918853934,3075.167720573395,512.5279534288992,32.0329970893062,0,416.42896216098063,32.0329970893062,8296.546246130305,480.494956339593,531.7477516824829,22.903592918853935,3.075167720573395,0.5125279534288992,0.0320329970893062,0,0.41642896216098063,0.0320329970893062,8.296546246130305,0.480494956339593,1.2541220558549124,0.054017907827485695,0.007252754057956121,0.001208792342992687,7.554952143704294e-5,0,9.82143778681558e-4,7.554952143704294e-5,0.019567326052194117,0.0011332428215556438
925,2018-10-16T21:00:00Z,SFC,188,7.32,0.82,0.1,0.01,0,0.04,0,1.85,0.09,2018-10-16T21:00:00Z,43,0.0681,54739.32,770400,8.916666666666668,0,0.0710531152647975,0.0044625712452806415,1550044.94932404,1550.04494932404,0,0,2.012000193826635,0.002012000193826635,0.0011993995653185254,0.003935038069879631,Inf,173836.81674662128,0,291408.4504729195,11346.329029051973,1271.0368584457126,155.004494932404,15.5004494932404,0,62.0017979729616,0,2867.583156249474,139.5040454391636,291.4084504729195,11.346329029051972,1.2710368584457126,0.15500449493240398,0.0155004494932404,0,0.0620017979729616,0,2.8675831562494745,0.1395040454391636,0.6872840813040555,0.02676020997417918,0.002997728439730454,3.655766389915188e-4,3.6557663899151883e-5,0,1.4623065559660753e-4,0,0.0067631678213431,3.2901897509236697e-4
931,2018-10-25T19:00:00Z,SFC,191,7.37,0.42,0.17,0.01,0.09,0.04,0,2.1,0.07,2018-10-25T19:00:00Z,44,0.0727,106360.68000000001,1741800,20.15972222222222,2.286,0.061063658284533244,0.0073183241960339375,3011799.10237596,3011.79910237596,0.0075000002400000005,0.0022860000000000003,1.7291302689034103,0.0017291302689034103,0.002330481148815564,0.007645935772280055,0.3107308098986893,149396.85523325464,9692640,575253.6285538083,22196.959384510825,1264.955622997903,512.0058474039132,30.1179910237596,271.06191921383635,120.4719640950384,0,6324.778114989516,210.82593716631723,575.2536285538083,22.196959384510826,1.264955622997903,0.5120058474039132,0.030117991023759602,0.2710619192138364,0.12047196409503841,0,6.324778114989516,0.21082593716631723,1.356730256023133,0.05235131930309157,0.0029833859032969414,0.0012075609608582858,7.103299769754624e-5,6.39296979277916e-4,2.8413199079018494e-4,0,0.014916929516484708,4.972309838828236e-4
943,2018-11-14T22:50:00Z,SFC,151,7.34,0.81,0.09,0.01,0.01,0.04,0.01,1.18,0.07,2018-11-14T22:50:00Z,45,0.0547,238949.1,1108800,12.833333333333334,86.36,0.21550243506493508,0.3454651029359271,6766285.1054877,6766.2851054877,0.2833333424,0.08636,6.102349481861202,0.006102349481861202,0.005235641339228417,0.01717730153139416,0.018478733547133763,527242.9952328077,366166399.99999994,1021709.0509286426,49664.53267427971,5480.690935445036,608.9656594938929,67.662851054877,67.662851054877,270.651404219508,67.662851054877,7984.216424475486,473.639957384139,1021.7090509286427,49.66453267427971,5.480690935445037,0.6089656594938929,0.067662851054877,0.067662851054877,0.270651404219508,0.067662851054877,7.984216424475486,0.473639957384139,2.409691157850572,0.11713333177896158,0.012926157866615653,0.0014362397629572945,1.5958219588414388e-4,1.5958219588414388e-4,6.383287835365755e-4,1.5958219588414388e-4,0.018830699114328976,0.001117075371189007
957,2018-11-27T18:50:00Z,SFC,187,7.33,0.85,0.14,0.01,0,0.08,0.01,3.76,0.13,2018-11-27T18:50:00Z,46,0.747,1187939.4,616800,7.138888888888889,74.422,1.9259717898832684,1.4723983879491829,33638698.23507179,33638.698235071795,0.24416667448,0.074422,54.53744850044066,0.05453744850044066,0.026029077452638244,0.08539723846971366,0.1066037267701343,4712035.550438072,315549280,6290436.569958425,246571.65806307626,28592.893499811024,4709.417752910052,336.3869823507179,0,2691.0958588057433,336.3869823507179,126481.50536386993,4373.030770559333,6290.436569958426,246.57165806307626,28.592893499811023,4.709417752910052,0.33638698235071796,0,2.6910958588057436,0.33638698235071796,126.48150536386993,4.373030770559334,14.835935306505721,0.5815369293940478,0.067436069575026,0.01110711734176899,7.933655244120706e-4,0,0.006346924195296565,7.933655244120706e-4,0.29830543717893854,0.01031375181735692
970,2018-12-04T22:05:00Z,SFC,191,7.26,3.19,0.38,0.02,0.02,0.04,0,2.27,0.34,2018-12-04T22:10:00Z,47,0.559,690991.8,1102800,12.76388888888889,58.42,0.6265794341675734,1.3772107279456336,19566709.0788546,19566.7090788546,0.19166667280000002,0.05842,17.74275397066975,0.01774275397066975,0.015140401169738051,0.04967323377372339,0.07899339487954032,1532973.9430658664,247700800.00000003,3737241.4340612288,142054.3079124844,62417.801961546174,7435.349449964749,391.334181577092,391.334181577092,782.668363154184,0,44416.42960899995,6652.681086810566,3737.2414340612286,142.0543079124844,62.417801961546175,7.435349449964749,0.39133418157709204,0.39133418157709204,0.7826683631541841,0,44.41642960899995,6.652681086810565,8.814248665238747,0.33503374507661415,0.14721179707911833,0.017536201532935728,9.229579754176699e-4,9.229579754176699e-4,0.0018459159508353398,0,0.10475573020990554,0.01569028558210039
988,2018-12-17T16:30:00Z,SFC,155,7.05,6.69,0.3,0.01,0.01,0.03,0,5.41,0.28,2018-12-17T16:30:00Z,48,4.83,1379958,262800,3.041666666666667,29.464,5.250981735159817,2.7454251849012183,39076059.552425995,39076.059552426,0.09666666976,0.029464,148.69124639431504,0.14869124639431505,0.03023641918383023,0.09920085351507757,0.3127905332717053,12846923.68846882,124927359.99999999,6056789.230626029,275486.2198446032,261418.8384057299,11722.817865727799,390.76059552425994,390.76059552425994,1172.2817865727798,0,211401.48217862463,10941.296674679279,6056.789230626029,275.4862198446032,261.4188384057299,11.7228178657278,0.39076059552425996,0.39076059552425996,1.1722817865727797,0,211.40148217862463,10.941296674679279,14.284880260910446,0.6497316505768944,0.6165538641644573,0.02764815534369764,9.216051781232546e-4,9.216051781232546e-4,0.0027648155343697636,0,0.49858840136468074,0.02580494498745113
1004,2018-12-20T17:30:00Z,SFC,173,7.31,2.2,0.06,0.02,0,0,0,1.7,0.04,2018-12-20T17:30:00Z,49,3.05,3053136,609000,7.048611111111112,47.752,5.01335960591133,4.569074054523926,86455184.982192,86455.18498219199,0.15666667168,0.047752,141.96253691657142,0.14196253691657143,0.06689761566746429,0.21948037338644352,0.4270060437877063,12265563.18959177,202468480,14956747.001919214,631987.4022198234,190201.4069608224,5187.311098931519,1729.10369964384,0,0,0,146973.81446972638,3458.20739928768,14956.747001919215,631.9874022198235,190.2014069608224,5.187311098931519,1.7291036996438398,0,0,0,146.9738144697264,3.4582073992876796,35.27534670263966,1.4905363259901496,0.4485882239642038,0.012234224289932828,0.004078074763310943,0,0,0,0.3466363548814302,0.008156149526621886
1017,2018-12-27T18:40:00Z,SFC,148,6.95,6.79,0.14,0.03,0,0,0,3.07,0.11,2018-12-27T18:40:00Z,50,2.33,1382914.8,958200,11.090277777777779,48.006,1.4432423293675642,2.2369901437018296,39159786.8056356,39159.7868056356,0.15750000504,0.048006,40.868072224624925,0.04086807222462493,0.03030120597027065,0.09941340859550275,0.19238860317861645,3531001.440207593,203545440,5795648.447234069,272160.51829916745,265894.95241026575,5482.370152788984,1174.793604169068,0,0,0,120220.54549330128,4307.576548619916,5795.648447234069,272.16051829916745,265.8949524102657,5.4823701527889845,1.1747936041690679,0,0,0,120.22054549330129,4.307576548619916,13.668982186872805,0.641888014856527,0.6271107368166644,0.01293011828487968,0.0027707396324742166,0,0,0,0.2835390223898615,0.010159378652405461
1036,2019-01-07T20:45:00Z,SFC,130,6.83,16.5,0.05,0.01,0.02,0.04,0,4.55,0.02,2019-01-07T20:50:00Z,51,7.75,1141686,178800,2.0694444444444446,19.304,6.385268456375839,2.6736915227200293,32328947.784042,32328.947784042,0.06333333535999999,0.019303999999999998,180.8106699331208,0.1808106699331208,0.025015613860936637,0.08207222657951535,0.3949833641121635,15622041.882221637,81848960,4202763.21192546,220806.71336500687,533427.638436693,1616.4473892021,323.28947784042003,646.5789556808401,1293.1579113616801,0,147096.7124173911,646.5789556808401,4202.7632119254595,220.80671336500686,533.427638436693,1.6164473892021003,0.32328947784042006,0.6465789556808401,1.2931579113616802,0,147.0967124173911,0.6465789556808401,9.91217738661665,0.5207705503891671,1.2580840529167288,0.0038123759179294818,7.624751835858964e-4,0.0015249503671717927,0.0030499007343435854,0,0.3469262085315828,0.0015249503671717927
1066,2019-01-09T22:30:00Z,SFC,142,6.96,11.1,0.16,0.01,0,0.13,0,4.28,0.15,2019-01-09T22:30:00Z,52,5.77,1652514,598200,6.923611111111112,69.85,2.762477432296891,1.441437110844697,46793986.103358,46793.986103358,0.229166674,0.06985,78.22465079130392,0.07822465079130392,0.0362084251920334,0.11879404970703085,0.15800039578195127,6758609.828368657,296164000,6644746.026676836,325686.14327937167,519413.2457472738,7487.0377765372805,467.93986103358003,0,6083.218193436541,0,200278.26052237223,7019.0979155037,6644.746026676836,325.68614327937166,519.4132457472738,7.487037776537281,0.46793986103358004,0,6.083218193436541,0,200.27826052237225,7.0190979155037,15.671570817634047,0.7681276964136124,1.2250312399699854,0.017658107963531323,0.0011036317477207077,0,0.0143472127203692,0,0.47235438802446283,0.016554476215810614
1087,2019-01-16T20:40:00Z,SFC,149,7.17,8.52,NA,0.06,0.02,NA,0,4.81,NA,2019-01-16T20:40:00Z,53,8.92,3978036,174600,2.0208333333333335,22.606,22.783711340206185,17.74764870213289,112645436.77249199,112645.43677249199,0.07416666904000001,0.022606,645.1628681127835,0.6451628681127834,0.08716320643408514,0.28596853419720386,1.1752342064475858,55742071.804944485,95849440,16784170.079101305,807667.7816587676,959739.1213016317,NA,6758.726206349519,2252.9087354498397,NA,0,541824.5508756865,NA,16784.170079101306,807.6677816587676,959.7391213016317,NA,6.758726206349519,2.25290873544984,NA,0,541.8245508756864,NA,39.58530679033327,1.9048768435348291,2.2635356634472448,NA,0.015940391996107355,0.005313463998702452,NA,0,1.2778880916879398,NA
1131,2019-01-18T21:10:00Z,SFC,124,6.69,13.2,NA,0.02,0,NA,0,3.29,NA,2019-01-18T21:10:00Z,54,9,5519742,348600,4.034722222222222,39.37,15.834027538726334,7.6861517405363955,156301689.693474,156301.689693474,0.1291666708,0.039369999999999995,448.36973520790013,0.44836973520790013,0.12094370473492196,0.3967969442425213,0.9363383292752789,38739145.12196257,166928800,19381409.521990776,1045658.3040493411,2063182.3039538567,NA,3126.03379386948,0,NA,0,514232.5590915294,NA,19381.409521990776,1045.658304049341,2063.1823039538567,NA,3.12603379386948,0,NA,0,514.2325590915294,NA,45.71087151412919,2.466175245399389,4.8659959998911715,NA,0.007372721211956321,0,NA,0,1.2128126393668146,NA
1147,2019-01-22T22:00:00Z,SFC,122,6.61,12.1,NA,0.01,0,NA,0,2.84,NA,2019-01-22T22:00:00Z,55,7.35,2073390,860400,9.958333333333334,8.636,2.409797768479777,2.432781079428989,58711867.40133,58711.867401330004,0.028333334239999997,0.008636,68.23787471098326,0.06823787471098326,0.04543028785771868,0.14904950561511776,1.6034218730805714,5895752.375028954,36616640,7162847.82296226,388085.4435227913,710413.595556093,NA,587.1186740132999,0,NA,0,166741.7034197772,NA,7162.847822962261,388.0854435227913,710.413595556093,NA,0.5871186740133,0,NA,0,166.7417034197772,NA,16.893509016420428,0.9152958573650738,1.6755037631039928,NA,0.0013847138538049528,0,NA,0,0.3932587344806066,NA
1166,2019-02-01T21:00:00Z,SFC,171,6.99,2.76,0.01,0.01,0,0,0,2.2,0,2019-02-01T21:00:00Z,56,0.84,1134139.2,349800,4.048611111111112,44.45,3.2422504288164666,2.6325643827405,32115246.2031024,32115.2462031024,0.145833338,0.04445,91.81030932848027,0.09181030932848028,0.024850255054149378,0.08152971079185545,0.1704017434898828,7932410.725980694,188468000,5491707.1007305095,224485.57095968578,88638.07952056262,321.15246203102396,321.15246203102396,0,0,0,70653.54164682528,0,5491.707100730509,224.48557095968576,88.63807952056261,0.321152462031024,0.321152462031024,0,0,0,70.65354164682529,0,12.952139388515352,0.5294471013200136,0.20905207434094955,7.574350519599623e-4,7.574350519599623e-4,0,0,0,0.1666357114311917,0
1199,2019-02-05T22:10:00Z,SFC,115.6,7.15,18.2,0.16,0.01,0,0,0,3.57,0.15,2019-02-05T22:10:00Z,57,6.26,3843720,686400,7.944444444444445,103.886,5.599825174825175,6.591171111974501,108842031.15084,108842.03115084,0.34083334424,0.10388599999999999,158.56939270227272,0.15856939270227272,0.08422019303868084,0.2763129781290256,0.24710080296420953,13700395.529476363,440476640,12582138.801037103,778220.5227285061,1980924.966945288,17414.7249841344,1088.4203115084,0,0,0,388566.0512084988,16326.304672626,12582.138801037103,778.2205227285061,1980.924966945288,17.4147249841344,1.0884203115084,0,0,0,388.5660512084988,16.326304672626,29.674855662823354,1.8354257611521372,4.671992846569076,0.04107246458522264,0.002567029036576415,0,0,0,0.9164293660577801,0.03850543554864623
1226,2019-02-13T20:52:00Z,SFC,115,6.79,42.7,0.3,0.02,0.01,0.02,0.01,5.02,0.27,2019-02-13T20:50:00Z,58,30,4275906,81600,0.9444444444444445,29.971999999999998,52.40080882352941,38.15218694872665,121080175.988382,121080.175988382,0.09833333647999999,0.029972,1483.8256861321322,1.4838256861321322,0.09368987042116846,0.3073814744725863,0.9527783127772139,128202539.28181621,127081280,13924220.238663929,822134.3949611138,5170123.514703912,36324.0527965146,2421.60351976764,1210.80175988382,2421.60351976764,1210.80175988382,607822.4834616776,32691.64751686314,13924.22023866393,822.1343949611138,5170.1235147039115,36.3240527965146,2.42160351976764,1.21080175988382,2.42160351976764,1.21080175988382,607.8224834616775,32.69164751686314,32.84014207232059,1.9389962145309287,12.193687534679036,0.08566993584083632,0.005711329056055755,0.0028556645280278774,0.005711329056055755,0.0028556645280278774,1.433543593069994,0.0771029422567527
1252,2019-02-14T19:30:00Z,SFC,95,7.3,70.4,0.3,0.04,0,0.25,0.01,4.81,0.26,2019-02-14T19:30:00Z,59,59.4,3704400,90000,1.0416666666666667,15.748,41.16,22.966053150583715,104896928.02679999,104896.9280268,0.05166666832,0.015747999999999998,1165.5214225199998,1.1655214225199997,0.08116753642109448,0.2662977001917836,1.5709845256206465,100701050.90572798,66771520,9965208.162546,765747.57459564,7384743.73308672,31469.078408039994,4195.877121072,0,26224.232006699996,1048.969280268,504554.2238089079,27273.201286968,9965.208162546,765.7475745956399,7384.743733086721,31.469078408039994,4.195877121072,0,26.2242320067,1.048969280268,504.5542238089079,27.273201286968,23.50284943996698,1.806008430650094,17.41684842709132,0.07421952454726413,0.009895936606301886,0,0.06184960378938679,0.0024739841515754716,1.1899863769078016,0.06432358794096227
1267,2019-02-15T20:30:00Z,SFC,106.1,6.84,31.3,0.18,0.02,0,0.05,0,3.65,0.16,2019-02-15T20:30:00Z,60,21.6,10660308,942000,10.902777777777779,140.716,11.316675159235668,14.863314663344799,301866310.608876,301866.310608876,0.46166668144000006,0.140716,320.45255903277706,0.3204525590327771,0.2335792403223423,0.7663361148191535,0.5059477967822531,27687101.100431938,596635840,32028015.555601742,2064765.5645647119,9448415.52205782,54335.935909597676,6037.32621217752,0,15093.3155304438,0,1101812.0337223974,48298.60969742016,32028.01555560174,2064.765564564712,9448.41552205782,54.33593590959767,6.037326212177519,0,15.093315530443801,0,1101.8120337223972,48.298609697420154,75.53777253679657,4.869730105105453,22.283998872777875,0.12815079223961715,0.014238976915513017,0,0.03559744228878255,0,2.5986132870811254,0.11391181532410413
1300,2019-02-26T18:12:00Z,SFC,66.61,6.93,44.3,0.24,0.02,0,0.03,0.02,4.02,0.22,2019-02-26T18:10:00Z,61,42.2,8754060,92400,1.0694444444444444,46.99,94.74090909090908,37.88913585926203,247887377.64881998,247887.37764882,0.15416667160000003,0.046990000000000004,2682.7638273681814,2.6827638273681815,0.19181122013887442,0.6293019234804247,1.244180847573506,231790794.6846109,199237600,16511778.2251879,1717859.5271063226,10981410.829842724,59492.970635716796,4957.7475529764,0,7436.6213294645995,4957.7475529764,996507.2581482562,54535.2230827404,16511.7782251879,1717.8595271063225,10981.410829842724,59.492970635716794,4.957747552976399,0,7.436621329464599,4.957747552976399,996.5072581482561,54.535223082740394,38.94287317261297,4.051555488458308,25.899553843968686,0.1403136099898981,0.011692800832491508,0,0.017539201248737264,0.011692800832491508,2.3502529673307926,0.1286208091574066
1325,2019-02-27T19:50:00Z,SFC,93.13,6.77,66.4,0.24,0.01,0.03,0.2,0.02,4.15,0.2,2019-02-27T19:50:00Z,62,51.6,4755840,96000,1.1111111111111112,0.254,49.54,42.771590524258535,134670393.63648,134670.39363648,8.333333600000001e-4,2.54e-4,1402.81660038,1.40281660038,0.1042057597486497,0.3418824248137599,125.04690769687859,121203354.27283199,1076960,12541853.759365382,911718.5649189695,8942114.137462273,32320.8944727552,1346.7039363648,4040.1118090944,26934.078727296,2693.4078727296,558882.1335913921,26934.078727296,12541.853759365382,911.7185649189695,8942.114137462273,32.3208944727552,1.3467039363648,4.0401118090944,26.934078727296,2.6934078727296,558.8821335913921,26.934078727296,29.579843772088164,2.1502796342428527,21.089891833637438,0.07622852469989434,0.003176188529162264,0.009528565587486793,0.06352377058324528,0.006352377058324528,1.3181182396023399,0.06352377058324528
1344,2019-02-28T22:30:00Z,SFC,103.1,6.88,23,0.19,0.02,0,0.06,0.02,2.98,0.17,2019-02-28T22:30:00Z,63,16.4,4443774,413400,4.784722222222222,25.146,10.74933236574746,6.171240062911322,125833668.460578,125833.668460578,0.08250000264,0.025146,304.38719995301886,0.3043871999530189,0.09736804556530415,0.31944897861247246,1.1802186963579004,26299054.07594083,106619040,12973451.21828559,865735.6390087765,2894174.3745932938,23908.39700750982,2516.67336921156,0,7550.020107634679,2516.67336921156,374984.3320125224,21391.723638298263,12973.45121828559,865.7356390087765,2894.1743745932936,23.90839700750982,2.51667336921156,0,7.55002010763468,2.51667336921156,374.9843320125224,21.391723638298263,30.597762307277335,2.04182933728485,6.825882958946447,0.05638772879129674,0.005935550399083868,0,0.017806651197251604,0.005935550399083868,0.8843970094634962,0.05045217839221289
1358,2019-03-05T17:20:00Z,SFC,131.8,7.02,9.42,0.16,0.02,0,0.01,0.01,2.43,0.14,2019-03-05T17:20:00Z,64,6.06,8216856,1219800,14.118055555555557,70.104,6.7362321692080664,4.308931665236434,232675454.173032,232675.454173032,0.23000000736,0.070104,190.74885569194294,0.19074885569194294,0.1800404812241898,0.5906840124195709,0.7827846759256286,16480701.131783867,297240960,30666624.86000562,1633381.6882946845,2191802.7783099613,37228.07266768512,4653.50908346064,0,2326.75454173032,2326.75454173032,565401.3536404677,32574.56358422448,30666.62486000562,1633.3816882946844,2191.8027783099615,37.22807266768512,4.65350908346064,0,2.32675454173032,2.32675454173032,565.4013536404677,32.57456358422448,72.32694542454156,3.8523153025818027,5.169346175259343,0.08780205817850265,0.01097525727231283,0,0.005487628636156415,0.005487628636156415,1.3334937585860087,0.0768268009061898
1389,2019-03-19T20:10:00Z,SFC,123,7.42,4.51,0.03,0.01,0,NA,0.02,2.92,0.02,2019-03-19T20:10:00Z,65,1.91,3069138,523200,6.055555555555556,73.914,5.866089449541285,4.036081349265753,86908311.167886,86908.311167886,0.24250000776000002,0.07391400000000001,166.1091574309748,0.1661091574309748,0.06724823733839895,0.2206307069893128,0.27731231004723883,14351831.202036219,313395360,10689722.27364998,644859.6688657142,391956.48336716584,2607.24933503658,869.0831116788601,0,NA,1738.1662233577201,253772.26861022713,1738.1662233577201,10689.722273649979,644.8596688657142,391.95648336716584,2.60724933503658,0.86908311167886,0,NA,1.73816622335772,253.77226861022714,1.73816622335772,25.21160913596693,1.5208954454380053,0.9244256683187874,0.0061491729599919345,0.0020497243199973114,0,NA,0.004099448639994623,0.598519501439215,0.004099448639994623
1405,2019-03-25T21:30:00Z,SFC,106,7.44,39.8,0.26,0.01,0,NA,0.02,7.55,0.25,2019-03-25T21:30:00Z,66,23.9,3110514,261600,3.027777777777778,25.84704,11.890344036697247,5.248043630757292,88079949.029358,88079.949029358,0.0848000027136,0.02584704,336.6970528645183,0.3366970528645183,0.06815483165514638,0.22360509788747046,0.8037126117239604,29090625.367494382,109591449.6,9336474.597111948,655314.8207784236,3505581.9713684483,22900.78674763308,880.79949029358,0,NA,1761.59898058716,665003.6151716529,22019.9872573395,9336.474597111948,655.3148207784235,3505.581971368448,22.90078674763308,0.88079949029358,0,NA,1.76159898058716,665.0036151716529,22.0199872573395,22.0199872573395,1.5455538225906214,8.267882007944454,0.054011289499134627,0.0020773572884282545,0,NA,0.004154714576856509,1.5684047527633322,0.05193393221070637
1424,2019-03-28T22:05:00Z,SFC,122,7.52,15.3,0.06,0.01,0,NA,0.02,3.59,0.06,2019-03-28T22:10:00Z,67,8.11,2451720,429000,4.965277777777778,3.76936,5.714965034965035,1.720748352820283,69424980.12684,69424.98012683999,0.0123666670624,0.00376936,161.82979050545453,0.16182979050545454,0.05371992020147008,0.1762464629937911,4.343928718256013,13982093.899671271,15982086.4,8469847.57547448,522075.8505538368,1062202.195940652,4165.498807610399,694.2498012683999,0,NA,1388.4996025367998,249235.6786553556,4165.498807610399,8469.84757547448,522.0758505538367,1062.202195940652,4.165498807610399,0.6942498012684,0,NA,1.3884996025368,249.23567865535557,4.165498807610399,19.97605560253415,1.2313109682873509,2.5051938583505944,0.009824289640590565,0.0016373816067650944,0,NA,0.0032747632135301887,0.5878199968286688,0.009824289640590565
1446,2019-04-02T21:20:00Z,SFC,134,7.53,7.78,0.02,0.01,0,NA,0,2.29,0.01,2019-04-02T21:20:00Z,68,3.2,2697288,515400,5.965277777777779,59.77128,5.233387660069849,2.656450661837198,76378691.610936,76378.691610936,0.1961000062752,0.059771279999999996,148.1930376618859,0.1481930376618859,0.0591005890233725,0.19389957649144143,0.3013798425912989,12803878.45398694,253430227.19999996,10234744.675865423,575131.5478303481,594226.220733082,1527.57383221872,763.78691610936,0,NA,0,174907.20378904344,763.78691610936,10234.744675865422,575.1315478303482,594.2262207330821,1.52757383221872,0.76378691610936,0,NA,0,174.90720378904345,0.76378691610936,24.138548763833544,1.356442329788557,1.4014769356912313,0.0036027684722139625,0.0018013842361069812,0,NA,0,0.4125169900684987,0.0018013842361069812
1463,2019-04-08T20:30:00Z,SFC,127.5,6.92,14.5,0.25,0.04,0,0.04,0.01,3.32,0.21,2019-04-08T20:30:00Z,69,8.31,3959298,598800,6.930555555555556,5.0952399999999995,6.612054108216433,4.028515545654864,112114835.693406,112114.835693406,0.016716667201599998,0.00509524,187.23252453808615,0.18723252453808617,0.08675263595102217,0.2846215181335516,5.189589222827792,16176890.120090643,21603817.6,14294641.550909266,775834.6629983695,1625665.117554387,28028.7089233515,4484.59342773624,0,4484.59342773624,1121.14835693406,372221.2545021079,23544.11549561526,14294.641550909266,775.8346629983696,1625.665117554387,28.028708923351502,4.4845934277362405,0,4.4845934277362405,1.1211483569340601,372.2212545021079,23.54411549561526,33.713777242710535,1.8297987334867207,3.834115843288649,0.06610544557394223,0.010576871291830756,0,0.010576871291830756,0.002644217822957689,0.8778803172219526,0.055528574282111456
1475,2019-04-15T18:46:00Z,SFC,136,7.2,6.54,0.07,0.05,0,0.02,0.01,2.1,0.02,2019-04-15T18:50:00Z,70,2.46,2131547.4,1471800,17.034722222222225,2.032,1.4482588666938443,0.4283485504549483,60358701.599047795,60358.701599047796,0.006666666880000001,0.002032,41.01012474456299,0.04101012474456299,0.046704581368855747,0.15323025873819668,7.005686981146378,3543274.777930241,8615680,8208783.4174705,434582.65151314414,394745.9084577726,4225.109111933346,3017.93507995239,0,1207.174031980956,603.587015990478,126753.27335800037,1207.174031980956,8208.7834174705,434.58265151314413,394.74590845777254,4.225109111933346,3.01793507995239,0,1.207174031980956,0.603587015990478,126.75327335800037,1.207174031980956,19.36033824875118,1.0249590837574154,0.9310045010796523,0.009964879980974872,0.007117771414982052,0,0.002847108565992821,0.0014235542829964104,0.29894639942924617,0.002847108565992821
1491,2019-05-02T19:35:00Z,SFC,144.7,7.25,3.1,0.11,0.02,0.01,0.02,0.01,1.83,0.08,2019-05-02T19:40:00Z,71,0.967,1759387.8,1202400,13.916666666666668,109.728,1.4632300399201597,3.810847273122763,49820315.1462666,49820.31514626661,0.36000001152,0.10972799999999999,41.43406116622305,0.04143406116622305,0.03855014937245689,0.12647687206713146,0.10708374483014486,3579902.8847616715,465246720,7208999.601664777,361197.2848104329,154442.9769534265,5480.234666089326,996.406302925332,498.203151462666,996.406302925332,498.203151462666,91171.1767176679,3985.625211701328,7208.9996016647765,361.19728481043285,154.44297695342647,5.480234666089326,0.996406302925332,0.498203151462666,0.996406302925332,0.498203151462666,91.17117671766789,3.985625211701328,17.00235755109617,0.8518803887038511,0.3642523041354398,0.012925081759644637,0.0023500148653899343,0.0011750074326949671,0.0023500148653899343,0.0011750074326949671,0.215026360183179,0.009400059461559737
1516,2019-05-16T17:40:00Z,SFC,102.5,6.81,22.1,0.58,0.04,0.04,0.22,0.01,11.06,0.49,2019-05-16T17:40:00Z,72,48.5,3903006,94200,1.090277777777778,7.366,41.433184713375795,23.59880747308134,110520823.742082,110520.82374208201,0.02416666744,0.007366,1173.2571522514013,1.1732571522514013,0.08551921543482083,0.2805748627671776,3.5387260426843867,101369417.95452106,31231839.999999996,11328384.433563404,752646.8096835783,2442510.204700012,64102.07777040756,4420.832949683279,4420.832949683279,24314.58122325804,1105.2082374208198,1222360.3105874269,54155.20363362018,11328.384433563404,752.6468096835783,2442.5102047000123,64.10207777040756,4.4208329496832794,4.4208329496832794,24.314581223258042,1.1052082374208199,1222.360310587427,54.15520363362018,26.717887815008027,1.7751104001971187,5.760637275235878,0.1511841456849235,0.010426492805856792,0.010426492805856792,0.057345710432212364,0.002606623201464198,2.882925260819403,0.1277245368717457
1533,2019-05-17T19:50:00Z,SFC,106.9,6.93,22.7,0.22,0.03,0,0.08,0.01,4.97,0.19,2019-05-17T19:50:00Z,73,28.3,7026000,257400,2.979166666666667,45.974,27.296037296037298,16.835404620806393,198954167.02199998,198954.16702199998,0.15083333816,0.045974,772.9377118181818,0.7729377118181818,0.153947497811956,0.5050771087213777,1.0206463616727264,66781818.301090896,194929759.99999997,21268200.4546518,1378752.3774624597,4516259.5913994,43769.91674484,5968.625010659999,0,15916.33336176,1989.54167022,988802.2100993398,37801.29173418,21268.200454651796,1378.75237746246,4516.2595913994,43.769916744839996,5.968625010659999,0,15.91633336176,1.98954167022,988.8022100993398,37.80129173418,50.160850128895746,3.251774475147311,10.651555640092925,0.10323093571896226,0.014076945779858489,0,0.03753852207962264,0.00469231525995283,2.3320806841965562,0.08915398993910377
1549,2019-05-20T19:20:00Z,SFC,121,6.88,10.7,0.19,0.05,0.01,0.06,0.01,4,0.13,2019-05-20T19:20:00Z,74,13.7,8220,600,0.006944444444444445,0.254,13.7,NA,232764.48234,232.76448234,8.333333600000001e-4,2.54e-4,387.9408039,0.3879408039,1.8010936977146005e-4,5.90910024720997e-4,0.21613123680955246,33518085.456959996,1076960,28164.50236314,1601.4196384992,2490.5799610379995,44.2252516446,11.638224117,2.3276448234,13.965868940399998,2.3276448234,931.05792936,30.2593827042,28.16450236314,1.6014196384991999,2.4905799610379993,0.0442252516446,0.011638224116999999,0.0023276448234,0.013965868940399999,0.0023276448234,0.93105792936,0.030259382704200002,0.06642571312061321,0.003776933109667924,0.005874009342070753,1.0430483878443395e-4,2.7448641785377357e-5,5.489728357075471e-6,3.293837014245283e-5,5.489728357075471e-6,0.0021958913428301884,7.136646864198113e-5
1550,2019-05-20T19:30:00Z,SFC,120.6,6.97,14.8,0.16,0.06,0,0.06,0.01,3.31,0.1,2019-05-20T19:30:00Z,75,13.6,5708688,777600,9,26.162,7.34141975308642,5.4676223109904365,161652044.666736,161652.044666736,0.08583333608,0.026162,207.88585991092592,0.20788585991092592,0.12508372237249352,0.41037967970857164,1.4572860392599751,17961338.296304002,110926880,19495236.58680836,1126714.7513271498,2392450.261067693,25864.327146677762,9699.12268000416,0,9699.12268000416,1616.5204466673601,535068.2678468962,16165.204466673602,19495.23658680836,1126.7147513271498,2392.450261067693,25.864327146677763,9.69912268000416,0,9.69912268000416,1.6165204466673602,535.0682678468962,16.1652044666736,45.97933157266123,2.6573461116206363,5.642571370442672,0.061000771572353216,0.022875289339632454,0,0.022875289339632454,0.003812548223272076,1.261953461903057,0.038125482232720755
1579,2019-05-29T19:30:00Z,SFC,144.2,7.1,3.86,0.17,0.17,0,0.02,0,2.37,0,2019-05-29T19:30:00Z,76,2.02,1664014.2,1287000,14.895833333333334,0,1.2929403263403263,0.34643659391232406,47119635.5072274,47119.6355072274,0,0,36.61199340110909,0.03661199340110909,0.0364604074030122,0.11962076302409855,Inf,3163276.229855825,0,6794651.44014219,334549.41210131446,181881.79305789774,8010.338036228659,8010.338036228659,0,942.392710144548,0,111673.53615212893,0,6794.65144014219,334.5494121013145,181.88179305789774,8.010338036228658,8.010338036228658,0,0.942392710144548,0,111.67353615212893,0,16.025121321090072,0.789031632314421,0.4289664930610796,0.018892306689218534,0.018892306689218534,0,0.002222624316378651,0,0.26338098149087014,0
1595,2019-06-13T17:00:00Z,SFC,124.1,6.84,2.75,0.01,0.01,0.01,0.01,0,2.49,0,2019-06-13T17:00:00Z,77,0.89,2225033.4,3720000,43.05555555555556,0,0.5981272580645162,0.143980257891798,63005930.3576898,63005.9303576898,0,0,16.93707805314242,0.016937078053142422,0.04875296391659963,0.15995067413613673,Inf,1463363.543791505,0,7819035.9573893035,430960.5636465982,173266.30848364692,630.059303576898,630.059303576898,630.059303576898,630.059303576898,0,156884.7665906476,0,7819.035957389303,430.96056364659825,173.26630848364692,0.630059303576898,0.630059303576898,0.630059303576898,0.630059303576898,0,156.88476659064762,0,18.441122541012508,1.0164164236948072,0.40864695397086537,0.0014859889235304198,0.0014859889235304198,0.0014859889235304198,0.0014859889235304198,0,0.3700112419590746,0
1617,2019-07-26T18:20:00Z,SFC,146.8,7.21,1.46,0.02,0.01,0.02,0.01,0,4.11,0,2019-07-26T18:20:00Z,78,0.417,349004.4,947400,10.965277777777779,0,0.36838125395820137,0.016877071484690195,9882704.1971268,9882.7041971268,0,0,10.431395606002532,0.010431395606002532,0.0076470757337550556,0.025088831950332936,Inf,901272.5803586189,0,1450780.9761382143,71254.29726128423,14428.74812780513,197.654083942536,98.827041971268,197.654083942536,98.827041971268,0,40617.914250191156,0,1450.7809761382143,71.25429726128424,14.428748127805129,0.197654083942536,0.098827041971268,0.197654083942536,0.098827041971268,0,40.617914250191156,0,3.421653245608996,0.16805258788038735,0.03403006633916304,4.6616529231730187e-4,2.3308264615865093e-4,4.6616529231730187e-4,2.3308264615865093e-4,0,0.09579696757120555,0
1627,2019-08-06T17:30:00Z,SFC,131.8,7.27,4.68,0.08,0.01,0.02,0.01,0.01,3.76,0.05,2019-08-06T17:30:00Z,79,0.353,388496.4,1376400,15.930555555555557,2.032,0.2822554489973845,0.035679756909995336,11000993.118850801,11000.993118850802,0.006666666880000001,0.002032,7.992584364175239,0.007992584364175239,0.008512389508817646,0.027927787996109288,1.2768583854631785,690559.2890647408,8615680,1449930.8930645357,79977.21997404532,51484.64779622175,880.079449508064,110.009931188508,220.019862377016,110.009931188508,110.009931188508,41363.734126879004,550.0496559425401,1449.9308930645357,79.97721997404533,51.48464779622175,0.880079449508064,0.110009931188508,0.220019862377016,0.110009931188508,0.110009931188508,41.36373412687901,0.5500496559425401,3.4196483326993765,0.18862551880671066,0.12142605612316451,0.002075659079028453,2.5945738487855664e-4,5.189147697571133e-4,2.5945738487855664e-4,2.5945738487855664e-4,0.09755597671433729,0.0012972869243927832
1663,2019-08-22T15:45:00Z,SFC,135.9,7.19,NA,0.09,0.23,0.04,0.02,0.01,5.91,0,2019-08-22T15:50:00Z,80,0.249,3484.2,13800,0.15972222222222224,0,0.2524782608695652,0.005229892795854092,98661.55831739999,98.6615583174,0,0,7.149388283869564,0.007149388283869565,7.634270877831156e-5,2.504682126682357e-4,Inf,617707.1477263303,0,13408.10577533466,709.376604302106,NA,8.879540248566,22.692158413001998,3.9464623326959996,1.9732311663479998,0.9866155831739999,583.089809655834,0,13.40810577533466,0.7093766043021059,NA,0.008879540248566,0.022692158413001998,0.003946462332696,0.001973231166348,9.86615583174e-4,0.583089809655834,0,0.031622890979562876,0.0016730580290144007,NA,2.094231190699528e-5,5.351924154009905e-5,9.307694180886792e-6,4.653847090443396e-6,2.326923545221698e-6,0.0013752118152260237,0
1640,2019-08-22T19:42:00Z,SFC,153.7,7.11,2.07,0.11,0.11,0.04,0.04,0.01,8.02,0,2019-08-22T19:40:00Z,81,0.249,242015.4,1210800,14.01388888888889,0,0.19988057482656096,0.020857214825552025,6853113.0534438,6853.1130534438,0,0,5.659987655635778,0.005659987655635778,0.005302827392820902,0.017397728223462527,Inf,489022.9334469312,0,1053323.476314312,48725.63380998542,14185.944020628665,753.8424358788179,753.8424358788179,274.12452213775197,274.12452213775197,68.53113053443799,54961.96668861927,0,1053.323476314312,48.725633809985425,14.185944020628664,0.7538424358788179,0.7538424358788179,0.27412452213775196,0.27412452213775196,0.06853113053443799,54.96196668861927,0,2.4842534818733775,0.11491894766505996,0.03345741514299213,0.001777930273299099,0.001777930273299099,6.465200993814905e-4,6.465200993814905e-4,1.6163002484537262e-4,0.12962727992598885,0
1651,2019-09-05T20:00:00Z,SFC,132.8,7.03,2.22,0.06,0.06,0.02,0.01,0.01,3.94,0,2019-09-05T20:00:00Z,82,0.181,394024.8,2244600,25.979166666666668,20.421599999999998,0.1755434375835338,0.03237054097219053,11157539.9758056,11157.5399758056,0.067000002144,0.020421599999999998,4.970836663906976,0.004970836663906976,0.008633522919990947,0.0283252073368231,0.12885854692116752,429480.28776156274,86587584,1481721.3087869838,78437.50602991336,24769.738746288433,669.4523985483359,669.4523985483359,223.150799516112,111.575399758056,111.575399758056,43960.707504674065,0,1481.7213087869836,78.43750602991337,24.769738746288432,0.6694523985483359,0.6694523985483359,0.223150799516112,0.111575399758056,0.111575399758056,43.96070750467406,0,3.494625728271188,0.1849941179950787,0.05841919515634064,0.0015788971663875848,0.0015788971663875848,5.262990554625283e-4,2.6314952773126414e-4,2.6314952773126414e-4,0.10368091392611807,0
1677,2019-10-01T19:30:00Z,SFC,186.3,7.37,0.48,0.11,0.03,0.03,0.34,0,2.8,0.06,2019-10-01T19:30:00Z,83,0.169,259181.4,1888200,21.854166666666668,10.922,0.13726374324753735,0.01638470955740531,7339200.049045799,7339.2000490457995,0.035833334480000006,0.010922000000000001,3.886876416187798,0.0038868764161877982,0.005678953602248746,0.018631738136401777,0.15848242103782983,335826.1223586257,46309280,1367292.9691372325,54089.90436146754,3522.8160235419837,807.3120053950379,220.17600147137398,220.17600147137398,2495.3280166755717,0,20549.760137328238,440.35200294274796,1367.2929691372326,54.08990436146754,3.5228160235419836,0.8073120053950379,0.22017600147137398,0.22017600147137398,2.495328016675572,0,20.54976013732824,0.44035200294274796,3.2247475687198883,0.12757052915440456,0.008308528357410338,0.0019040377485732025,5.192830223381461e-4,5.192830223381461e-4,0.00588520758649899,0,0.04846641541822698,0.0010385660446762923
1684,2019-10-23T16:00:00Z,SFC,163.3,7.03,0.97,0.18,0.02,0.01,0.33,0.01,NA,0.14,2019-10-23T16:00:00Z,84,0.122,207386.52,1912200,22.131944444444446,0,0.1084544085346721,0.016362385146921534,5872532.3567024395,5872.53235670244,0,0,3.071086892951804,0.003071086892951804,0.004544070001982517,0.014908366625304321,Inf,265341.9075510358,0,958984.5338495084,41283.90246761815,5696.356386001366,1057.0558242064392,117.4506471340488,58.7253235670244,1937.935677711805,58.7253235670244,NA,822.1545299383416,958.9845338495084,41.283902467618155,5.696356386001367,1.0570558242064392,0.11745064713404879,0.058725323567024396,1.937935677711805,0.058725323567024396,NA,0.8221545299383416,2.261755976060161,0.09736769449909942,0.013434802797173035,0.0024930561891661302,2.770062432406811e-4,1.3850312162034056e-4,0.004570603013471238,1.3850312162034056e-4,NA,0.001939043702684768
1693,2019-11-14T19:10:00Z,SFC,188.4,7.66,0.68,0.11,0.02,0.02,0.34,0.01,4.29,0.07,2019-11-14T19:10:00Z,85,0.135,431898,1897200,21.958333333333336,116.8146,0.22765022137887414,0.20362045377325436,12229989.585606,12229.989585606,0.383250012264,0.1168146,6.446336488301708,0.0064463364883017085,0.009463366981210955,0.03104779292663615,0.024692411424352828,556963.4725892674,495293904,2304130.03792817,93681.72022574196,8316.392918212081,1345.29885441666,244.59979171212,244.59979171212,4158.1964591060405,122.29989585606,52466.65532224974,856.0992709924201,2304.13003792817,93.68172022574196,8.316392918212081,1.34529885441666,0.24459979171212,0.24459979171212,4.1581964591060405,0.12229989585606,52.46665532224974,0.85609927099242,5.43426895737776,0.22094745336259894,0.019614134241066228,0.003172874656643066,5.768863012078302e-4,5.768863012078302e-4,0.009807067120533114,2.884431506039151e-4,0.12374211160907958,0.0020191020542274056
1705,2019-12-06T18:10:00Z,SFC,194.5,7.19,1.48,0.15,0.02,0.01,0.34,0.01,3.68,0.12,2019-12-06T18:10:00Z,86,0.245,1509.6,6000,0.06944444444444445,2.1336,0.2516,0.006040603354706296,42747.11223119999,42.74711223119999,0.007000000224,0.0021336,7.1245187052,0.0071245187052,3.3077020025182e-5,1.0852041037941812e-4,0.004725288423816771,615558.4161292799,9046464,8314.313328968397,307.351736942328,63.26572610217599,6.412066834679998,0.8549422446239998,0.4274711223119999,14.534018158607998,0.4274711223119999,157.309373010816,5.129653467743998,8.314313328968398,0.307351736942328,0.063265726102176,0.006412066834679999,8.549422446239998e-4,4.274711223119999e-4,0.014534018158607998,4.274711223119999e-4,0.157309373010816,0.0051296534677439986,0.01960922954945377,7.248861720337924e-4,1.4921161816550943e-4,1.5122799138396223e-5,2.0163732184528297e-6,1.0081866092264148e-6,3.427834471369811e-5,1.0081866092264148e-6,3.710126721953207e-4,1.2098239310716978e-5
1708,2019-12-06T19:50:00Z,SFC,219.2,7.12,19.7,0.78,0.07,0.37,0.35,0.01,10.86,0.34,2019-12-06T19:50:00Z,87,0.283,75370.8,69000,0.7986111111111112,40.805099999999996,1.0923304347826086,1.0769535959129386,2134263.4118676,2134.2634118676,0.13387500428399998,0.0408051,30.931353795182606,0.030931353795182605,0.0016514583074416986,0.005418170473387022,0.01233582263002827,2672468.967903777,173013623.99999997,467830.5398813779,15195.955492497313,42044.98921379172,1664.725461256728,149.398438830732,789.677462391012,746.99219415366,21.342634118676,23178.100652882134,725.649560034984,467.8305398813779,15.195955492497312,42.04498921379172,1.664725461256728,0.149398438830732,0.789677462391012,0.74699219415366,0.021342634118676,23.178100652882133,0.725649560034984,1.1033739148145705,0.03583951767098423,0.09916271040988614,0.0039262392954168114,3.5235480856304717e-4,0.0018624468452618208,0.001761774042815236,5.033640122329245e-5,0.054665331728495595,0.0017114376415919435
1725,2019-12-07T15:00:00Z,SFC,146.6,6.86,21.4,0.6,0.02,0.37,0.35,0.01,9.51,0.21,2019-12-07T15:00:00Z,88,5.76,28590,4200,0.04861111111111111,0,6.807142857142857,0.6644474969404852,809578.65573,809.57865573,0,0,192.75682279285712,0.19275682279285714,6.26438793402195e-4,0.0020552454509456574,Inf,16654189.489302857,0,118684.23093001799,5553.7095783078,17324.983232622,485.747193438,16.1915731146,299.54410262010003,283.3525295055,8.0957865573,7699.0930159923,170.0115177033,118.68423093001799,5.5537095783078,17.324983232621996,0.485747193438,0.0161915731146,0.2995441026201,0.2833525295055,0.0080957865573,7.6990930159922994,0.1700115177033,0.2799156389858915,0.013098371646952359,0.04086080951090093,0.0011456301732028302,3.818767244009434e-5,7.064719401417453e-4,6.682842677016509e-4,1.909383622004717e-5,0.018158238245264857,4.0097056062099055e-4
1715,2019-12-07T16:10:00Z,SFC,152.7,7.03,30.5,0.84,0.04,0.55,0.36,0.02,9.57,0.25,2019-12-07T16:10:00Z,89,7.63,91386,11400,0.13194444444444445,1.0668,8.016315789473685,0.5094682470349278,2587763.379942,2587.763379942,0.003500000112,0.0010668,226.99678771421054,0.22699678771421056,0.0020023692051015386,0.006569452982865332,0.5721054688644931,19612522.458507787,4523232,395151.4681171433,18191.976560992258,78926.783088231,2173.72123915128,103.51053519768,1423.2698589681002,931.5948167791199,51.75526759884,24764.89554604494,646.9408449855,395.15146811714334,18.19197656099226,78.92678308823099,2.17372123915128,0.10351053519768,1.4232698589681,0.9315948167791199,0.05175526759884,24.76489554604494,0.6469408449855,0.9319610097102438,0.04290560509667986,0.1861480733212995,0.005126701035734151,2.4412862074924528e-4,0.003356768535302123,0.0021971575867432073,1.2206431037462264e-4,0.05840777251425693,0.001525803879682783
1720,2019-12-07T19:20:00Z,SFC,72.97,7.19,28.9,0.84,0.02,0.46,0.36,0.01,9.65,0.37,2019-12-07T19:20:00Z,90,9.44,34710,3600,0.04166666666666667,0,9.641666666666666,0.12122980931547601,982877.75937,982.87775937,0,0,273.02159982499995,0.27302159982499996,7.605348205313113e-4,0.0024951930605919474,Inf,23589066.22488,0,71720.5901012289,7066.8910898703,28405.167245793,825.6173178707999,19.6575551874,452.12376931020003,353.8359933732,9.8287775937,9484.7703779205,363.6647709669,71.7205901012289,7.066891089870301,28.405167245793,0.8256173178708,0.019657555187400002,0.4521237693102,0.3538359933732,0.009828777593700001,9.484770377920501,0.3636647709669,0.16915233514440778,0.016667195966675236,0.06699331897592689,0.0019472106553556604,4.6362158460849064e-5,0.0010663296445995282,8.34518852295283e-4,2.3181079230424532e-5,0.022369741457359673,8.576999315257074e-4
1711,2019-12-07T20:20:00Z,SFC,143.4,7.1,16.5,1,0.03,0.44,0.36,0.01,9.32,0.53,2019-12-07T20:20:00Z,91,9.83,360057,69000,0.7986111111111112,12.2682,5.218217391304348,2.5444715777978746,10195678.980279,10195.678980279,0.040250001288,0.0122682,147.76346348230436,0.14776346348230437,0.007889250529416374,0.025883368706930417,0.19600621806112709,12766763.244871095,52017168,1462060.3657720087,72389.3207599809,168228.70317460352,10195.678980279,305.87036940837,4486.09875132276,3670.44443290044,101.95678980279001,95023.72809620028,5403.70985954787,1462.0603657720087,72.3893207599809,168.2287031746035,10.195678980279,0.30587036940837,4.486098751322761,3.6704444329004398,0.10195678980279001,95.02372809620029,5.40370985954787,3.4482555796509637,0.1707295300942946,0.39676580937406486,0.024046412689337264,7.213923806801179e-4,0.010580421583308398,0.008656708568161415,2.4046412689337265e-4,0.2241125662646233,0.012744598725348751
1734,2019-12-08T15:30:00Z,SFC,148.2,6.89,21.2,0.68,0.02,0.3,0.35,0.01,9.329883868,0.36,2019-12-08T15:30:00Z,92,6.49,22794,3600,0.04166666666666667,0,6.331666666666667,0.11771434350437804,645454.210518,645.454210518,0,0,179.292836255,0.179292836255,4.994419677093261e-4,0.0016385891853394653,Inf,15490901.052431997,0,95656.31399876758,4447.179510469019,13683.6292629816,438.90886315224,12.90908421036,193.63626315539997,225.90897368129998,6.45454210518,6022.012826244564,232.36351578647998,95.65631399876759,4.447179510469019,13.683629262981599,0.43890886315224,0.01290908421036,0.19363626315539997,0.22590897368129997,0.00645454210518,6.022012826244564,0.23236351578647998,0.22560451414803676,0.010488630920917499,0.0322727105259,0.0010351624130949056,3.0445953326320755e-5,4.5668929989481127e-4,5.328041832106131e-4,1.5222976663160378e-5,0.014202860439256046,5.480271598737736e-4
1729,2019-12-08T16:30:00Z,SFC,169.9,6.81,25,0.7,0.02,0.32,0.36,0.01,NA,0.36,2019-12-08T16:30:00Z,93,6.11,7302,1200,0.01388888888888889,0,6.085,0.03535533905932788,206769.616794,206.769616794,0,0,172.30801399499998,0.17230801399499998,1.5999496570209262e-4,5.249178832740536e-4,Inf,14887412.409168,0,35130.1578933006,1408.10109036714,5169.24041985,144.7387317558,4.135392335880001,66.16627737408001,74.43706204584,2.0676961679400003,NA,74.43706204584,35.1301578933006,1.40810109036714,5.16924041985,0.1447387317558,0.00413539233588,0.06616627737408,0.07443706204584,0.00206769616794,NA,0.07443706204584,0.08285414597476556,0.003320993137658349,0.012191604763797171,3.4136493338632074e-4,9.753283811037735e-6,1.5605254097660377e-4,1.7555910859867925e-4,4.876641905518868e-6,NA,1.7555910859867925e-4
1740,2019-12-08T16:50:00Z,SFC,171.3,6.88,18.1,0.37,0.06,0.19,0.34,0.02,6.796852623,0.12,2019-12-08T16:50:00Z,94,6,14142,2400,0.02777777777777778,0,5.8925,0.08693867570496662,400456.85027399997,400.456850274,0,0,166.8570209475,0.1668570209475,3.098669960228696e-4,0.0010166240352316716,Inf,14416446.609863998,0,68598.2584519362,2755.14312988512,7248.2689899594,148.16903460137996,24.02741101644,76.08680155206,136.15532909316,8.00913700548,2721.8461931831553,48.05482203288,68.5982584519362,2.75514312988512,7.2482689899594,0.14816903460137998,0.024027411016439997,0.07608680155206,0.13615532909316,0.00800913700548,2.7218461931831555,0.048054822032879994,0.1617883454055099,0.006497979079917736,0.017094974032923115,3.4945527028627354e-4,5.66684222085849e-5,1.7945000366051888e-4,3.2112105918198115e-4,1.88894740695283e-5,0.006419448568828197,1.133368444171698e-4
1741,2019-12-08T17:25:00Z,SFC,166.9,6.86,19.5,0.54,0.12,0.26,0.35,0.01,8.531710767,0.17,2019-12-08T17:30:00Z,95,5.74,3444,600,0.006944444444444445,0,5.74,NA,97523.221068,97.523221068,0,0,162.53870178,0.16253870178,7.546188193344385e-5,2.475783607225199e-4,Inf,14043343.833792,0,16276.6255962492,669.00929652648006,1901.7028108260001,52.66253937672,11.702786528159999,25.35603747768,34.133127373799994,0.97523221068,832.0399152183768,16.57894758156,16.2766255962492,0.66900929652648,1.9017028108260001,0.052662539376720004,0.011702786528159998,0.02535603747768,0.0341331273738,9.7523221068e-4,0.8320399152183768,0.01657894758156,0.038388267915682076,0.0015778521144492453,0.004485148138740566,1.2420410230358492e-4,2.7600911623018864e-5,5.980197518320755e-5,8.05026589004717e-5,2.3000759685849053e-6,0.0019623582906093794,3.91012914659434e-5
1732,2019-12-08T17:40:00Z,SFC,161.1,6.83,20.6,0.47,0.14,0.32,0.35,0.01,9.801558414,0.01,2019-12-08T17:40:00Z,96,5.68,23172,4200,0.04861111111111111,0,5.517142857142857,0.11441361890297917,656157.978684,656.157978684,0,0,156.22809016285714,0.15622809016285716,5.07724369384948e-4,0.0016657624200529127,Inf,13498106.990070857,0,105707.0503659924,4481.55899441172,13516.8543608904,308.39424998147996,91.86211701575999,209.97055317887998,229.65529253939997,6.561579786839999,6431.370756883393,6.561579786839999,105.7070503659924,4.48155899441172,13.516854360890399,0.30839424998147996,0.09186211701576,0.20997055317888,0.22965529253939995,0.00656157978684,6.431370756883393,0.00656157978684,0.24930908105186886,0.010569714609461604,0.031879373492666035,7.273449292016037e-4,2.1665593635792452e-4,4.952135688181132e-4,5.416398408948113e-4,1.5475424025566036e-5,0.015168327256800455,1.5475424025566036e-5
1745,2019-12-08T18:50:00Z,SFC,142.3,6.82,17.8,0.43,0.14,0.2,0.34,0.01,7.715239807,0.08,2019-12-08T18:50:00Z,97,5.31,304110,76200,0.8819444444444445,0.2667,3.9909448818897637,1.6185219757009084,8611436.34117,8611.43634117,8.75000028e-4,2.667e-4,113.0109756059055,0.1130109756059055,0.0066633893480777025,0.02186151430874725,7.615301868399143,9764148.292350234,1130808,1225407.3913484912,58729.9958467794,153283.56687282602,3702.9176267031,1205.6010877638,1722.287268234,2927.8883559978003,86.1143634117,66439.29645484121,688.9149072936,1225.4073913484913,58.729995846779396,153.28356687282601,3.7029176267031,1.2056010877638001,1.722287268234,2.9278883559978004,0.0861143634117,66.43929645484121,0.6889149072936,2.8901117720483285,0.13851414114806462,0.3615178463981746,0.008733296289394104,0.002843398791895755,0.004061998274136792,0.006905397066032548,2.0309991370683964e-4,0.15669645390292739,0.0016247993096547171
1754,2019-12-09T16:00:00Z,SFC,163.5,6.87,15.5,0.37,0.1,0.13,0.34,0.01,7,0.14,2019-12-09T16:00:00Z,98,1.91,1515913.2,953400,11.034722222222223,57.88913999999999,1.590007551919446,0.7592926170327643,42925882.1496804,42925.8821496804,0.1899250060776,0.05788913999999999,45.02400057654751,0.045024000576547506,0.033215349279834216,0.10897424653125129,0.17488665640091128,3890073.6498137047,245449953.59999996,7018381.731472745,294900.8103683043,665351.1733200462,15882.576395381748,4292.588214968039,5580.364679458452,14594.799930891337,429.258821496804,300481.1750477628,6009.6235009552565,7018.381731472745,294.9008103683043,665.3511733200462,15.882576395381747,4.292588214968039,5.5803646794584525,14.594799930891337,0.429258821496804,300.4811750477628,6.009623500955256,16.552787102530058,0.695520779170529,1.5692244653774674,0.03745890659288148,0.010124028808886885,0.013161237451552954,0.03442169795021542,0.0010124028808886887,0.7086820166220821,0.014173640332441641
1773,2019-12-20T16:50:00Z,SFC,181.8,6.97,5.78,0.14,0.03,0.12,0.02,0.01,6.389592796,0,2019-12-20T16:50:00Z,99,1.46,516732,274800,3.180555555555556,21.198839999999997,1.8803930131004367,0.9347885346443326,14632220.984004,14632.220984004001,0.0695500022256,0.021198839999999997,53.24680125183406,0.05324680125183406,0.011322174557268382,0.037146243174468394,0.16279186477295193,4600523.628158462,89883081.6,2660137.7748919274,101986.58025850788,84574.23728754312,2048.5109377605604,438.96662952011997,1755.8665180804799,292.64441968008003,146.32220984004002,93493.93378887199,0,2660.137774891927,101.98658025850787,84.57423728754311,2.04851093776056,0.43896662952012,1.75586651808048,0.29264441968008004,0.14632220984004002,93.49393378887198,0,6.273909846443225,0.2405343874021412,0.19946754077250733,0.004831393721133397,0.001035298654528585,0.00414119461811434,6.901991030190567e-4,3.4509955150952834e-4,0.22050456082281128,0
1860,2019-12-23T21:10:00Z,SFC,164.4,6.6,5.19,0.162,0.058,0.032,0.244,0,5.983,0.07,2019-12-23T21:10:00Z,100,2.75,1576440.6,1388400,16.069444444444446,41.092119999999994,1.1354369057908384,0.5354120382549101,44639827.2747882,44639.8272747882,0.1348166709808,0.041092119999999996,32.151993139432584,0.03215199313943259,0.03454157213481051,0.11332537152277171,0.25621143055616447,2777932.207246975,174230588.79999998,7338787.603975181,294622.8600136021,231680.70355615078,7231.652018515689,2589.109981937716,1428.4744727932225,10892.117855048322,0,267080.0865850578,3124.787909235174,7338.787603975181,294.6228600136021,231.6807035561508,7.231652018515688,2.5891099819377157,1.4284744727932224,10.89211785504832,0,267.0800865850578,3.1247879092351742,17.308461330130143,0.6948652358811371,0.546416753670167,0.017055783062537,0.006106391466834235,0.0033690435679085435,0.025688957205302645,0,0.6299058645874005,0.0073697828047999394
1865,2020-01-08T22:45:00Z,SFC,176.9,6.74,5.02,0.201,0.041,0.036,0.265,0,NA,0.12,2020-01-08T22:50:00Z,101,1.25,1899570,605400,7.006944444444445,46.99,3.1377106045589693,2.1187410653219234,53789833.05579,53789.83305579,0.15416667160000003,0.046990000000000004,88.85007111957384,0.08885007111957384,0.041621697753865254,0.13655413085879128,0.2699785713857576,7676646.144731179,199237600,9515421.467569252,362543.4747960246,270024.9619400658,10811.75644421379,2205.3831552873903,1936.4339900084399,14254.30575978435,0,NA,6454.7799666948,9515.421467569253,362.5434747960246,270.0249619400658,10.81175644421379,2.20538315528739,1.93643399000844,14.25430575978435,0,NA,6.4547799666948,22.44203176313503,0.8550553650849637,0.6368513253303438,0.02549942557597592,0.0052013753662438445,0.004567061297189717,0.03361864565986875,0,NA,0.015223537657299056
1872,2020-01-15T23:00:00Z,SFC,137.2,6.74,23,0.295,0.054,0.065,0.252,0,8.696,0.18,2020-01-15T23:00:00Z,102,4.9,149520,21600,0.25,14.732,6.9222222222222225,0.9495385679705127,4233934.96344,4233.9349634400005,0.04833333488,0.014732,196.01550756666666,0.19601550756666666,0.0032761499961348793,0.010748523953319157,0.06778241154409827,16935739.85376,62463679.99999999,580895.8769839681,28536.721653585602,97380.50415912001,1249.0108142148001,228.63248802576,275.2057726236,1066.95161078688,0,36818.298442074236,762.1082934192,580.895876983968,28.5367216535856,97.38050415912001,1.2490108142148,0.22863248802576003,0.2752057726236,1.0669516107868802,0,36.81829844207424,0.7621082934192,1.3700374457169058,0.06730358880562642,0.22967100037528304,0.002945780222204717,5.392275660984907e-4,6.490702184518869e-4,0.002516395308459623,0,0.08683560953319396,0.0017974252203283017
1799,2020-01-16T05:00:00Z,SFC,119.3,7.01,49.8,0.63,0.1,0.01,0.2,0,10.889,0.52,2020-01-16T05:00:00Z,103,7,49512,7200,0.08333333333333334,7.874,6.876666666666667,0.08947659250362966,1402023.728664,1402.0237286640001,0.02583333416,0.007873999999999999,194.72551787,0.19472551787,0.0010848631528132032,0.00355926242627567,0.04199470134571291,16824284.743968,33385760,167261.43082961522,9828.18633793464,69820.7816874672,883.27494905832,140.20237286640003,14.02023728664,280.40474573280005,0,15266.636381422297,729.0523389052801,167.2614308296152,9.828186337934639,69.8207816874672,0.88327494905832,0.14020237286640003,0.01402023728664,0.28040474573280005,0,15.266636381422297,0.7290523389052801,0.3944845066736207,0.023179684759279808,0.1646716549232717,0.0020831956345715094,3.306659737415095e-4,3.3066597374150944e-5,6.61331947483019e-4,0,0.03600621788071296,0.0017194630634558494
1802,2020-01-16T07:00:00Z,SFC,103.7,7,58.8,0.53,0.11,0.01,0.14,0.01,11.77,0.41,2020-01-16T07:00:00Z,104,4.29,30438,7200,0.08333333333333334,0.762,4.2275,0.03250874008352481,861908.188986,861.908188986,0.00250000008,7.62e-4,119.70947069249999,0.1197094706925,6.669305349274575e-4,0.0021880923762113997,0.26677220543427244,10342898.267832,3230880,89379.8791978482,6033.357322902,50680.2015123768,456.81134016258,94.80990078846,8.61908188986,120.66714645804002,8.61908188986,10144.659384365219,353.38235748426,89.3798791978482,6.033357322902001,50.6802015123768,0.45681134016258,0.09480990078846,0.00861908188986,0.12066714645804003,0.00861908188986,10.14465938436522,0.35338235748426,0.21080160188171745,0.014229616327599058,0.11952877715183206,0.0010773852362325,2.2360825657655658e-4,2.032802332514151e-5,2.845923265519812e-4,2.032802332514151e-5,0.023926083453691554,8.334489563308019e-4
1805,2020-01-16T09:00:00Z,SFC,118.8,7.01,53.3,0.42,0.08,0,0.11,0.01,9.028,0.34,2020-01-16T09:00:00Z,106,4.22,31272,7200,0.08333333333333334,9.398,4.343333333333334,0.15411526579646542,885524.439384,885.5244393840001,0.03083333432,0.009398,122.98950547000001,0.12298950547000001,6.852044052911312e-4,0.002248046021055355,0.022222844865878624,10626293.272607999,39847520,105200.30339881919,6207.52632008184,47198.452619167205,371.92026454128,70.84195515072001,0,97.40768833224001,8.855244393840001,7994.514638758753,301.07830939056004,105.20030339881919,6.207526320081841,47.1984526191672,0.37192026454127997,0.07084195515072,0,0.09740768833224,0.00885524439384,7.994514638758752,0.30107830939056,0.2481139231104226,0.014640392264343964,0.1113171052338849,8.771704352388679e-4,1.6708008290264152e-4,0,2.2973511399113208e-4,2.088501036283019e-5,0.018854987355563096,7.100903523362264e-4
1875,2020-01-16T09:00:00Z,SFC,114.2,6.76,45.3,0.388,0.05,0.065,0.26,0,11.216,0.27,2020-01-16T09:00:00Z,106,4.22,31272,7200,0.08333333333333334,9.398,4.343333333333334,0.15411526579646542,885524.439384,885.5244393840001,0.03083333432,0.009398,122.98950547000001,0.12298950547000001,6.852044052911312e-4,0.002248046021055355,0.022222844865878624,10626293.272607999,39847520,101126.8909776528,5986.14521023584,40114.257104095195,343.583482480992,44.27622196920001,57.55908855996,230.23635423984,0,9932.042112130945,239.09159863368004,101.1268909776528,5.98614521023584,40.114257104095195,0.343583482480992,0.04427622196920001,0.05755908855996,0.23023635423984,0,9.932042112130944,0.23909159863368,0.23850681834352078,0.014118267005273208,0.09460909694362074,8.103384020778113e-4,1.0442505181415097e-4,1.3575256735839624e-4,5.43010269433585e-4,0,0.02342462762295034,5.638952797964151e-4
1808,2020-01-16T11:00:00Z,SFC,117.6,6.97,36.9,0.53,0.11,0.01,0.12,0,8.116,0.41,2020-01-16T11:00:00Z,107,4.71,40104,7200,0.08333333333333334,1.27,5.57,0.7463974081607538,1135618.832088,1135.6188320879999,0.0041666668000000006,0.00127,157.72483779,0.15772483779000002,8.787233777755029e-4,0.002882950806740981,0.21089360391752535,13627425.985055998,5384800,133548.77465354878,7915.2632596533585,41904.3349040472,601.87798100664,124.91807152967999,11.35618832088,136.27425985055999,0,9216.682441226207,465.60372115608,133.54877465354878,7.915263259653359,41.9043349040472,0.60187798100664,0.12491807152967999,0.01135618832088,0.13627425985056,0,9.216682441226206,0.46560372115607995,0.3149735251262943,0.018668073725597544,0.09883097854728112,0.0014195235401100001,2.946180932303773e-4,2.6783463020943395e-5,3.2140155625132074e-4,0,0.021737458587797655,0.001098121983858679
1811,2020-01-16T13:00:00Z,SFC,113.1,6.93,37.5,0.22,0.08,0,0.08,0,10.179,0.14,2020-01-16T13:00:00Z,108,7.44,77052,7200,0.08333333333333334,0.508,10.701666666666666,2.1934316547917385,2181869.695044,2181.8696950440003,0.0016666667200000002,5.08e-4,303.03745764499996,0.30303745764499995,0.0016882952748942263,0.005539026669683974,1.0129771325212675,26182436.340528,2153920,246769.4625094764,15120.35698665492,81820.11356415,480.01133290968005,174.54957560352,0,174.54957560352,0,22209.251625852878,305.46175730616005,246.7694625094764,15.12035698665492,81.82011356415,0.48001133290968,0.17454957560352,0,0.17454957560352,0,22.20925162585288,0.30546175730616004,0.5820034493148029,0.0356612193081484,0.19297196595318397,0.0011321022002586793,4.116735273667924e-4,0,4.116735273667924e-4,0,0.05238031043833226,7.204286728918869e-4
1814,2020-01-16T15:00:00Z,SFC,111.5,6.91,31.7,0.26,0.09,0,0.08,0,8.791,0.17,2020-01-16T15:00:00Z,109,14.2,113760,7200,0.08333333333333334,0,15.8,0.8377458933460564,3221324.51472,3221.32451472,0,0,447.4061826,0.44740618260000004,0.002492608504282396,0.008177849685189857,Inf,38655894.17664,0,359177.68339128,22259.352396715196,102115.987116624,837.5443738272,289.9192063248,0,257.7059611776,0,28318.66380890352,547.6251675024,359.17768339127997,22.259352396715197,102.115987116624,0.8375443738272,0.28991920632479995,0,0.2577059611776,0,28.31866380890352,0.5476251675024,0.8471171778096226,0.052498472633762255,0.24083959225618867,0.001975340504309434,6.837717130301886e-4,0,6.077970782490565e-4,0,0.06678930143609321,0.0012915687912792451
1817,2020-01-16T17:00:00Z,SFC,116.4,6.91,34.7,0.19,0.11,0,0.06,0,8.123,0.08,2020-01-16T17:00:00Z,110,16.9,140760,7200,0.08333333333333334,0.508,19.55,1.7064050462355593,3985879.38372,3985.87938372,0.0016666667200000002,5.08e-4,553.59435885,0.5535943588500001,0.0030842086239696734,0.010118795021864663,1.8505251151650002,47830552.60463999,2153920,463956.360265008,27542.4265415052,138310.014615084,757.3170829068,438.4467322092,0,239.15276302319998,0,32377.298233957554,318.8703506976,463.95636026500796,27.5424265415052,138.310014615084,0.7573170829068,0.4384467322092,0,0.2391527630232,0,32.37729823395755,0.3188703506976,1.0942366987382264,0.06495855316392736,0.32620286465821696,0.0017861251955349057,0.0010340724816254717,0,5.640395354320754e-4,0,0.07636155243857913,7.52052713909434e-4
1820,2020-01-16T19:00:00Z,SFC,114.8,6.86,35.5,0.16,0.08,0,0.06,0.01,7.967,0.08,2020-01-16T19:00:00Z,111,22.5,156960,6600,0.0763888888888889,1.524,23.78181818181818,0.7082629198513523,4444612.30512,4444.61230512,0.00500000016,0.001524,673.4261068363636,0.6734261068363636,0.0034391686957820403,0.01128336222386955,0.687833717145729,58184015.63066181,6461760,510241.492627776,30490.0404131232,157783.73683175998,711.1379688192,355.5689844096,0,266.67673830719997,44.4461230512,35410.22623489104,355.5689844096,510.241492627776,30.490040413123197,157.78373683176,0.7111379688192,0.3555689844096,0,0.26667673830719996,0.0444461230512,35.410226234891034,0.3555689844096,1.2033997467636226,0.07191047267246037,0.3721314547918868,0.0016772121906113208,8.386060953056604e-4,0,6.289545714792451e-4,1.0482576191320755e-4,0.08351468451625244,8.386060953056604e-4
1882,2020-01-16T20:45:00Z,SFC,116.1,6.95,66.1,0.463,0.05,0.093,0.26,0,NA,0.32,2020-01-16T20:50:00Z,112,24.7,14820,600,0.006944444444444445,0,24.7,NA,419655.67254,419.65567254,0,0,699.4261209,0.6994261209,3.2472273236168345e-4,0.0010653633292415055,Inf,60430416.845759995,0,48722.023581894,2916.606924153,27739.239954893997,194.30057638602,20.982783627,39.02797754622,109.1104748604,0,NA,134.2898152128,48.72202358189399,2.916606924153,27.739239954894,0.19430057638602,0.020982783627000002,0.03902797754622,0.1091104748604,0,NA,0.1342898152128,0.11491043297616507,0.006878789915455189,0.06542273574267453,4.582560763821226e-4,4.948769723349057e-5,9.204711685429245e-5,2.5733602561415093e-4,0,NA,3.1672126229433963e-4
1823,2020-01-16T21:00:00Z,SFC,117.4,6.88,30.6,0.19,0.04,0.01,0.07,0,7.215,0.14,2020-01-16T21:00:00Z,113,24.7,176940,7200,0.08333333333333334,0,24.575,0.12880570286640675,5010382.90818,5010.38290818,0,0,695.886515025,0.695886515025,0.0038769527843506256,0.012719661773008907,Inf,60124594.898159996,0,588218.953420332,34471.4344082784,153317.71699030802,951.9727525542,200.4153163272,50.1038290818,350.7268035726001,0,36149.9126825187,701.4536071452002,588.2189534203321,34.4714344082784,153.31771699030801,0.9519727525542,0.2004153163272,0.0501038290818,0.35072680357260005,0,36.149912682518696,0.7014536071452001,1.3873088524064436,0.0813005528497132,0.36159838912808495,0.0022452187560240565,4.726776328471698e-4,1.1816940821179245e-4,8.271858574825473e-4,0,0.08525922802480825,0.0016543717149650947
1826,2020-01-16T23:00:00Z,SFC,118.5,6.89,28.7,0.12,0.09,0.01,0.05,0,7.29,0.02,2020-01-16T23:00:00Z,114,24.3,103710,7200,0.08333333333333334,0,14.404166666666667,10.058053723110138,2936740.20237,2936.74020237,0,0,407.8805836625,0.4078805836625,0.002272401793065465,0.0074553866987609,Inf,35240882.42844,0,348003.71398084506,20234.1399943293,84284.443808019,352.4088242844,264.3066182133,29.367402023700002,146.83701011850002,0,21408.836075277304,58.734804047400004,348.003713980845,20.2341399943293,84.28444380801899,0.35240882428439996,0.26430661821330004,0.0293674020237,0.1468370101185,0,21.408836075277303,0.0587348040474,0.8207634763699175,0.0477220282885125,0.19878406558495046,8.311528874632075e-4,6.233646655974057e-4,6.926274062193397e-5,0.00034631370310966983,0,0.05049253791338987,1.3852548124386794e-4
1829,2020-01-17T01:00:00Z,SFC,119.7,6.9,29.9,0.323595506,0.07,0.008,0.07171031,0,8.145,0.25,2020-01-17T01:00:00Z,115,4.73,33438,7200,0.08333333333333334,0,4.644166666666667,0.0546822778891986,946858.729986,946.858729986,0,0,131.5081569425,0.1315081569425,7.326638815593773e-4,0.0024037529691752673,Inf,11362304.759831998,0,113338.98997932421,6533.3252369034,28311.0760265814,306.399229840337,66.28011109902,7.574869839888,67.89953305350235,0,7712.164355735969,236.7146824965,113.33898997932421,6.5333252369034005,28.3110760265814,0.306399229840337,0.06628011109902002,0.007574869839888,0.06789953305350235,0,7.71216435573597,0.2367146824965,0.2673089386304816,0.015408785936092925,0.06677140572306935,7.226396930196628e-4,1.5632101674297174e-4,1.786525905633962e-5,1.6014040814505272e-4,0,0.018189066876735778,5.582893455106132e-4
1832,2020-01-17T03:00:00Z,SFC,121.8,6.86,27.4,0.256179775,0.049,0.011,0.090511069,0,7.194,0.2,2020-01-17T03:00:00Z,116,4.53,32304,7200,0.08333333333333334,0,4.486666666666666,0.04249777177759568,914747.4254879999,914.747425488,0,0,127.04825353999999,0.12704825354,7.078166765325117e-4,0.0023222332650349254,Inf,10976969.105855998,0,111416.2364244384,6275.16733884768,25064.079458371198,234.33978964334509,44.822623848912,10.062221680368,82.79476734591671,0,6580.692978960671,182.9494850976,111.41623642443838,6.27516733884768,25.064079458371197,0.2343397896433451,0.044822623848912,0.010062221680367998,0.08279476734591672,0,6.580692978960672,0.1829494850976,0.2627741425104679,0.014799922968980379,0.05911339494898867,5.526881831210969e-4,1.0571373549271699e-4,2.3731654906528297e-5,1.9527067770263378e-4,0,0.015520502308869508,4.31484634664151e-4
1835,2020-01-17T05:00:00Z,SFC,118.6,6.57,23.6,0.458426966,0.038,0.013,0.06544339,0,6.555,0.41,2020-01-17T05:00:00Z,117,4.41,31260,7200,0.08333333333333334,0,4.341666666666667,0.03880799667672395,885184.63722,885.18463722,0,0,122.942310725,0.122942310725,6.849414719046036e-4,0.0022471833786834997,Inf,10622215.646639999,0,104982.89797429199,5815.6630665354005,20890.357438392002,405.79250759057527,33.63701621436,11.50740028386,57.92948343559698,0,5802.3852969771,362.9257012602,104.982897974292,5.8156630665354,20.890357438392,0.4057925075905753,0.03363701621436,0.011507400283859999,0.05792948343559698,0,5.8023852969771,0.3629257012602,0.24760117446766983,0.01371618647767783,0.04926971093960378,9.570578009211681e-4,7.933258541122642e-5,2.7140095009103772e-5,1.3662614017829477e-4,0,0.013684870983436556,8.559568425948114e-4
1837,2020-01-17T07:00:00Z,SFC,120.2,6.74,26,NA,0.063,0,0.06544339,0.01,7.715,NA,2020-01-17T07:00:00Z,118,17.4,119940,7200,0.08333333333333334,0,16.65833333333333,0.4640892025018332,3396322.6291799997,3396.3226291799997,0,0,471.71147627499994,0.47171147627499993,0.0026280191983441507,0.008622110506695424,Inf,40755871.55015999,0,408237.98002743593,22891.214520673202,88304.38835868,NA,213.96832563833996,0,222.26686638725212,33.9632262918,26202.6290841237,NA,408.237980027436,22.891214520673202,88.30438835868,NA,0.21396832563833998,0,0.22226686638725213,0.0339632262918,26.202629084123696,NA,0.9628254245930093,0.05398871349215378,0.20826506688367924,NA,5.04642277448915e-4,0,5.242143075171041e-4,8.010194880141509e-5,0.061798653500291734,NA
1839,2020-01-17T09:00:00Z,SFC,128.8,6.86,23.4,0.323595506,0.018,0.002,0.06230993,0,5.741,0.3,2020-01-17T09:00:00Z,119,15.8,109020,7200,0.08333333333333334,0,15.141666666666666,0.435802985790876,3087102.6599399997,3087.1026599399997,0,0,428.76425832499996,0.428764258325,0.0023887498166039627,0.007837105948306946,Inf,37045231.91927999,0,397618.822600272,21177.5242471884,72238.20224259599,998.97254731723,55.567847878919984,6.1742053198799995,192.35715064367517,0,17723.056370715538,926.1307979819999,397.618822600272,21.1775242471884,72.23820224259599,0.9989725473172301,0.05556784787891999,0.0061742053198799995,0.19235715064367517,0,17.723056370715536,0.9261307979819999,0.9377802419817736,0.04994699114902925,0.17037311849668865,0.0023560673285783727,1.310562449974528e-4,1.456180499971698e-5,4.536725251030075e-4,0,0.04179966125168758,0.002184270749957547
1841,2020-01-17T11:00:00Z,SFC,128.4,6.74,26,0.194,0.032,0.002,0.276,0.01,6.138,0.16,2020-01-17T11:00:00Z,120,14.4,99360,7200,0.08333333333333334,0,13.8,0.37899388337592416,2813561.91792,2813.56191792,0,0,390.77248860000003,0.3907724886,0.0021770884404491812,0.007142678838963292,Inf,33762743.015039995,0,361261.35026092804,18963.407326780798,73152.60986591999,545.83101207648,90.03398137344,5.62712383584,776.5430893459201,28.1356191792,17269.64305219296,450.1699068672,361.26135026092805,18.9634073267808,73.15260986592,0.54583101207648,0.09003398137344,0.00562712383584,0.77654308934592,0.0281356191792,17.26964305219296,0.4501699068672,0.8520314864644529,0.04472501728014339,0.17252974024981133,0.0012873372926332075,2.1234429569207548e-4,1.3271518480754717e-5,0.001831469550344151,6.635759240377358e-5,0.04073029021743623,0.0010617214784603773
1843,2020-01-17T13:00:00Z,SFC,95.25,6.94,21.6,0.216,0.019,0.054,0.26,0,5.161,0.14,2020-01-17T13:00:00Z,121,13.1,90960,7200,0.08333333333333334,0,12.633333333333333,0.3366501646120693,2575700.40312,2575.70040312,0,0,357.7361671,0.3577361671,0.001993035069879806,0.006538829178664463,Inf,30908404.837439995,0,245335.46339718,17875.3607976528,55635.128707392,556.35128707392,48.93830765928,139.08782176848,669.6821048112,0,13293.18978050232,360.59805643680005,245.33546339717998,17.8753607976528,55.635128707392,0.55635128707392,0.04893830765928,0.13908782176848,0.6696821048112,0,13.293189780502319,0.36059805643680004,0.5786213759367452,0.042158869805784906,0.13121492619667924,0.0013121492619667925,1.1542053693226414e-4,3.2803731549169813e-4,0.0015794389264415095,0,0.03135186268986396,8.50467114237736e-4
1845,2020-01-17T15:00:00Z,SFC,128.7,6.77,23.2,0.277,0.021,0.05,0.303,0,2.95,0.21,2020-01-17T15:00:00Z,122,12,83520,7200,0.08333333333333334,0,11.6,0.27961011816781267,2365023.06144,2365.0230614399998,0,0,328.47542519999996,0.32847542519999995,0.0018300163702326452,0.006003990908114072,Inf,28380276.737279996,0,304378.468007328,16011.206125948798,54868.53502540799,655.11138801888,49.665484290239995,118.251153072,716.6019876163199,0,6976.818031248,496.65484290239993,304.37846800732797,16.0112061259488,54.868535025407994,0.65511138801888,0.049665484290239995,0.118251153072,0.7166019876163199,0,6.9768180312479995,0.4966548429024,0.7178737453003018,0.03776227859893585,0.12940692222973582,0.001545074028346415,1.171355761562264e-4,2.788942289433962e-4,0.0016900990273969808,0,0.016454759507660375,0.001171355761562264
1847,2020-01-17T17:00:00Z,SFC,110.9,6.81,23.2,0.359,0.099,0.059,0.281,0,3.239,0.2,2020-01-17T17:00:00Z,123,11.1,77280,7200,0.08333333333333334,0,10.733333333333334,0.25702257889260627,2188325.93616,2188.3259361600003,0,0,303.93415780000004,0.30393415780000005,0.0016932910092382523,0.0055554168747492276,Inf,26259911.233919997,0,242685.34632014402,14902.4996252496,50769.161718912,785.60901108144,216.64426767984,129.11123023344,614.9195880609601,0,7087.98770722224,437.66518723200005,242.68534632014402,14.9024996252496,50.769161718911995,0.78560901108144,0.21664426767984002,0.12911123023344,0.61491958806096,0,7.08798770722224,0.43766518723200004,0.5723710998116605,0.035147404776532075,0.1197385889596981,0.0018528514412298113,5.109534615090566e-4,3.0450761847509436e-4,0.001450282047313585,0,0.016716952139675095,0.0010322292151698114
1849,2020-01-17T19:00:00Z,SFC,125,6.81,21.2,0.309,0.072,0.043,0.287,0,2.911,0.19,2020-01-17T19:00:00Z,124,10.3,71706,7200,0.08333333333333334,0,9.9591666666666665,0.20860830338801048,2030487.8309819999,2030.4878309819999,0,0,282.0121987475,0.2820121987475,0.0015711584511961453,0.005154719493022361,Inf,24365853.971783996,0,253810.97887274998,13827.62212898742,43046.342016818395,627.420739773438,146.19512383070398,87.31097673222598,582.7500074918339,0,5910.750075988602,385.7926878865799,253.81097887274998,13.827622128987418,43.0463420168184,0.6274207397734379,0.146195123830704,0.08731097673222599,0.5827500074918339,0,5.910750075988602,0.38579268788657994,0.5986107992281839,0.032612316341951456,0.10152439154910001,0.0014797658956920705,3.4479982035543394e-4,2.0592211493449526e-4,0.0013744103950279103,0,0.01394044829242595,9.098884148268395e-4
1851,2020-01-17T21:00:00Z,SFC,132.1,6.6,22.7,0.295,0.085,0.044,0.287,0.01,5.164,0.17,2020-01-17T21:00:00Z,125,9.6,66978,7200,0.08333333333333334,0,9.3025,0.18931095151532157,1896605.778366,1896.6057783659999,0,0,263.4174692175,0.26341746921750003,0.0014675626969042398,0.004814838398511306,Inf,22759269.340391997,0,250541.6233221486,12517.5981372156,43052.95116890819,559.4987046179699,161.21149116111,83.45065424810399,544.325858391042,18.96605778366,9794.072239482022,322.42298232222,250.54162332214858,12.5175981372156,43.052951168908194,0.5594987046179699,0.16121149116111,0.083450654248104,0.544325858391042,0.01896605778366,9.794072239482023,0.32242298232222,0.5909000550050674,0.02952263711607453,0.10153997917195329,0.0013195724165518158,3.8021578104035375e-4,1.968175807738302e-4,0.001283787401865665,4.473126835768868e-5,0.02309922697991043,7.604315620807075e-4
1853,2020-01-17T23:00:00Z,SFC,130.6,6.7,25,0.291,0.061,0.057,0.268,0,5.441,0.17,2020-01-17T23:00:00Z,126,8.97,116010,7200,0.08333333333333334,0,16.1125,7.5966357685491275,3285037.42047,3285.0374204699997,0,0,456.2551972875,0.45625519728749997,0.0025419085142563357,0.008339595129912756,Inf,39420449.04563999,0,429025.887113382,22009.750717149,82125.93551175,955.9458893567698,200.38728264866998,187.24713296679,880.39002868596,0,17873.88860477727,558.4563614799,429.025887113382,22.009750717149,82.12593551175,0.9559458893567698,0.20038728264866998,0.18724713296679,0.88039002868596,0,17.873888604777267,0.5584563614799,1.011853507342882,0.05190978942723821,0.19369324413148586,0.002254589361690495,4.726115156808254e-4,4.4162059661978774e-4,0.002076391577089528,0,0.04215539765277657,0.0013171140600941036
1855,2020-01-18T01:00:00Z,SFC,129.8,6.68,20.9,0.384,0.065,0.052,0.273,0,5.007,0.27,2020-01-18T01:00:00Z,127,22.8,159120,7200,0.08333333333333334,0,22.1,0.5045249791095133,4505776.694639999,4505.77669464,0,0,625.8023187,0.6258023187,0.0034864967053570223,0.011438637850803533,Inf,54069320.335679986,0,584849.814964272,30098.588320195195,94170.73291797598,1730.2182507417597,292.8754851516,234.30038812127995,1230.07703763672,0,22560.423910062476,1216.5597075527999,584.849814964272,30.098588320195194,94.17073291797598,1.7302182507417598,0.2928754851516,0.23430038812127996,1.2300770376367198,0,22.560423910062475,1.2165597075527999,1.379362771142151,0.07098723660423395,0.2221007851839056,0.004080703421560754,6.907440687537736e-4,5.525952550030187e-4,0.0029011250887658485,0,0.053208546957694516,0.002869244593284905
1857,2020-01-18T03:00:00Z,SFC,133,6.69,23.5,0.262,0.009,0.053,0.284,0,5.369,0.2,2020-01-18T03:00:00Z,128,21.2,2580774,492000,5.694444444444445,29.464,5.245475609756098,3.414060547124027,73079382.499578,73079.382499578,0.09666666976,0.029464,148.53533028369512,0.14853533028369512,0.056547637306882004,0.18552375038191074,0.5849755396278379,12833452.536511257,124927359.99999999,9719557.872443873,488901.06892217684,1717365.488740083,19146.798214889437,657.714442496202,3873.207272477634,20754.544629880147,0,392363.20464023424,14615.8764999156,9719.557872443875,488.9010689221768,1717.365488740083,19.146798214889436,0.6577144424962019,3.8732072724776336,20.754544629880147,0,392.36320464023424,14.6158764999156,22.923485548216686,1.1530685587787188,4.0503903036322715,0.0451575429596449,0.001551213307774061,0.009134922812447249,0.04894939771198148,0,0.9253849166043261,0.03447140683942359
1902,2020-01-23T19:42:00Z,SFC,120.7,6.84,15.7,0.635,0.081,0.038,0.29,0.02,4.845,0.52,2020-01-23T19:40:00Z,129,4.36,608736,156000,1.8055555555555556,14.985999999999999,3.9021538461538463,1.0345640415956647,17237484.175392,17237.484175391997,0.049166668239999996,0.014986,110.496693432,0.110496693432,0.013338084831776096,0.043760122239484285,0.2712830726432013,9546914.3125248,63540640,2080564.3399698143,117904.39175968127,270628.5015536544,10945.80245137392,1396.2362182067518,655.0243986648959,4998.870410863679,344.74968350783996,83515.61082977423,8963.49177120384,2080.5643399698142,117.90439175968127,270.62850155365436,10.94580245137392,1.3962362182067518,0.6550243986648959,4.998870410863679,0.34474968350783997,83.51561082977423,8.96349177120384,4.906991367853335,0.27807639565962566,0.6382747678152225,0.025815571819278113,0.00329300994860083,0.001544868864775698,0.011789788704867169,8.130888761977358e-4,0.1969707802589015,0.02114031078114113
1904,2020-01-25T15:00:00Z,SFC,150.7,6.79,9.61,0.474,0.061,0,0.287,0.01,4.591,0.41,2020-01-25T15:00:00Z,130,2.78,58728,21600,0.25,15.748,2.718888888888889,0.037779645145257564,1662991.7906159998,1662.991790616,0.05166666832,0.015747999999999998,76.99036067666667,0.07699036067666667,0.0012867959936664606,0.004221771767860671,0.024905728112690134,6651967.162463999,66771520,250612.86284583114,11291.714258282638,15981.351107819759,788.2581087519839,101.442499227576,0,477.2786439067919,16.629917906159996,7634.795310718056,681.8266341525599,250.61286284583116,11.291714258282639,15.981351107819759,0.7882581087519839,0.10144249922757599,0,0.4772786439067919,0.01662991790616,7.634795310718056,0.68182663415256,0.5910680727496018,0.026631401552553394,0.03769186582032962,0.0018590993130943017,2.392511774235283e-4,0,0.0011256571790254526,3.922150449566037e-5,0.01800659271395768,0.0016080816843220753
1907,2020-01-25T21:00:00Z,SFC,144.6,6.83,9.52,0.503,0.119,0,0.265,0.01,8.426,0.38,2020-01-25T21:00:00Z,131,2.66,68502,21600,0.25,15.24,3.171388888888889,0.34526306970422893,1939760.653194,1939.760653194,0.0500000016,0.01524,89.80373394416667,0.08980373394416667,0.001500955236993255,0.004924393979736951,0.030019103779253778,7759042.612776,64617600,280489.3904518524,13248.56526131502,18466.52141840688,975.699608556582,230.831517730086,0,514.03657309641,19.39760653194,16344.423263812645,737.1090482137199,280.4893904518524,13.24856526131502,18.466521418406877,0.975699608556582,0.230831517730086,0,0.51403657309641,0.01939760653194,16.344423263812644,0.7371090482137199,0.6615315812543688,0.031246616182346747,0.04355311655284641,0.0023011783220674106,5.444139569105802e-4,0,0.00121235040824625,4.5749072009292455e-5,0.03854816807502982,0.001738464736353113
1910,2020-01-26T03:00:00Z,SFC,132.7,6.84,19.4,0.556,0.085,0.13,0.229,0.02,10.383,0.34,2020-01-26T03:00:00Z,132,3.05,695472,43200,0.5,0.762,16.09888888888889,10.299005771180264,19693574.216784,19693.574216784,0.00250000008,7.62e-4,455.8697735366667,0.4558697735366667,0.01523856734959816,0.04999530130325562,6.095426744785607,39387148.433568,3230880,2613337.2985672364,134704.04764280256,382055.3398056096,10949.627264531904,1673.9538084266403,2560.16464818192,4509.828495643536,393.87148433568,204478.38109286828,6695.815233706561,2613.3372985672363,134.70404764280258,382.0553398056096,10.949627264531905,1.6739538084266403,2.56016464818192,4.509828495643537,0.39387148433568003,204.47838109286826,6.695815233706561,6.163531364545369,0.3176982255726476,0.9010739146358717,0.02582459260502808,0.00394800426515717,0.006038124170240377,0.010636387961423435,9.289421800369812e-4,0.48226033276619873,0.01579201706062868
1915,2020-01-26T15:00:00Z,SFC,111.8,6.86,30.5,0.438,0.056,0.105,0.281,0,10.732,0.28,2020-01-26T15:00:00Z,133,29.1,577680,21600,0.25,0,26.744444444444444,1.7423210208461986,16358076.17496,16358.07617496,0,0,757.3183414333333,0.7573183414333333,0.012657613227442462,0.04152760378112233,Inf,65432304.69984,0,1828832.916360528,112216.4025602256,498921.32333628,7164.83736463248,916.05226579776,1717.5979983708,4596.61940516376,0,175554.8735096707,4580.2613289888,1828.832916360528,112.2164025602256,498.92132333628,7.16483736463248,0.91605226579776,1.7175979983707998,4.59661940516376,0,175.5548735096707,4.580261328988801,4.313285180095585,0.26466132679298493,1.1767012342836793,0.01689820133168038,0.0021605006268815095,0.00405093867540283,0.010841083502744717,0,0.41404451299450634,0.010802503134407549
1918,2020-01-26T21:00:00Z,SFC,110.7,6.88,24.5,0.262,0.027,0.065,0.271,0.02,9.446,0.17,2020-01-26T21:00:00Z,134,23.5,306096,21600,0.25,2.54,14.171111111111111,8.005043330935738,8667673.599312,8667.673599312,0.008333333600000001,0.00254,401.2811851533333,0.40128118515333333,0.006706904823548033,0.02200428162128933,0.8048285530712502,34670694.397248,10769600,959511.4674438385,59633.59436326656,212358.003183144,2270.930483019744,234.027187181424,563.39878395528,2348.9395454135524,173.35347198624,81874.84481910116,1473.50451188304,959.5114674438385,59.63359436326656,212.358003183144,2.270930483019744,0.234027187181424,0.56339878395528,2.348939545413552,0.17335347198624002,81.87484481910116,1.47350451188304,2.262998743971317,0.14064526972468527,0.5008443471300567,0.005355968120329585,5.519509131637359e-4,0.0013287707168756603,0.005539951758050831,4.08852528269434e-4,0.19310104910165368,0.003475246490290189
1921,2020-01-27T03:00:00Z,SFC,121.8,6.85,22.7,0.28,0.072,0.04,0.265,0,9.213,0.17,2020-01-27T03:00:00Z,135,9.12,266904,21600,0.25,2.032,12.356666666666667,1.666855036974036,7557879.731687999,7557.879731687999,0.006666666880000001,0.002032,349.90183943,0.34990183943000003,0.005848164383148635,0.019186891634809366,0.877224629401107,30231518.926751997,8615680,920549.7513195983,51771.47616206279,171563.86990931758,2116.20632487264,544.1673406815358,302.31518926752,2002.83812889732,0,69630.74596804152,1284.83955438696,920.5497513195983,51.7714761620628,171.5638699093176,2.11620632487264,0.5441673406815359,0.30231518926752,2.00283812889732,0,69.63074596804152,1.28483955438696,2.1711079040556562,0.12210253811807263,0.4046317686540509,0.004991052653001509,0.0012834135393432452,7.130075218573584e-4,0.004723674832305,0,0.16422345747179604,0.0030302819678937735
1924,2020-01-27T09:00:00Z,SFC,100,6.91,22.2,0.219,0.043,0.026,0.236,0,8.906,0.15,2020-01-27T09:00:00Z,136,13.6,265200,21600,0.25,1.016,12.277777777777779,0.7525617624814633,7509627.824399999,7509.6278244,0.0033333334400000004,0.001016,347.66795483333334,0.34766795483333335,0.005810827842261704,0.019064396418005888,1.7432482968945655,30038511.297599997,4307840,750962.78244,51891.528266604,166713.73770168,1644.6084935436,322.9139964492,195.25032343439997,1772.2721665583997,0,66880.7454041064,1126.44417366,750.96278244,51.891528266604,166.71373770167997,1.6446084935436,0.3229139964492,0.19525032343439996,1.7722721665583998,0,66.8807454041064,1.12644417366,1.7711386378301885,0.12238567987406604,0.39319277759830185,0.0038787936168481136,7.615896142669812e-4,4.6049604583584897e-4,0.004179887185279245,0,0.1577376070851566,0.0026567079567452827
1927,2020-01-27T15:00:00Z,SFC,119.1,6.91,20.5,0.198,0.039,0.001,0.257,0.01,9.531,0.16,2020-01-27T15:00:00Z,137,11.1,220632,21600,0.25,2.794,10.214444444444444,0.5061701828123165,6247602.587304,6247.602587304,0.00916666696,0.002794,289.2408605233333,0.2892408605233333,0.004834293244697904,0.01586054264893467,0.5273774280000573,24990410.349216,11846560,744089.4681479064,43170.93387827064,128075.853039732,1237.025312286192,243.656500904856,6.247602587304,1605.633864937128,62.47602587304,59545.900259594426,999.61641396864,744.0894681479064,43.17093387827064,128.07585303973198,1.237025312286192,0.243656500904856,0.006247602587304,1.605633864937128,0.06247602587304,59.545900259594426,0.99961641396864,1.7549279909148734,0.10181824027894018,0.3020656911314433,0.002917512528976868,5.746615587378679e-4,1.4734911762509434e-5,0.0037868723229649245,1.4734911762509433e-4,0.1404384440084774,0.0023575858820015093
1931,2020-01-27T21:00:00Z,SFC,118.5,6.94,19.8,0.241,0.023,0.004,0.254,0,7.494,0.21,2020-01-27T21:00:00Z,138,9.37,302214,21600,0.25,2.54,13.991388888888888,5.03099090085089,8557747.599258,8557.747599258,0.008333333600000001,0.00254,396.1920184841666,0.39619201848416663,0.00662184587300633,0.021725216813994086,0.7946214793328722,34230990.397032,10769600,1014093.090512073,59390.76833885052,169443.4024653084,2062.417171421178,196.82819478293402,34.230990397032,2173.667890211532,0,64131.76050883945,1797.12699584418,1014.093090512073,59.39076833885052,169.4434024653084,2.062417171421178,0.196828194782934,0.034230990397032,2.173667890211532,0,64.13176050883945,1.79712699584418,2.391728987056776,0.1400725668369116,0.39963066619176507,0.0048641914420310805,4.6421744052578773e-4,8.07334679175283e-5,0.005126575212763047,0,0.15125415214348928,0.004238507065670236
1935,2020-01-28T03:00:00Z,SFC,122.3,6.81,18.3,0.223,0.054,0.001,0.241,0.01,9.019,0.17,2020-01-28T03:00:00Z,139,17.5,287490,21600,0.25,6.35,13.309722222222222,3.9804856029033235,8140810.344029999,8140.810344029999,0.020833334,0.00635,376.88936777916666,0.37688936777916665,0.0062992266077368676,0.020666754623727423,0.3023628674957579,32563241.376119997,26924000,995621.1050748689,55438.9184428443,148976.829295749,1815.40070671869,439.60375857761994,8.14081034403,1961.93529291123,81.4081034403,73421.96849280657,1383.9377584851,995.6211050748689,55.4389184428443,148.97682929574898,1.81540070671869,0.43960375857761996,0.008140810344029999,1.96193529291123,0.0814081034403,73.42196849280657,1.3839377584851,2.3481629836671436,0.1307521661387837,0.3513604464522382,0.004281605440374268,0.0010368013174000472,1.9200024396297166e-5,0.0046272058795076175,1.920002439629717e-4,0.17316502003020418,0.003264004147370519
1938,2020-01-28T09:00:00Z,SFC,109.1,6.6,16.5,0.219,0.05,0.006,0.241,0.01,7.771,0.16,2020-01-28T09:00:00Z,140,7.73,176832,22200,0.2569444444444445,0,7.965405405405406,0.3622813102379804,5007324.688704,5007.3246887039995,0,0,225.55516615783785,0.22555516615783786,0.0038745863838718763,0.012711897991662207,Inf,19487966.356037185,0,546299.1235376063,33048.3429454464,82620.857363616,1096.604106826176,250.3662344352,30.043948132224,1206.7652499776639,50.07324688704,38911.920155918786,801.17195019264,546.2991235376063,33.0483429454464,82.62085736361601,1.096604106826176,0.2503662344352,0.030043948132224,1.2067652499776638,0.05007324688704,38.911920155918786,0.80117195019264,1.288441329098128,0.07794420506001509,0.19486051265003776,0.002586330440627774,5.904864019698114e-4,7.085836823637736e-5,0.00284614445749449,1.1809728039396226e-4,0.09177339659414809,0.0018895564863033961
1941,2020-01-28T15:00:00Z,SFC,112.1,6.87,16.3,0.234,0.034,0.012,0.236,0.01,7.503,0.19,2020-01-28T15:00:00Z,140,7.73,176832,22200,0.2569444444444445,0,7.965405405405406,0.3622813102379804,5007324.688704,5007.3246887039995,0,0,225.55516615783785,0.22555516615783786,0.0038745863838718763,0.012711897991662207,Inf,19487966.356037185,0,561321.0976037184,34400.32061139648,81619.39242587521,1171.713977156736,170.249039415936,60.087896264448,1181.728626534144,50.07324688704,37569.95713934611,951.39169085376,561.3210976037184,34.400320611396474,81.6193924258752,1.171713977156736,0.17024903941593603,0.060087896264448,1.181728626534144,0.05007324688704,37.56995713934611,0.95139169085376,1.3238705132163169,0.08113283163065206,0.1924985670421585,0.0027634763612187168,4.0153075333947174e-4,1.4171673647275473e-4,0.0027870958172975095,1.1809728039396226e-4,0.08860838947958988,0.002243848327485283
